{"type":"FeatureCollection","features":[{"type":"Feature","geometry":{"type":"Point","coordinates":[26.014361,44.437943]},"properties":{"name":"Complex Apusului","band":0,"modes":"bus","arr":["61","178"],"off":[0,-0.8]}},{"type":"Feature","geometry":{"type":"Point","coordinates":[26.014361,44.437943]},"properties":{"line":"61","mode":"bus","color":"#149a3f","colorDark":"#0a5121","band":0,"off":[-1.7,1.1]}},{"type":"Feature","geometry":{"type":"Point","coordinates":[26.014361,44.437943]},"properties":{"line":"178","mode":"bus","color":"#0059a9","colorDark":"#00294f","band":0,"off":[1.7,1.1]}},{"type":"Feature","geometry":{"type":"Point","coordinates":[26.103531,44.436263]},"properties":{"name":"Piața Rosetti","band":0,"modes":"bus","arr":["61","122","137"],"off":[0,-0.8]}},{"type":"Feature","geometry":{"type":"Point","coordinates":[26.103531,44.436263]},"properties":{"name":"Piața 21 Decembrie 1989","band":0,"modes":"bus","arr":["61","122","137"],"off":[0,-1.9]}},{"type":"Feature","geometry":{"type":"Point","coordinates":[26.103531,44.436263]},"properties":{"line":"61","mode":"bus","color":"#149a3f","colorDark":"#0a5121","band":0,"off":[-3.4,1.1]}},{"type":"Feature","geometry":{"type":"Point","coordinates":[26.103531,44.436263]},"properties":{"line":"122","mode":"bus","color":"#0059a9","colorDark":"#00294f","band":0,"off":[0,1.1]}},{"type":"Feature","geometry":{"type":"Point","coordinates":[26.103531,44.436263]},"properties":{"line":"137","mode":"bus","color":"#0059a9","colorDark":"#00294f","band":0,"off":[3.4,1.1]}},{"type":"Feature","geometry":{"type":"Point","coordinates":[26.076445,44.434479]},"properties":{"name":"Piața Operei","band":0,"modes":"bus,metro","arr":["104","163","M5"],"off":[0,-0.8]}},{"type":"Feature","geometry":{"type":"Point","coordinates":[26.076445,44.434479]},"properties":{"name":"Eroilor 2 (M5)","band":0,"modes":"bus,metro","arr":["104","163","M5"],"off":[0,-1.9]}},{"type":"Feature","geometry":{"type":"Point","coordinates":[26.076445,44.434479]},"properties":{"line":"104","mode":"bus","color":"#0059a9","colorDark":"#00294f","band":0,"off":[-3.4,1.1]}},{"type":"Feature","geometry":{"type":"Point","coordinates":[26.076445,44.434479]},"properties":{"line":"163","mode":"bus","color":"#0059a9","colorDark":"#00294f","band":0,"off":[0,1.1]}},{"type":"Feature","geometry":{"type":"Point","coordinates":[26.076445,44.434479]},"properties":{"line":"M5","mode":"tram","color":"#F7951E","colorDark":"#885211","band":0,"metro":1,"off":[3.4,1.1]}},{"type":"Feature","geometry":{"type":"Point","coordinates":[25.976223,44.435477]},"properties":{"name":"Colegiul Tehnic Iuliu Maniu","band":0,"modes":"bus","arr":["62","N115"],"off":[0,-0.8]}},{"type":"Feature","geometry":{"type":"Point","coordinates":[25.976223,44.435477]},"properties":{"line":"62","mode":"bus","color":"#149a3f","colorDark":"#0a5121","band":0,"off":[-1.7,1.1]}},{"type":"Feature","geometry":{"type":"Point","coordinates":[25.976223,44.435477]},"properties":{"line":"N115","mode":"bus","color":"#000000","colorDark":"#000000","band":0,"off":[1.7,1.1]}},{"type":"Feature","geometry":{"type":"Point","coordinates":[26.002737,44.433285]},"properties":{"name":"Valea Cascadelor","band":0,"modes":"bus","arr":["63","322","429","431","432","433","478"],"off":[0,-0.8]}},{"type":"Feature","geometry":{"type":"Point","coordinates":[26.002737,44.433285]},"properties":{"name":"Master","band":0,"modes":"bus","arr":["63","322","429","431","432","433","478"],"off":[0,-1.9]}},{"type":"Feature","geometry":{"type":"Point","coordinates":[26.002737,44.433285]},"properties":{"name":"Bd. Preciziei","band":0,"modes":"bus","arr":["63","322","429","431","432","433","478"],"off":[0,-3]}},{"type":"Feature","geometry":{"type":"Point","coordinates":[26.002737,44.433285]},"properties":{"line":"63","mode":"bus","color":"#149a3f","colorDark":"#0a5121","band":0,"off":[-6.8,1.1]}},{"type":"Feature","geometry":{"type":"Point","coordinates":[26.002737,44.433285]},"properties":{"line":"322","mode":"bus","color":"#0059a9","colorDark":"#00294f","band":0,"off":[-3.4,1.1]}},{"type":"Feature","geometry":{"type":"Point","coordinates":[26.002737,44.433285]},"properties":{"line":"429","mode":"bus","color":"#0059a9","colorDark":"#00294f","band":0,"off":[0,1.1]}},{"type":"Feature","geometry":{"type":"Point","coordinates":[26.002737,44.433285]},"properties":{"line":"431","mode":"bus","color":"#0059a9","colorDark":"#00294f","band":0,"off":[3.4,1.1]}},{"type":"Feature","geometry":{"type":"Point","coordinates":[26.002737,44.433285]},"properties":{"line":"432","mode":"bus","color":"#0059a9","colorDark":"#00294f","band":0,"off":[6.8,1.1]}},{"type":"Feature","geometry":{"type":"Point","coordinates":[26.002737,44.433285]},"properties":{"line":"433","mode":"bus","color":"#0059a9","colorDark":"#00294f","band":0,"off":[-1.7,3.1]}},{"type":"Feature","geometry":{"type":"Point","coordinates":[26.002737,44.433285]},"properties":{"line":"478","mode":"bus","color":"#0059a9","colorDark":"#00294f","band":0,"off":[1.7,3.1]}},{"type":"Feature","geometry":{"type":"Point","coordinates":[26.074024,44.446384]},"properties":{"name":"Gara de Nord 2 (M4)","band":0,"modes":"bus,metro","arr":["62","85","96","182","M4"],"off":[0,-0.8]}},{"type":"Feature","geometry":{"type":"Point","coordinates":[26.074024,44.446384]},"properties":{"name":"Gara de Nord","band":0,"modes":"bus,metro","arr":["62","85","96","182","M4"],"off":[0,-3]}},{"type":"Feature","geometry":{"type":"Point","coordinates":[26.074024,44.446384]},"properties":{"line":"62","mode":"bus","color":"#149a3f","colorDark":"#0a5121","band":0,"off":[-6.8,1.1]}},{"type":"Feature","geometry":{"type":"Point","coordinates":[26.074024,44.446384]},"properties":{"line":"85","mode":"bus","color":"#149a3f","colorDark":"#0a5121","band":0,"off":[-3.4,1.1]}},{"type":"Feature","geometry":{"type":"Point","coordinates":[26.074024,44.446384]},"properties":{"line":"96","mode":"bus","color":"#149a3f","colorDark":"#0a5121","band":0,"off":[0,1.1]}},{"type":"Feature","geometry":{"type":"Point","coordinates":[26.074024,44.446384]},"properties":{"line":"182","mode":"bus","color":"#0059a9","colorDark":"#00294f","band":0,"off":[3.4,1.1]}},{"type":"Feature","geometry":{"type":"Point","coordinates":[26.074024,44.446384]},"properties":{"line":"M4","mode":"tram","color":"#3C746B","colorDark":"#21403b","band":0,"metro":1,"off":[6.8,1.1]}},{"type":"Feature","geometry":{"type":"Point","coordinates":[26.090694,44.43302]},"properties":{"name":"Pod Izvor","band":0,"modes":"bus","arr":["63"],"off":[0,-0.8]}},{"type":"Feature","geometry":{"type":"Point","coordinates":[26.090694,44.43302]},"properties":{"line":"63","mode":"bus","color":"#149a3f","colorDark":"#0a5121","band":0,"off":[0,1.1]}},{"type":"Feature","geometry":{"type":"Point","coordinates":[26.156195,44.466775]},"properties":{"name":"Spitalul Fundeni","band":0,"modes":"bus","arr":["66","253"],"off":[0,-0.8]}},{"type":"Feature","geometry":{"type":"Point","coordinates":[26.156195,44.466775]},"properties":{"line":"66","mode":"bus","color":"#149a3f","colorDark":"#0a5121","band":0,"off":[-1.7,1.1]}},{"type":"Feature","geometry":{"type":"Point","coordinates":[26.156195,44.466775]},"properties":{"line":"253","mode":"bus","color":"#0059a9","colorDark":"#00294f","band":0,"off":[1.7,1.1]}},{"type":"Feature","geometry":{"type":"Point","coordinates":[26.125678,44.449696]},"properties":{"name":"Bucur Obor","band":0,"modes":"bus","arr":["101","143","409","409B","411","412","413","417","467","468","468B"],"off":[0,-0.8]}},{"type":"Feature","geometry":{"type":"Point","coordinates":[26.125678,44.449696]},"properties":{"line":"101","mode":"bus","color":"#0059a9","colorDark":"#00294f","band":0,"off":[-6.8,1.1]}},{"type":"Feature","geometry":{"type":"Point","coordinates":[26.125678,44.449696]},"properties":{"line":"143","mode":"bus","color":"#0059a9","colorDark":"#00294f","band":0,"off":[-3.4,1.1]}},{"type":"Feature","geometry":{"type":"Point","coordinates":[26.125678,44.449696]},"properties":{"line":"409","mode":"bus","color":"#0059a9","colorDark":"#00294f","band":0,"off":[0,1.1]}},{"type":"Feature","geometry":{"type":"Point","coordinates":[26.125678,44.449696]},"properties":{"line":"409B","mode":"bus","color":"#0059a9","colorDark":"#00294f","band":0,"off":[3.4,1.1]}},{"type":"Feature","geometry":{"type":"Point","coordinates":[26.125678,44.449696]},"properties":{"line":"411","mode":"bus","color":"#0059a9","colorDark":"#00294f","band":0,"off":[6.8,1.1]}},{"type":"Feature","geometry":{"type":"Point","coordinates":[26.125678,44.449696]},"properties":{"line":"412","mode":"bus","color":"#0059a9","colorDark":"#00294f","band":0,"off":[-6.8,3.1]}},{"type":"Feature","geometry":{"type":"Point","coordinates":[26.125678,44.449696]},"properties":{"line":"413","mode":"bus","color":"#0059a9","colorDark":"#00294f","band":0,"off":[-3.4,3.1]}},{"type":"Feature","geometry":{"type":"Point","coordinates":[26.125678,44.449696]},"properties":{"line":"417","mode":"bus","color":"#0059a9","colorDark":"#00294f","band":0,"off":[0,3.1]}},{"type":"Feature","geometry":{"type":"Point","coordinates":[26.125678,44.449696]},"properties":{"line":"467","mode":"bus","color":"#0059a9","colorDark":"#00294f","band":0,"off":[3.4,3.1]}},{"type":"Feature","geometry":{"type":"Point","coordinates":[26.125678,44.449696]},"properties":{"line":"468","mode":"bus","color":"#0059a9","colorDark":"#00294f","band":0,"off":[6.8,3.1]}},{"type":"Feature","geometry":{"type":"Point","coordinates":[26.125678,44.449696]},"properties":{"line":"468B","mode":"bus","color":"#0059a9","colorDark":"#00294f","band":0,"off":[0,5.1]}},{"type":"Feature","geometry":{"type":"Point","coordinates":[26.083946,44.436241]},"properties":{"name":"Vasile Pârvan","band":0,"modes":"bus","arr":["66","642"],"off":[0,-0.8]}},{"type":"Feature","geometry":{"type":"Point","coordinates":[26.083946,44.436241]},"properties":{"line":"66","mode":"bus","color":"#149a3f","colorDark":"#0a5121","band":0,"off":[-1.7,1.1]}},{"type":"Feature","geometry":{"type":"Point","coordinates":[26.083946,44.436241]},"properties":{"line":"642","mode":"bus","color":"#0059a9","colorDark":"#00294f","band":0,"off":[1.7,1.1]}},{"type":"Feature","geometry":{"type":"Point","coordinates":[26.015671,44.415739]},"properties":{"name":"Valea Argeșului","band":0,"modes":"bus","arr":["69","N121"],"off":[0,-0.8]}},{"type":"Feature","geometry":{"type":"Point","coordinates":[26.015671,44.415739]},"properties":{"line":"69","mode":"bus","color":"#149a3f","colorDark":"#0a5121","band":0,"off":[-1.7,1.1]}},{"type":"Feature","geometry":{"type":"Point","coordinates":[26.015671,44.415739]},"properties":{"line":"N121","mode":"bus","color":"#000000","colorDark":"#000000","band":0,"off":[1.7,1.1]}},{"type":"Feature","geometry":{"type":"Point","coordinates":[26.169542,44.436129]},"properties":{"name":"Bd. Basarabia","band":0,"modes":"bus","arr":["69","455"],"off":[0,-0.8]}},{"type":"Feature","geometry":{"type":"Point","coordinates":[26.169542,44.436129]},"properties":{"line":"69","mode":"bus","color":"#149a3f","colorDark":"#0a5121","band":0,"off":[-1.7,1.1]}},{"type":"Feature","geometry":{"type":"Point","coordinates":[26.169542,44.436129]},"properties":{"line":"455","mode":"bus","color":"#0059a9","colorDark":"#00294f","band":0,"off":[1.7,1.1]}},{"type":"Feature","geometry":{"type":"Point","coordinates":[26.033525,44.418157]},"properties":{"name":"Parcul Drumul Taberei","band":0,"modes":"bus","arr":["222","322","485"],"off":[0,-0.8]}},{"type":"Feature","geometry":{"type":"Point","coordinates":[26.033525,44.418157]},"properties":{"line":"222","mode":"bus","color":"#0059a9","colorDark":"#00294f","band":0,"off":[-3.4,1.1]}},{"type":"Feature","geometry":{"type":"Point","coordinates":[26.033525,44.418157]},"properties":{"line":"322","mode":"bus","color":"#0059a9","colorDark":"#00294f","band":0,"off":[0,1.1]}},{"type":"Feature","geometry":{"type":"Point","coordinates":[26.033525,44.418157]},"properties":{"line":"485","mode":"bus","color":"#0059a9","colorDark":"#00294f","band":0,"off":[3.4,1.1]}},{"type":"Feature","geometry":{"type":"Point","coordinates":[26.120579,44.377291]},"properties":{"name":"Turnu Măgurele","band":0,"modes":"bus","arr":["72","312","N106"],"off":[0,-0.8]}},{"type":"Feature","geometry":{"type":"Point","coordinates":[26.120579,44.377291]},"properties":{"name":"Bd. Alexandru Obregia","band":0,"modes":"bus","arr":["72","312","N106"],"off":[0,-1.9]}},{"type":"Feature","geometry":{"type":"Point","coordinates":[26.120579,44.377291]},"properties":{"line":"72","mode":"bus","color":"#149a3f","colorDark":"#0a5121","band":0,"off":[-3.4,1.1]}},{"type":"Feature","geometry":{"type":"Point","coordinates":[26.120579,44.377291]},"properties":{"line":"312","mode":"bus","color":"#0059a9","colorDark":"#00294f","band":0,"off":[0,1.1]}},{"type":"Feature","geometry":{"type":"Point","coordinates":[26.120579,44.377291]},"properties":{"line":"N106","mode":"bus","color":"#000000","colorDark":"#000000","band":0,"off":[3.4,1.1]}},{"type":"Feature","geometry":{"type":"Point","coordinates":[26.122289,44.392595]},"properties":{"name":"Piața Sudului","band":0,"modes":"bus","arr":["216","438","439","440","475","479"],"off":[0,-0.8]}},{"type":"Feature","geometry":{"type":"Point","coordinates":[26.122289,44.392595]},"properties":{"line":"216","mode":"bus","color":"#0059a9","colorDark":"#00294f","band":0,"off":[-6.8,1.1]}},{"type":"Feature","geometry":{"type":"Point","coordinates":[26.122289,44.392595]},"properties":{"line":"438","mode":"bus","color":"#0059a9","colorDark":"#00294f","band":0,"off":[-3.4,1.1]}},{"type":"Feature","geometry":{"type":"Point","coordinates":[26.122289,44.392595]},"properties":{"line":"439","mode":"bus","color":"#0059a9","colorDark":"#00294f","band":0,"off":[0,1.1]}},{"type":"Feature","geometry":{"type":"Point","coordinates":[26.122289,44.392595]},"properties":{"line":"440","mode":"bus","color":"#0059a9","colorDark":"#00294f","band":0,"off":[3.4,1.1]}},{"type":"Feature","geometry":{"type":"Point","coordinates":[26.122289,44.392595]},"properties":{"line":"475","mode":"bus","color":"#0059a9","colorDark":"#00294f","band":0,"off":[6.8,1.1]}},{"type":"Feature","geometry":{"type":"Point","coordinates":[26.122289,44.392595]},"properties":{"line":"479","mode":"bus","color":"#0059a9","colorDark":"#00294f","band":0,"off":[0,3.1]}},{"type":"Feature","geometry":{"type":"Point","coordinates":[26.121214,44.403972]},"properties":{"name":"Costache Stamate","band":0,"modes":"bus","arr":["72","76"],"off":[0,-0.8]}},{"type":"Feature","geometry":{"type":"Point","coordinates":[26.121214,44.403972]},"properties":{"line":"72","mode":"bus","color":"#149a3f","colorDark":"#0a5121","band":0,"off":[-1.7,1.1]}},{"type":"Feature","geometry":{"type":"Point","coordinates":[26.121214,44.403972]},"properties":{"line":"76","mode":"bus","color":"#149a3f","colorDark":"#0a5121","band":0,"off":[1.7,1.1]}},{"type":"Feature","geometry":{"type":"Point","coordinates":[26.134578,44.360255]},"properties":{"name":"Vulcan Berceni","band":0,"modes":"bus","arr":["73","125","141","220","N105"],"off":[0,-0.8]}},{"type":"Feature","geometry":{"type":"Point","coordinates":[26.134578,44.360255]},"properties":{"name":"Piața de Gros","band":0,"modes":"bus","arr":["73","125","141","220","N105"],"off":[0,-1.9]}},{"type":"Feature","geometry":{"type":"Point","coordinates":[26.134578,44.360255]},"properties":{"line":"73","mode":"bus","color":"#149a3f","colorDark":"#0a5121","band":0,"off":[-6.8,1.1]}},{"type":"Feature","geometry":{"type":"Point","coordinates":[26.134578,44.360255]},"properties":{"line":"125","mode":"bus","color":"#0059a9","colorDark":"#00294f","band":0,"off":[-3.4,1.1]}},{"type":"Feature","geometry":{"type":"Point","coordinates":[26.134578,44.360255]},"properties":{"line":"141","mode":"bus","color":"#0059a9","colorDark":"#00294f","band":0,"off":[0,1.1]}},{"type":"Feature","geometry":{"type":"Point","coordinates":[26.134578,44.360255]},"properties":{"line":"220","mode":"bus","color":"#0059a9","colorDark":"#00294f","band":0,"off":[3.4,1.1]}},{"type":"Feature","geometry":{"type":"Point","coordinates":[26.134578,44.360255]},"properties":{"line":"N105","mode":"bus","color":"#000000","colorDark":"#000000","band":0,"off":[6.8,1.1]}},{"type":"Feature","geometry":{"type":"Point","coordinates":[26.10377,44.430317]},"properties":{"name":"Piața Unirii 4","band":0,"modes":"bus","arr":["73","116","117","312","323","385","605","640","655","N104","N105","N107","N111","N112","N122"],"off":[0,-0.8],"sc":0.94}},{"type":"Feature","geometry":{"type":"Point","coordinates":[26.10377,44.430317]},"properties":{"name":"Piața Unirii 1","band":0,"modes":"bus","arr":["73","116","117","312","323","385","605","640","655","N104","N105","N107","N111","N112","N122"],"off":[0,-1.9],"sc":0.94}},{"type":"Feature","geometry":{"type":"Point","coordinates":[26.10377,44.430317]},"properties":{"name":"Piața Sf. Vineri","band":0,"modes":"bus","arr":["73","116","117","312","323","385","605","640","655","N104","N105","N107","N111","N112","N122"],"off":[0,-3],"sc":0.94}},{"type":"Feature","geometry":{"type":"Point","coordinates":[26.10377,44.430317]},"properties":{"line":"73","mode":"bus","color":"#149a3f","colorDark":"#0a5121","band":0,"sc":0.94,"off":[-6.8,1.1]}},{"type":"Feature","geometry":{"type":"Point","coordinates":[26.10377,44.430317]},"properties":{"line":"116","mode":"bus","color":"#0059a9","colorDark":"#00294f","band":0,"sc":0.94,"off":[-3.4,1.1]}},{"type":"Feature","geometry":{"type":"Point","coordinates":[26.10377,44.430317]},"properties":{"line":"117","mode":"bus","color":"#0059a9","colorDark":"#00294f","band":0,"sc":0.94,"off":[0,1.1]}},{"type":"Feature","geometry":{"type":"Point","coordinates":[26.10377,44.430317]},"properties":{"line":"312","mode":"bus","color":"#0059a9","colorDark":"#00294f","band":0,"sc":0.94,"off":[3.4,1.1]}},{"type":"Feature","geometry":{"type":"Point","coordinates":[26.10377,44.430317]},"properties":{"line":"323","mode":"bus","color":"#0059a9","colorDark":"#00294f","band":0,"sc":0.94,"off":[6.8,1.1]}},{"type":"Feature","geometry":{"type":"Point","coordinates":[26.10377,44.430317]},"properties":{"line":"385","mode":"bus","color":"#0059a9","colorDark":"#00294f","band":0,"sc":0.94,"off":[-6.8,3.1]}},{"type":"Feature","geometry":{"type":"Point","coordinates":[26.10377,44.430317]},"properties":{"line":"605","mode":"bus","color":"#0059a9","colorDark":"#00294f","band":0,"sc":0.94,"off":[-3.4,3.1]}},{"type":"Feature","geometry":{"type":"Point","coordinates":[26.10377,44.430317]},"properties":{"line":"640","mode":"bus","color":"#0059a9","colorDark":"#00294f","band":0,"sc":0.94,"off":[0,3.1]}},{"type":"Feature","geometry":{"type":"Point","coordinates":[26.10377,44.430317]},"properties":{"line":"655","mode":"bus","color":"#0059a9","colorDark":"#00294f","band":0,"sc":0.94,"off":[3.4,3.1]}},{"type":"Feature","geometry":{"type":"Point","coordinates":[26.10377,44.430317]},"properties":{"line":"N104","mode":"bus","color":"#000000","colorDark":"#000000","band":0,"sc":0.94,"off":[6.8,3.1]}},{"type":"Feature","geometry":{"type":"Point","coordinates":[26.10377,44.430317]},"properties":{"line":"N105","mode":"bus","color":"#000000","colorDark":"#000000","band":0,"sc":0.94,"off":[-6.8,5.1]}},{"type":"Feature","geometry":{"type":"Point","coordinates":[26.10377,44.430317]},"properties":{"line":"N107","mode":"bus","color":"#000000","colorDark":"#000000","band":0,"sc":0.94,"off":[-3.4,5.1]}},{"type":"Feature","geometry":{"type":"Point","coordinates":[26.10377,44.430317]},"properties":{"line":"N111","mode":"bus","color":"#000000","colorDark":"#000000","band":0,"sc":0.94,"off":[0,5.1]}},{"type":"Feature","geometry":{"type":"Point","coordinates":[26.10377,44.430317]},"properties":{"line":"N112","mode":"bus","color":"#000000","colorDark":"#000000","band":0,"sc":0.94,"off":[3.4,5.1]}},{"type":"Feature","geometry":{"type":"Point","coordinates":[26.10377,44.430317]},"properties":{"line":"N122","mode":"bus","color":"#000000","colorDark":"#000000","band":0,"sc":0.94,"off":[6.8,5.1]}},{"type":"Feature","geometry":{"type":"Point","coordinates":[26.103385,44.422894]},"properties":{"name":"Piața Unirii 2","band":0,"modes":"bus","arr":["74","100","205","City Tour","N101","N102","N103","N106","N108","N109","N110","N113","N114","N115","N116","N117","N118","N119","N120","N121"],"off":[0,-0.8],"sc":0.86}},{"type":"Feature","geometry":{"type":"Point","coordinates":[26.103385,44.422894]},"properties":{"name":"Piața Unirii","band":0,"modes":"bus","arr":["74","100","205","City Tour","N101","N102","N103","N106","N108","N109","N110","N113","N114","N115","N116","N117","N118","N119","N120","N121"],"off":[0,-1.9],"sc":0.86}},{"type":"Feature","geometry":{"type":"Point","coordinates":[26.103385,44.422894]},"properties":{"line":"74","mode":"bus","color":"#149a3f","colorDark":"#0a5121","band":0,"sc":0.86,"off":[-6.8,1.1]}},{"type":"Feature","geometry":{"type":"Point","coordinates":[26.103385,44.422894]},"properties":{"line":"100","mode":"bus","color":"#0059a9","colorDark":"#00294f","band":0,"sc":0.86,"off":[-3.4,1.1]}},{"type":"Feature","geometry":{"type":"Point","coordinates":[26.103385,44.422894]},"properties":{"line":"205","mode":"bus","color":"#0059a9","colorDark":"#00294f","band":0,"sc":0.86,"off":[0,1.1]}},{"type":"Feature","geometry":{"type":"Point","coordinates":[26.103385,44.422894]},"properties":{"line":"City Tour","mode":"bus","color":"#0059a9","colorDark":"#00294f","band":0,"sc":0.86,"off":[3.4,1.1]}},{"type":"Feature","geometry":{"type":"Point","coordinates":[26.103385,44.422894]},"properties":{"line":"N101","mode":"bus","color":"#000000","colorDark":"#000000","band":0,"sc":0.86,"off":[6.8,1.1]}},{"type":"Feature","geometry":{"type":"Point","coordinates":[26.103385,44.422894]},"properties":{"line":"N102","mode":"bus","color":"#000000","colorDark":"#000000","band":0,"sc":0.86,"off":[-6.8,3.1]}},{"type":"Feature","geometry":{"type":"Point","coordinates":[26.103385,44.422894]},"properties":{"line":"N103","mode":"bus","color":"#000000","colorDark":"#000000","band":0,"sc":0.86,"off":[-3.4,3.1]}},{"type":"Feature","geometry":{"type":"Point","coordinates":[26.103385,44.422894]},"properties":{"line":"N106","mode":"bus","color":"#000000","colorDark":"#000000","band":0,"sc":0.86,"off":[0,3.1]}},{"type":"Feature","geometry":{"type":"Point","coordinates":[26.103385,44.422894]},"properties":{"line":"N108","mode":"bus","color":"#000000","colorDark":"#000000","band":0,"sc":0.86,"off":[3.4,3.1]}},{"type":"Feature","geometry":{"type":"Point","coordinates":[26.103385,44.422894]},"properties":{"line":"N109","mode":"bus","color":"#000000","colorDark":"#000000","band":0,"sc":0.86,"off":[6.8,3.1]}},{"type":"Feature","geometry":{"type":"Point","coordinates":[26.103385,44.422894]},"properties":{"line":"N110","mode":"bus","color":"#000000","colorDark":"#000000","band":0,"sc":0.86,"off":[-6.8,5.1]}},{"type":"Feature","geometry":{"type":"Point","coordinates":[26.103385,44.422894]},"properties":{"line":"N113","mode":"bus","color":"#000000","colorDark":"#000000","band":0,"sc":0.86,"off":[-3.4,5.1]}},{"type":"Feature","geometry":{"type":"Point","coordinates":[26.103385,44.422894]},"properties":{"line":"N114","mode":"bus","color":"#000000","colorDark":"#000000","band":0,"sc":0.86,"off":[0,5.1]}},{"type":"Feature","geometry":{"type":"Point","coordinates":[26.103385,44.422894]},"properties":{"line":"N115","mode":"bus","color":"#000000","colorDark":"#000000","band":0,"sc":0.86,"off":[3.4,5.1]}},{"type":"Feature","geometry":{"type":"Point","coordinates":[26.103385,44.422894]},"properties":{"line":"N116","mode":"bus","color":"#000000","colorDark":"#000000","band":0,"sc":0.86,"off":[6.8,5.1]}},{"type":"Feature","geometry":{"type":"Point","coordinates":[26.103385,44.422894]},"properties":{"line":"N117","mode":"bus","color":"#000000","colorDark":"#000000","band":0,"sc":0.86,"off":[-6.8,7.1]}},{"type":"Feature","geometry":{"type":"Point","coordinates":[26.103385,44.422894]},"properties":{"line":"N118","mode":"bus","color":"#000000","colorDark":"#000000","band":0,"sc":0.86,"off":[-3.4,7.1]}},{"type":"Feature","geometry":{"type":"Point","coordinates":[26.103385,44.422894]},"properties":{"line":"N119","mode":"bus","color":"#000000","colorDark":"#000000","band":0,"sc":0.86,"off":[0,7.1]}},{"type":"Feature","geometry":{"type":"Point","coordinates":[26.103385,44.422894]},"properties":{"line":"N120","mode":"bus","color":"#000000","colorDark":"#000000","band":0,"sc":0.86,"off":[3.4,7.1]}},{"type":"Feature","geometry":{"type":"Point","coordinates":[26.103385,44.422894]},"properties":{"line":"N121","mode":"bus","color":"#000000","colorDark":"#000000","band":0,"sc":0.86,"off":[6.8,7.1]}},{"type":"Feature","geometry":{"type":"Point","coordinates":[26.123391,44.362651]},"properties":{"name":"Arcade Berceni","band":0,"modes":"bus","arr":["74","232"],"off":[0,-0.8]}},{"type":"Feature","geometry":{"type":"Point","coordinates":[26.123391,44.362651]},"properties":{"line":"74","mode":"bus","color":"#149a3f","colorDark":"#0a5121","band":0,"off":[-1.7,1.1]}},{"type":"Feature","geometry":{"type":"Point","coordinates":[26.123391,44.362651]},"properties":{"line":"232","mode":"bus","color":"#0059a9","colorDark":"#00294f","band":0,"off":[1.7,1.1]}},{"type":"Feature","geometry":{"type":"Point","coordinates":[26.11904,44.388312]},"properties":{"name":"Emil Racoviță","band":0,"modes":"bus","arr":["243"],"off":[0,-0.8]}},{"type":"Feature","geometry":{"type":"Point","coordinates":[26.11904,44.388312]},"properties":{"line":"243","mode":"bus","color":"#0059a9","colorDark":"#00294f","band":0,"off":[0,1.1]}},{"type":"Feature","geometry":{"type":"Point","coordinates":[26.099131,44.379819]},"properties":{"name":"Piața Reșița","band":0,"modes":"bus","arr":["76","381","N112"],"off":[0,-0.8]}},{"type":"Feature","geometry":{"type":"Point","coordinates":[26.099131,44.379819]},"properties":{"line":"76","mode":"bus","color":"#149a3f","colorDark":"#0a5121","band":0,"off":[-3.4,1.1]}},{"type":"Feature","geometry":{"type":"Point","coordinates":[26.099131,44.379819]},"properties":{"line":"381","mode":"bus","color":"#0059a9","colorDark":"#00294f","band":0,"off":[0,1.1]}},{"type":"Feature","geometry":{"type":"Point","coordinates":[26.099131,44.379819]},"properties":{"line":"N112","mode":"bus","color":"#000000","colorDark":"#000000","band":0,"off":[3.4,1.1]}},{"type":"Feature","geometry":{"type":"Point","coordinates":[26.050476,44.470526]},"properties":{"name":"Clăbucet","band":0,"modes":"bus","arr":["79","97","381"],"off":[0,-0.8]}},{"type":"Feature","geometry":{"type":"Point","coordinates":[26.050476,44.470526]},"properties":{"line":"79","mode":"bus","color":"#149a3f","colorDark":"#0a5121","band":0,"off":[-3.4,1.1]}},{"type":"Feature","geometry":{"type":"Point","coordinates":[26.050476,44.470526]},"properties":{"line":"97","mode":"bus","color":"#149a3f","colorDark":"#0a5121","band":0,"off":[0,1.1]}},{"type":"Feature","geometry":{"type":"Point","coordinates":[26.050476,44.470526]},"properties":{"line":"381","mode":"bus","color":"#0059a9","colorDark":"#00294f","band":0,"off":[3.4,1.1]}},{"type":"Feature","geometry":{"type":"Point","coordinates":[26.11874,44.443717]},"properties":{"name":"Calea Moșilor","band":0,"modes":"bus","arr":["79"],"off":[0,-0.8]}},{"type":"Feature","geometry":{"type":"Point","coordinates":[26.11874,44.443717]},"properties":{"line":"79","mode":"bus","color":"#149a3f","colorDark":"#0a5121","band":0,"off":[0,1.1]}},{"type":"Feature","geometry":{"type":"Point","coordinates":[26.150868,44.439699]},"properties":{"name":"Arena Națională","band":0,"modes":"bus","arr":["85","90","143"],"off":[0,-0.8]}},{"type":"Feature","geometry":{"type":"Point","coordinates":[26.150868,44.439699]},"properties":{"line":"85","mode":"bus","color":"#149a3f","colorDark":"#0a5121","band":0,"off":[-3.4,1.1]}},{"type":"Feature","geometry":{"type":"Point","coordinates":[26.150868,44.439699]},"properties":{"line":"90","mode":"bus","color":"#149a3f","colorDark":"#0a5121","band":0,"off":[0,1.1]}},{"type":"Feature","geometry":{"type":"Point","coordinates":[26.150868,44.439699]},"properties":{"line":"143","mode":"bus","color":"#0059a9","colorDark":"#00294f","band":0,"off":[3.4,1.1]}},{"type":"Feature","geometry":{"type":"Point","coordinates":[26.055303,44.482825]},"properties":{"name":"Cartier Pajura","band":0,"modes":"bus","arr":["86","95"],"off":[0,-0.8]}},{"type":"Feature","geometry":{"type":"Point","coordinates":[26.055303,44.482825]},"properties":{"line":"86","mode":"bus","color":"#149a3f","colorDark":"#0a5121","band":0,"off":[-1.7,1.1]}},{"type":"Feature","geometry":{"type":"Point","coordinates":[26.055303,44.482825]},"properties":{"line":"95","mode":"bus","color":"#149a3f","colorDark":"#0a5121","band":0,"off":[1.7,1.1]}},{"type":"Feature","geometry":{"type":"Point","coordinates":[26.13248,44.441115]},"properties":{"name":"Piața Iancului","band":0,"modes":"bus","arr":["655"],"off":[0,-0.8]}},{"type":"Feature","geometry":{"type":"Point","coordinates":[26.13248,44.441115]},"properties":{"line":"655","mode":"bus","color":"#0059a9","colorDark":"#00294f","band":0,"off":[0,1.1]}},{"type":"Feature","geometry":{"type":"Point","coordinates":[26.142844,44.447409]},"properties":{"name":"Baicului","band":0,"modes":"bus","arr":["86","382"],"off":[0,-0.8]}},{"type":"Feature","geometry":{"type":"Point","coordinates":[26.142844,44.447409]},"properties":{"line":"86","mode":"bus","color":"#149a3f","colorDark":"#0a5121","band":0,"off":[-1.7,1.1]}},{"type":"Feature","geometry":{"type":"Point","coordinates":[26.142844,44.447409]},"properties":{"line":"382","mode":"bus","color":"#0059a9","colorDark":"#00294f","band":0,"off":[1.7,1.1]}},{"type":"Feature","geometry":{"type":"Point","coordinates":[26.046365,44.44553]},"properties":{"name":"M Petrache Poenaru","band":0,"modes":"bus","arr":["90"],"off":[0,-0.8]}},{"type":"Feature","geometry":{"type":"Point","coordinates":[26.046365,44.44553]},"properties":{"line":"90","mode":"bus","color":"#149a3f","colorDark":"#0a5121","band":0,"off":[0,1.1]}},{"type":"Feature","geometry":{"type":"Point","coordinates":[26.00242,44.41853]},"properties":{"name":"Cartier Constantin Brâncuși","band":0,"modes":"bus","arr":["93"],"off":[0,-0.8]}},{"type":"Feature","geometry":{"type":"Point","coordinates":[26.00242,44.41853]},"properties":{"line":"93","mode":"bus","color":"#149a3f","colorDark":"#0a5121","band":0,"off":[0,1.1]}},{"type":"Feature","geometry":{"type":"Point","coordinates":[26.072403,44.476311]},"properties":{"name":"Piața Presei","band":0,"modes":"bus,tram","arr":["93","41","304","403","441","441B","442","443","443B","444","446","447","447B","448","477","642","City Tour"],"off":[0,-0.8],"sc":0.9}},{"type":"Feature","geometry":{"type":"Point","coordinates":[26.072403,44.476311]},"properties":{"line":"93","mode":"bus","color":"#149a3f","colorDark":"#0a5121","band":0,"sc":0.9,"off":[-6.8,1.1]}},{"type":"Feature","geometry":{"type":"Point","coordinates":[26.072403,44.476311]},"properties":{"line":"41","mode":"tram","color":"#d6212b","colorDark":"#7c1116","band":0,"sc":0.9,"off":[-3.4,1.1]}},{"type":"Feature","geometry":{"type":"Point","coordinates":[26.072403,44.476311]},"properties":{"line":"304","mode":"bus","color":"#0059a9","colorDark":"#00294f","band":0,"sc":0.9,"off":[0,1.1]}},{"type":"Feature","geometry":{"type":"Point","coordinates":[26.072403,44.476311]},"properties":{"line":"403","mode":"bus","color":"#0059a9","colorDark":"#00294f","band":0,"sc":0.9,"off":[3.4,1.1]}},{"type":"Feature","geometry":{"type":"Point","coordinates":[26.072403,44.476311]},"properties":{"line":"441","mode":"bus","color":"#0059a9","colorDark":"#00294f","band":0,"sc":0.9,"off":[6.8,1.1]}},{"type":"Feature","geometry":{"type":"Point","coordinates":[26.072403,44.476311]},"properties":{"line":"441B","mode":"bus","color":"#0059a9","colorDark":"#00294f","band":0,"sc":0.9,"off":[-6.8,3.1]}},{"type":"Feature","geometry":{"type":"Point","coordinates":[26.072403,44.476311]},"properties":{"line":"442","mode":"bus","color":"#0059a9","colorDark":"#00294f","band":0,"sc":0.9,"off":[-3.4,3.1]}},{"type":"Feature","geometry":{"type":"Point","coordinates":[26.072403,44.476311]},"properties":{"line":"443","mode":"bus","color":"#0059a9","colorDark":"#00294f","band":0,"sc":0.9,"off":[0,3.1]}},{"type":"Feature","geometry":{"type":"Point","coordinates":[26.072403,44.476311]},"properties":{"line":"443B","mode":"bus","color":"#0059a9","colorDark":"#00294f","band":0,"sc":0.9,"off":[3.4,3.1]}},{"type":"Feature","geometry":{"type":"Point","coordinates":[26.072403,44.476311]},"properties":{"line":"444","mode":"bus","color":"#0059a9","colorDark":"#00294f","band":0,"sc":0.9,"off":[6.8,3.1]}},{"type":"Feature","geometry":{"type":"Point","coordinates":[26.072403,44.476311]},"properties":{"line":"446","mode":"bus","color":"#0059a9","colorDark":"#00294f","band":0,"sc":0.9,"off":[-6.8,5.1]}},{"type":"Feature","geometry":{"type":"Point","coordinates":[26.072403,44.476311]},"properties":{"line":"447","mode":"bus","color":"#0059a9","colorDark":"#00294f","band":0,"sc":0.9,"off":[-3.4,5.1]}},{"type":"Feature","geometry":{"type":"Point","coordinates":[26.072403,44.476311]},"properties":{"line":"447B","mode":"bus","color":"#0059a9","colorDark":"#00294f","band":0,"sc":0.9,"off":[0,5.1]}},{"type":"Feature","geometry":{"type":"Point","coordinates":[26.072403,44.476311]},"properties":{"line":"448","mode":"bus","color":"#0059a9","colorDark":"#00294f","band":0,"sc":0.9,"off":[3.4,5.1]}},{"type":"Feature","geometry":{"type":"Point","coordinates":[26.072403,44.476311]},"properties":{"line":"477","mode":"bus","color":"#0059a9","colorDark":"#00294f","band":0,"sc":0.9,"off":[6.8,5.1]}},{"type":"Feature","geometry":{"type":"Point","coordinates":[26.072403,44.476311]},"properties":{"line":"642","mode":"bus","color":"#0059a9","colorDark":"#00294f","band":0,"sc":0.9,"off":[-1.7,7.1]}},{"type":"Feature","geometry":{"type":"Point","coordinates":[26.072403,44.476311]},"properties":{"line":"City Tour","mode":"bus","color":"#0059a9","colorDark":"#00294f","band":0,"sc":0.9,"off":[1.7,7.1]}},{"type":"Feature","geometry":{"type":"Point","coordinates":[26.014102,44.42115]},"properties":{"name":"Valea Ialomiței","band":0,"modes":"bus","arr":["168","232","N116"],"off":[0,-0.8]}},{"type":"Feature","geometry":{"type":"Point","coordinates":[26.014102,44.42115]},"properties":{"line":"168","mode":"bus","color":"#0059a9","colorDark":"#00294f","band":0,"off":[-3.4,1.1]}},{"type":"Feature","geometry":{"type":"Point","coordinates":[26.014102,44.42115]},"properties":{"line":"232","mode":"bus","color":"#0059a9","colorDark":"#00294f","band":0,"off":[0,1.1]}},{"type":"Feature","geometry":{"type":"Point","coordinates":[26.014102,44.42115]},"properties":{"line":"N116","mode":"bus","color":"#000000","colorDark":"#000000","band":0,"off":[3.4,1.1]}},{"type":"Feature","geometry":{"type":"Point","coordinates":[26.024985,44.502882]},"properties":{"name":"Străulești","band":0,"modes":"bus,metro","arr":["95","205","304","436","476","M4","N117"],"off":[0,-0.8]}},{"type":"Feature","geometry":{"type":"Point","coordinates":[26.024985,44.502882]},"properties":{"name":"M Străulești","band":0,"modes":"bus,metro","arr":["95","205","304","436","476","M4","N117"],"off":[0,-1.9]}},{"type":"Feature","geometry":{"type":"Point","coordinates":[26.024985,44.502882]},"properties":{"line":"95","mode":"bus","color":"#149a3f","colorDark":"#0a5121","band":0,"off":[-6.8,1.1]}},{"type":"Feature","geometry":{"type":"Point","coordinates":[26.024985,44.502882]},"properties":{"line":"205","mode":"bus","color":"#0059a9","colorDark":"#00294f","band":0,"off":[-3.4,1.1]}},{"type":"Feature","geometry":{"type":"Point","coordinates":[26.024985,44.502882]},"properties":{"line":"304","mode":"bus","color":"#0059a9","colorDark":"#00294f","band":0,"off":[0,1.1]}},{"type":"Feature","geometry":{"type":"Point","coordinates":[26.024985,44.502882]},"properties":{"line":"436","mode":"bus","color":"#0059a9","colorDark":"#00294f","band":0,"off":[3.4,1.1]}},{"type":"Feature","geometry":{"type":"Point","coordinates":[26.024985,44.502882]},"properties":{"line":"476","mode":"bus","color":"#0059a9","colorDark":"#00294f","band":0,"off":[6.8,1.1]}},{"type":"Feature","geometry":{"type":"Point","coordinates":[26.024985,44.502882]},"properties":{"line":"M4","mode":"tram","color":"#3C746B","colorDark":"#21403b","band":0,"metro":1,"off":[-1.7,3.1]}},{"type":"Feature","geometry":{"type":"Point","coordinates":[26.024985,44.502882]},"properties":{"line":"N117","mode":"bus","color":"#000000","colorDark":"#000000","band":0,"off":[1.7,3.1]}},{"type":"Feature","geometry":{"type":"Point","coordinates":[26.044053,44.398943]},"properties":{"name":"Depoul Alexandria","band":0,"modes":"bus,tram","arr":["96","32","226","227","421","424","464","484B","N114"],"off":[0,-0.8]}},{"type":"Feature","geometry":{"type":"Point","coordinates":[26.044053,44.398943]},"properties":{"name":"Autobaza Alexandria","band":0,"modes":"bus,tram","arr":["96","32","226","227","421","424","464","484B","N114"],"off":[0,-1.9]}},{"type":"Feature","geometry":{"type":"Point","coordinates":[26.044053,44.398943]},"properties":{"line":"96","mode":"bus","color":"#149a3f","colorDark":"#0a5121","band":0,"off":[-6.8,1.1]}},{"type":"Feature","geometry":{"type":"Point","coordinates":[26.044053,44.398943]},"properties":{"line":"32","mode":"tram","color":"#d6212b","colorDark":"#7c1116","band":0,"off":[-3.4,1.1]}},{"type":"Feature","geometry":{"type":"Point","coordinates":[26.044053,44.398943]},"properties":{"line":"226","mode":"bus","color":"#0059a9","colorDark":"#00294f","band":0,"off":[0,1.1]}},{"type":"Feature","geometry":{"type":"Point","coordinates":[26.044053,44.398943]},"properties":{"line":"227","mode":"bus","color":"#0059a9","colorDark":"#00294f","band":0,"off":[3.4,1.1]}},{"type":"Feature","geometry":{"type":"Point","coordinates":[26.044053,44.398943]},"properties":{"line":"421","mode":"bus","color":"#0059a9","colorDark":"#00294f","band":0,"off":[6.8,1.1]}},{"type":"Feature","geometry":{"type":"Point","coordinates":[26.044053,44.398943]},"properties":{"line":"424","mode":"bus","color":"#0059a9","colorDark":"#00294f","band":0,"off":[-5.1,3.1]}},{"type":"Feature","geometry":{"type":"Point","coordinates":[26.044053,44.398943]},"properties":{"line":"464","mode":"bus","color":"#0059a9","colorDark":"#00294f","band":0,"off":[-1.7,3.1]}},{"type":"Feature","geometry":{"type":"Point","coordinates":[26.044053,44.398943]},"properties":{"line":"484B","mode":"bus","color":"#0059a9","colorDark":"#00294f","band":0,"off":[1.7,3.1]}},{"type":"Feature","geometry":{"type":"Point","coordinates":[26.044053,44.398943]},"properties":{"line":"N114","mode":"bus","color":"#000000","colorDark":"#000000","band":0,"off":[5.1,3.1]}},{"type":"Feature","geometry":{"type":"Point","coordinates":[26.12175,44.407102]},"properties":{"name":"Pasaj Mihai Bravu","band":0,"modes":"bus","arr":["97"],"off":[0,-0.8]}},{"type":"Feature","geometry":{"type":"Point","coordinates":[26.12175,44.407102]},"properties":{"line":"97","mode":"bus","color":"#149a3f","colorDark":"#0a5121","band":0,"off":[0,1.1]}},{"type":"Feature","geometry":{"type":"Point","coordinates":[26.076804,44.571533]},"properties":{"name":"Aeroport Henri Coandă","band":0,"modes":"bus","arr":["100"],"off":[0,-0.8]}},{"type":"Feature","geometry":{"type":"Point","coordinates":[26.076804,44.571533]},"properties":{"line":"100","mode":"bus","color":"#0059a9","colorDark":"#00294f","band":0,"off":[0,1.1]}},{"type":"Feature","geometry":{"type":"Point","coordinates":[26.179279,44.426623]},"properties":{"name":"Faur","band":0,"modes":"tram,bus","arr":["23","27","101","311","335","619","N122"],"off":[0,-0.8]}},{"type":"Feature","geometry":{"type":"Point","coordinates":[26.179279,44.426623]},"properties":{"line":"23","mode":"tram","color":"#d6212b","colorDark":"#7c1116","band":0,"off":[-6.8,1.1]}},{"type":"Feature","geometry":{"type":"Point","coordinates":[26.179279,44.426623]},"properties":{"line":"27","mode":"tram","color":"#d6212b","colorDark":"#7c1116","band":0,"off":[-3.4,1.1]}},{"type":"Feature","geometry":{"type":"Point","coordinates":[26.179279,44.426623]},"properties":{"line":"101","mode":"bus","color":"#0059a9","colorDark":"#00294f","band":0,"off":[0,1.1]}},{"type":"Feature","geometry":{"type":"Point","coordinates":[26.179279,44.426623]},"properties":{"line":"311","mode":"bus","color":"#0059a9","colorDark":"#00294f","band":0,"off":[3.4,1.1]}},{"type":"Feature","geometry":{"type":"Point","coordinates":[26.179279,44.426623]},"properties":{"line":"335","mode":"bus","color":"#0059a9","colorDark":"#00294f","band":0,"off":[6.8,1.1]}},{"type":"Feature","geometry":{"type":"Point","coordinates":[26.179279,44.426623]},"properties":{"line":"619","mode":"bus","color":"#0059a9","colorDark":"#00294f","band":0,"off":[-1.7,3.1]}},{"type":"Feature","geometry":{"type":"Point","coordinates":[26.179279,44.426623]},"properties":{"line":"N122","mode":"bus","color":"#000000","colorDark":"#000000","band":0,"off":[1.7,3.1]}},{"type":"Feature","geometry":{"type":"Point","coordinates":[26.186557,44.440054]},"properties":{"name":"Pantelimon","band":0,"modes":"tram,bus,metro","arr":["5","102","103","104","246","407","451","452","454","457","458","M1","N102"],"off":[0,-0.8],"sc":0.98}},{"type":"Feature","geometry":{"type":"Point","coordinates":[26.186557,44.440054]},"properties":{"name":"Complex Pantelimon","band":0,"modes":"tram,bus,metro","arr":["5","102","103","104","246","407","451","452","454","457","458","M1","N102"],"off":[0,-1.9],"sc":0.98}},{"type":"Feature","geometry":{"type":"Point","coordinates":[26.186557,44.440054]},"properties":{"line":"5","mode":"tram","color":"#d6212b","colorDark":"#7c1116","band":0,"sc":0.98,"off":[-6.8,1.1]}},{"type":"Feature","geometry":{"type":"Point","coordinates":[26.186557,44.440054]},"properties":{"line":"102","mode":"bus","color":"#0059a9","colorDark":"#00294f","band":0,"sc":0.98,"off":[-3.4,1.1]}},{"type":"Feature","geometry":{"type":"Point","coordinates":[26.186557,44.440054]},"properties":{"line":"103","mode":"bus","color":"#0059a9","colorDark":"#00294f","band":0,"sc":0.98,"off":[0,1.1]}},{"type":"Feature","geometry":{"type":"Point","coordinates":[26.186557,44.440054]},"properties":{"line":"104","mode":"bus","color":"#0059a9","colorDark":"#00294f","band":0,"sc":0.98,"off":[3.4,1.1]}},{"type":"Feature","geometry":{"type":"Point","coordinates":[26.186557,44.440054]},"properties":{"line":"246","mode":"bus","color":"#0059a9","colorDark":"#00294f","band":0,"sc":0.98,"off":[6.8,1.1]}},{"type":"Feature","geometry":{"type":"Point","coordinates":[26.186557,44.440054]},"properties":{"line":"407","mode":"bus","color":"#0059a9","colorDark":"#00294f","band":0,"sc":0.98,"off":[-6.8,3.1]}},{"type":"Feature","geometry":{"type":"Point","coordinates":[26.186557,44.440054]},"properties":{"line":"451","mode":"bus","color":"#0059a9","colorDark":"#00294f","band":0,"sc":0.98,"off":[-3.4,3.1]}},{"type":"Feature","geometry":{"type":"Point","coordinates":[26.186557,44.440054]},"properties":{"line":"452","mode":"bus","color":"#0059a9","colorDark":"#00294f","band":0,"sc":0.98,"off":[0,3.1]}},{"type":"Feature","geometry":{"type":"Point","coordinates":[26.186557,44.440054]},"properties":{"line":"454","mode":"bus","color":"#0059a9","colorDark":"#00294f","band":0,"sc":0.98,"off":[3.4,3.1]}},{"type":"Feature","geometry":{"type":"Point","coordinates":[26.186557,44.440054]},"properties":{"line":"457","mode":"bus","color":"#0059a9","colorDark":"#00294f","band":0,"sc":0.98,"off":[6.8,3.1]}},{"type":"Feature","geometry":{"type":"Point","coordinates":[26.186557,44.440054]},"properties":{"line":"458","mode":"bus","color":"#0059a9","colorDark":"#00294f","band":0,"sc":0.98,"off":[-3.4,5.1]}},{"type":"Feature","geometry":{"type":"Point","coordinates":[26.186557,44.440054]},"properties":{"line":"M1","mode":"tram","color":"#F8C301","colorDark":"#886b01","band":0,"metro":1,"sc":0.98,"off":[0,5.1]}},{"type":"Feature","geometry":{"type":"Point","coordinates":[26.186557,44.440054]},"properties":{"line":"N102","mode":"bus","color":"#000000","colorDark":"#000000","band":0,"sc":0.98,"off":[3.4,5.1]}},{"type":"Feature","geometry":{"type":"Point","coordinates":[26.088933,44.369304]},"properties":{"name":"C.F.R. Progresul","band":0,"modes":"tram,bus","arr":["7","25","102","116","418","419","428","465","N107"],"off":[0,-0.8]}},{"type":"Feature","geometry":{"type":"Point","coordinates":[26.088933,44.369304]},"properties":{"name":"C.f.r. Progresul","band":0,"modes":"tram,bus","arr":["7","25","102","116","418","419","428","465","N107"],"off":[0,-1.9]}},{"type":"Feature","geometry":{"type":"Point","coordinates":[26.088933,44.369304]},"properties":{"line":"7","mode":"tram","color":"#d6212b","colorDark":"#7c1116","band":0,"off":[-6.8,1.1]}},{"type":"Feature","geometry":{"type":"Point","coordinates":[26.088933,44.369304]},"properties":{"line":"25","mode":"tram","color":"#d6212b","colorDark":"#7c1116","band":0,"off":[-3.4,1.1]}},{"type":"Feature","geometry":{"type":"Point","coordinates":[26.088933,44.369304]},"properties":{"line":"102","mode":"bus","color":"#0059a9","colorDark":"#00294f","band":0,"off":[0,1.1]}},{"type":"Feature","geometry":{"type":"Point","coordinates":[26.088933,44.369304]},"properties":{"line":"116","mode":"bus","color":"#0059a9","colorDark":"#00294f","band":0,"off":[3.4,1.1]}},{"type":"Feature","geometry":{"type":"Point","coordinates":[26.088933,44.369304]},"properties":{"line":"418","mode":"bus","color":"#0059a9","colorDark":"#00294f","band":0,"off":[6.8,1.1]}},{"type":"Feature","geometry":{"type":"Point","coordinates":[26.088933,44.369304]},"properties":{"line":"419","mode":"bus","color":"#0059a9","colorDark":"#00294f","band":0,"off":[-5.1,3.1]}},{"type":"Feature","geometry":{"type":"Point","coordinates":[26.088933,44.369304]},"properties":{"line":"428","mode":"bus","color":"#0059a9","colorDark":"#00294f","band":0,"off":[-1.7,3.1]}},{"type":"Feature","geometry":{"type":"Point","coordinates":[26.088933,44.369304]},"properties":{"line":"465","mode":"bus","color":"#0059a9","colorDark":"#00294f","band":0,"off":[1.7,3.1]}},{"type":"Feature","geometry":{"type":"Point","coordinates":[26.088933,44.369304]},"properties":{"line":"N107","mode":"bus","color":"#000000","colorDark":"#000000","band":0,"off":[5.1,3.1]}},{"type":"Feature","geometry":{"type":"Point","coordinates":[26.217804,44.415574]},"properties":{"name":"Isovolta","band":0,"modes":"bus","arr":["103"],"off":[0,-0.8]}},{"type":"Feature","geometry":{"type":"Point","coordinates":[26.217804,44.415574]},"properties":{"line":"103","mode":"bus","color":"#0059a9","colorDark":"#00294f","band":0,"off":[0,1.1]}},{"type":"Feature","geometry":{"type":"Point","coordinates":[26.015946,44.412643]},"properties":{"name":"Valea Oltului","band":0,"modes":"bus","arr":["105","368","385","N101"],"off":[0,-0.8]}},{"type":"Feature","geometry":{"type":"Point","coordinates":[26.015946,44.412643]},"properties":{"line":"105","mode":"bus","color":"#0059a9","colorDark":"#00294f","band":0,"off":[-5.1,1.1]}},{"type":"Feature","geometry":{"type":"Point","coordinates":[26.015946,44.412643]},"properties":{"line":"368","mode":"bus","color":"#0059a9","colorDark":"#00294f","band":0,"off":[-1.7,1.1]}},{"type":"Feature","geometry":{"type":"Point","coordinates":[26.015946,44.412643]},"properties":{"line":"385","mode":"bus","color":"#0059a9","colorDark":"#00294f","band":0,"off":[1.7,1.1]}},{"type":"Feature","geometry":{"type":"Point","coordinates":[26.015946,44.412643]},"properties":{"line":"N101","mode":"bus","color":"#000000","colorDark":"#000000","band":0,"off":[5.1,1.1]}},{"type":"Feature","geometry":{"type":"Point","coordinates":[26.070849,44.451438]},"properties":{"name":"Șoseaua Nicolae Titulescu","band":0,"modes":"tram,bus","arr":["1","44","105","123","162","282","610","N1","N10"],"off":[0,-0.8]}},{"type":"Feature","geometry":{"type":"Point","coordinates":[26.070849,44.451438]},"properties":{"name":"Gara Basarab","band":0,"modes":"tram,bus","arr":["1","44","105","123","162","282","610","N1","N10"],"off":[0,-3]}},{"type":"Feature","geometry":{"type":"Point","coordinates":[26.070849,44.451438]},"properties":{"name":"Bd. Banu Manta","band":0,"modes":"tram,bus","arr":["1","44","105","123","162","282","610","N1","N10"],"off":[0,-4.1]}},{"type":"Feature","geometry":{"type":"Point","coordinates":[26.070849,44.451438]},"properties":{"line":"1","mode":"tram","color":"#d6212b","colorDark":"#7c1116","band":0,"off":[-6.8,1.1]}},{"type":"Feature","geometry":{"type":"Point","coordinates":[26.070849,44.451438]},"properties":{"line":"44","mode":"tram","color":"#d6212b","colorDark":"#7c1116","band":0,"off":[-3.4,1.1]}},{"type":"Feature","geometry":{"type":"Point","coordinates":[26.070849,44.451438]},"properties":{"line":"105","mode":"bus","color":"#0059a9","colorDark":"#00294f","band":0,"off":[0,1.1]}},{"type":"Feature","geometry":{"type":"Point","coordinates":[26.070849,44.451438]},"properties":{"line":"123","mode":"bus","color":"#0059a9","colorDark":"#00294f","band":0,"off":[3.4,1.1]}},{"type":"Feature","geometry":{"type":"Point","coordinates":[26.070849,44.451438]},"properties":{"line":"162","mode":"bus","color":"#0059a9","colorDark":"#00294f","band":0,"off":[6.8,1.1]}},{"type":"Feature","geometry":{"type":"Point","coordinates":[26.070849,44.451438]},"properties":{"line":"282","mode":"bus","color":"#0059a9","colorDark":"#00294f","band":0,"off":[-5.1,3.1]}},{"type":"Feature","geometry":{"type":"Point","coordinates":[26.070849,44.451438]},"properties":{"line":"610","mode":"bus","color":"#0059a9","colorDark":"#00294f","band":0,"off":[-1.7,3.1]}},{"type":"Feature","geometry":{"type":"Point","coordinates":[26.070849,44.451438]},"properties":{"line":"N1","mode":"bus","color":"#000000","colorDark":"#000000","band":0,"off":[1.7,3.1]}},{"type":"Feature","geometry":{"type":"Point","coordinates":[26.070849,44.451438]},"properties":{"line":"N10","mode":"bus","color":"#000000","colorDark":"#000000","band":0,"off":[5.1,3.1]}},{"type":"Feature","geometry":{"type":"Point","coordinates":[25.982655,44.422207]},"properties":{"name":"C.E.T. Vest Militari","band":0,"modes":"bus","arr":["106","221"],"off":[0,-0.8]}},{"type":"Feature","geometry":{"type":"Point","coordinates":[25.982655,44.422207]},"properties":{"line":"106","mode":"bus","color":"#0059a9","colorDark":"#00294f","band":0,"off":[-1.7,1.1]}},{"type":"Feature","geometry":{"type":"Point","coordinates":[25.982655,44.422207]},"properties":{"line":"221","mode":"bus","color":"#0059a9","colorDark":"#00294f","band":0,"off":[1.7,1.1]}},{"type":"Feature","geometry":{"type":"Point","coordinates":[26.00366,44.441495]},"properties":{"name":"Cartier Roșu","band":0,"modes":"bus","arr":["106"],"off":[0,-0.8]}},{"type":"Feature","geometry":{"type":"Point","coordinates":[26.00366,44.441495]},"properties":{"line":"106","mode":"bus","color":"#0059a9","colorDark":"#00294f","band":0,"off":[0,1.1]}},{"type":"Feature","geometry":{"type":"Point","coordinates":[26.115663,44.486747]},"properties":{"name":"Pasajul Pipera","band":0,"modes":"bus","arr":["112","135"],"off":[0,-0.8]}},{"type":"Feature","geometry":{"type":"Point","coordinates":[26.115663,44.486747]},"properties":{"line":"112","mode":"bus","color":"#0059a9","colorDark":"#00294f","band":0,"off":[-1.7,1.1]}},{"type":"Feature","geometry":{"type":"Point","coordinates":[26.115663,44.486747]},"properties":{"line":"135","mode":"bus","color":"#0059a9","colorDark":"#00294f","band":0,"off":[1.7,1.1]}},{"type":"Feature","geometry":{"type":"Point","coordinates":[26.013462,44.491525]},"properties":{"name":"Complex Colosseum","band":0,"modes":"bus","arr":["112","470"],"off":[0,-0.8]}},{"type":"Feature","geometry":{"type":"Point","coordinates":[26.013462,44.491525]},"properties":{"line":"112","mode":"bus","color":"#0059a9","colorDark":"#00294f","band":0,"off":[-1.7,1.1]}},{"type":"Feature","geometry":{"type":"Point","coordinates":[26.013462,44.491525]},"properties":{"line":"470","mode":"bus","color":"#0059a9","colorDark":"#00294f","band":0,"off":[1.7,1.1]}},{"type":"Feature","geometry":{"type":"Point","coordinates":[26.059435,44.385785]},"properties":{"name":"Cartier Confort Urban","band":0,"modes":"bus","arr":["117","227"],"off":[0,-0.8]}},{"type":"Feature","geometry":{"type":"Point","coordinates":[26.059435,44.385785]},"properties":{"line":"117","mode":"bus","color":"#0059a9","colorDark":"#00294f","band":0,"off":[-1.7,1.1]}},{"type":"Feature","geometry":{"type":"Point","coordinates":[26.059435,44.385785]},"properties":{"line":"227","mode":"bus","color":"#0059a9","colorDark":"#00294f","band":0,"off":[1.7,1.1]}},{"type":"Feature","geometry":{"type":"Point","coordinates":[25.978781,44.406787]},"properties":{"name":"Pasaj Domnești","band":0,"modes":"bus","arr":["122","222"],"off":[0,-0.8]}},{"type":"Feature","geometry":{"type":"Point","coordinates":[25.978781,44.406787]},"properties":{"line":"122","mode":"bus","color":"#0059a9","colorDark":"#00294f","band":0,"off":[-1.7,1.1]}},{"type":"Feature","geometry":{"type":"Point","coordinates":[25.978781,44.406787]},"properties":{"line":"222","mode":"bus","color":"#0059a9","colorDark":"#00294f","band":0,"off":[1.7,1.1]}},{"type":"Feature","geometry":{"type":"Point","coordinates":[26.094131,44.440236]},"properties":{"name":"Luterană","band":0,"modes":"bus","arr":["311"],"off":[0,-0.8]}},{"type":"Feature","geometry":{"type":"Point","coordinates":[26.094131,44.440236]},"properties":{"line":"311","mode":"bus","color":"#0059a9","colorDark":"#00294f","band":0,"off":[0,1.1]}},{"type":"Feature","geometry":{"type":"Point","coordinates":[26.148276,44.405968]},"properties":{"name":"C.E.T. Sud Vitan","band":0,"modes":"bus","arr":["123","135"],"off":[0,-0.8]}},{"type":"Feature","geometry":{"type":"Point","coordinates":[26.148276,44.405968]},"properties":{"line":"123","mode":"bus","color":"#0059a9","colorDark":"#00294f","band":0,"off":[-1.7,1.1]}},{"type":"Feature","geometry":{"type":"Point","coordinates":[26.148276,44.405968]},"properties":{"line":"135","mode":"bus","color":"#0059a9","colorDark":"#00294f","band":0,"off":[1.7,1.1]}},{"type":"Feature","geometry":{"type":"Point","coordinates":[26.135018,44.379396]},"properties":{"name":"Cartier Apărătorii Patriei","band":0,"modes":"bus","arr":["241"],"off":[0,-0.8]}},{"type":"Feature","geometry":{"type":"Point","coordinates":[26.135018,44.379396]},"properties":{"line":"241","mode":"bus","color":"#0059a9","colorDark":"#00294f","band":0,"off":[0,1.1]}},{"type":"Feature","geometry":{"type":"Point","coordinates":[26.146026,44.337189]},"properties":{"name":"Peco Silflor Move","band":0,"modes":"bus","arr":["125"],"off":[0,-0.8]}},{"type":"Feature","geometry":{"type":"Point","coordinates":[26.146026,44.337189]},"properties":{"line":"125","mode":"bus","color":"#0059a9","colorDark":"#00294f","band":0,"off":[0,1.1]}},{"type":"Feature","geometry":{"type":"Point","coordinates":[25.958592,44.437839]},"properties":{"name":"Carrefour Militari","band":0,"modes":"bus","arr":["137"],"off":[0,-0.8]}},{"type":"Feature","geometry":{"type":"Point","coordinates":[25.958592,44.437839]},"properties":{"line":"137","mode":"bus","color":"#0059a9","colorDark":"#00294f","band":0,"off":[0,1.1]}},{"type":"Feature","geometry":{"type":"Point","coordinates":[26.055557,44.428637]},"properties":{"name":"Bd. G-ral Paul Teodorescu","band":0,"modes":"bus","arr":["487"],"off":[0,-0.8]}},{"type":"Feature","geometry":{"type":"Point","coordinates":[26.055557,44.428637]},"properties":{"line":"487","mode":"bus","color":"#0059a9","colorDark":"#00294f","band":0,"off":[0,1.1]}},{"type":"Feature","geometry":{"type":"Point","coordinates":[25.984923,44.439445]},"properties":{"name":"Complex Militari","band":0,"modes":"bus","arr":["138"],"off":[0,-0.8]}},{"type":"Feature","geometry":{"type":"Point","coordinates":[25.984923,44.439445]},"properties":{"line":"138","mode":"bus","color":"#0059a9","colorDark":"#00294f","band":0,"off":[0,1.1]}},{"type":"Feature","geometry":{"type":"Point","coordinates":[26.034754,44.410268]},"properties":{"name":"Dedeman Ghencea","band":0,"modes":"bus","arr":["138","221"],"off":[0,-0.8]}},{"type":"Feature","geometry":{"type":"Point","coordinates":[26.034754,44.410268]},"properties":{"line":"138","mode":"bus","color":"#0059a9","colorDark":"#00294f","band":0,"off":[-1.7,1.1]}},{"type":"Feature","geometry":{"type":"Point","coordinates":[26.034754,44.410268]},"properties":{"line":"221","mode":"bus","color":"#0059a9","colorDark":"#00294f","band":0,"off":[1.7,1.1]}},{"type":"Feature","geometry":{"type":"Point","coordinates":[26.07813,44.386709]},"properties":{"name":"Zețarilor","band":0,"modes":"tram,bus","arr":["23","139","141","216","323","N118"],"off":[0,-0.8]}},{"type":"Feature","geometry":{"type":"Point","coordinates":[26.07813,44.386709]},"properties":{"line":"23","mode":"tram","color":"#d6212b","colorDark":"#7c1116","band":0,"off":[-6.8,1.1]}},{"type":"Feature","geometry":{"type":"Point","coordinates":[26.07813,44.386709]},"properties":{"line":"139","mode":"bus","color":"#0059a9","colorDark":"#00294f","band":0,"off":[-3.4,1.1]}},{"type":"Feature","geometry":{"type":"Point","coordinates":[26.07813,44.386709]},"properties":{"line":"141","mode":"bus","color":"#0059a9","colorDark":"#00294f","band":0,"off":[0,1.1]}},{"type":"Feature","geometry":{"type":"Point","coordinates":[26.07813,44.386709]},"properties":{"line":"216","mode":"bus","color":"#0059a9","colorDark":"#00294f","band":0,"off":[3.4,1.1]}},{"type":"Feature","geometry":{"type":"Point","coordinates":[26.07813,44.386709]},"properties":{"line":"323","mode":"bus","color":"#0059a9","colorDark":"#00294f","band":0,"off":[6.8,1.1]}},{"type":"Feature","geometry":{"type":"Point","coordinates":[26.07813,44.386709]},"properties":{"line":"N118","mode":"bus","color":"#000000","colorDark":"#000000","band":0,"off":[0,3.1]}},{"type":"Feature","geometry":{"type":"Point","coordinates":[26.059171,44.434045]},"properties":{"name":"Piața Leul","band":0,"modes":"bus","arr":["139"],"off":[0,-0.8]}},{"type":"Feature","geometry":{"type":"Point","coordinates":[26.059171,44.434045]},"properties":{"line":"139","mode":"bus","color":"#0059a9","colorDark":"#00294f","band":0,"off":[0,1.1]}},{"type":"Feature","geometry":{"type":"Point","coordinates":[26.000667,44.471218]},"properties":{"name":"Giulești Sârbi","band":0,"modes":"bus","arr":["162","163"],"off":[0,-0.8]}},{"type":"Feature","geometry":{"type":"Point","coordinates":[26.000667,44.471218]},"properties":{"line":"162","mode":"bus","color":"#0059a9","colorDark":"#00294f","band":0,"off":[-1.7,1.1]}},{"type":"Feature","geometry":{"type":"Point","coordinates":[26.000667,44.471218]},"properties":{"line":"163","mode":"bus","color":"#0059a9","colorDark":"#00294f","band":0,"off":[1.7,1.1]}},{"type":"Feature","geometry":{"type":"Point","coordinates":[26.022296,44.470095]},"properties":{"name":"Cartier Giulești","band":0,"modes":"tram,bus","arr":["44","N110"],"off":[0,-0.8]}},{"type":"Feature","geometry":{"type":"Point","coordinates":[26.022296,44.470095]},"properties":{"line":"44","mode":"tram","color":"#d6212b","colorDark":"#7c1116","band":0,"off":[-1.7,1.1]}},{"type":"Feature","geometry":{"type":"Point","coordinates":[26.022296,44.470095]},"properties":{"line":"N110","mode":"bus","color":"#000000","colorDark":"#000000","band":0,"off":[1.7,1.1]}},{"type":"Feature","geometry":{"type":"Point","coordinates":[26.097374,44.445885]},"properties":{"name":"Piața Romana","band":0,"modes":"bus","arr":["168","226","301","301B","331","331B","368"],"off":[0,-0.8]}},{"type":"Feature","geometry":{"type":"Point","coordinates":[26.097374,44.445885]},"properties":{"line":"168","mode":"bus","color":"#0059a9","colorDark":"#00294f","band":0,"off":[-6.8,1.1]}},{"type":"Feature","geometry":{"type":"Point","coordinates":[26.097374,44.445885]},"properties":{"line":"226","mode":"bus","color":"#0059a9","colorDark":"#00294f","band":0,"off":[-3.4,1.1]}},{"type":"Feature","geometry":{"type":"Point","coordinates":[26.097374,44.445885]},"properties":{"line":"301","mode":"bus","color":"#0059a9","colorDark":"#00294f","band":0,"off":[0,1.1]}},{"type":"Feature","geometry":{"type":"Point","coordinates":[26.097374,44.445885]},"properties":{"line":"301B","mode":"bus","color":"#0059a9","colorDark":"#00294f","band":0,"off":[3.4,1.1]}},{"type":"Feature","geometry":{"type":"Point","coordinates":[26.097374,44.445885]},"properties":{"line":"331","mode":"bus","color":"#0059a9","colorDark":"#00294f","band":0,"off":[6.8,1.1]}},{"type":"Feature","geometry":{"type":"Point","coordinates":[26.097374,44.445885]},"properties":{"line":"331B","mode":"bus","color":"#0059a9","colorDark":"#00294f","band":0,"off":[-1.7,3.1]}},{"type":"Feature","geometry":{"type":"Point","coordinates":[26.097374,44.445885]},"properties":{"line":"368","mode":"bus","color":"#0059a9","colorDark":"#00294f","band":0,"off":[1.7,3.1]}},{"type":"Feature","geometry":{"type":"Point","coordinates":[26.094969,44.437802]},"properties":{"name":"Sala Palatului","band":0,"modes":"bus","arr":["178","311"],"off":[0,-0.8]}},{"type":"Feature","geometry":{"type":"Point","coordinates":[26.094969,44.437802]},"properties":{"line":"178","mode":"bus","color":"#0059a9","colorDark":"#00294f","band":0,"off":[-1.7,1.1]}},{"type":"Feature","geometry":{"type":"Point","coordinates":[26.094969,44.437802]},"properties":{"line":"311","mode":"bus","color":"#0059a9","colorDark":"#00294f","band":0,"off":[1.7,1.1]}},{"type":"Feature","geometry":{"type":"Point","coordinates":[26.176953,44.475906]},"properties":{"name":"Dragonul Roșu","band":0,"modes":"bus","arr":["182"],"off":[0,-0.8]}},{"type":"Feature","geometry":{"type":"Point","coordinates":[26.176953,44.475906]},"properties":{"line":"182","mode":"bus","color":"#0059a9","colorDark":"#00294f","band":0,"off":[0,1.1]}},{"type":"Feature","geometry":{"type":"Point","coordinates":[26.155423,44.462967]},"properties":{"name":"Institutul Oncologic","band":0,"modes":"bus","arr":["N103"],"off":[0,-0.8]}},{"type":"Feature","geometry":{"type":"Point","coordinates":[26.155423,44.462967]},"properties":{"line":"N103","mode":"bus","color":"#000000","colorDark":"#000000","band":0,"off":[0,1.1]}},{"type":"Feature","geometry":{"type":"Point","coordinates":[26.045803,44.414915]},"properties":{"name":"Ghencea","band":0,"modes":"tram,bus","arr":["10","41","185","422","423","425","425B","426","427","428","484","610"],"off":[0,-0.8]}},{"type":"Feature","geometry":{"type":"Point","coordinates":[26.045803,44.414915]},"properties":{"line":"10","mode":"tram","color":"#d6212b","colorDark":"#7c1116","band":0,"off":[-6.8,1.1]}},{"type":"Feature","geometry":{"type":"Point","coordinates":[26.045803,44.414915]},"properties":{"line":"41","mode":"tram","color":"#d6212b","colorDark":"#7c1116","band":0,"off":[-3.4,1.1]}},{"type":"Feature","geometry":{"type":"Point","coordinates":[26.045803,44.414915]},"properties":{"line":"185","mode":"bus","color":"#0059a9","colorDark":"#00294f","band":0,"off":[0,1.1]}},{"type":"Feature","geometry":{"type":"Point","coordinates":[26.045803,44.414915]},"properties":{"line":"422","mode":"bus","color":"#0059a9","colorDark":"#00294f","band":0,"off":[3.4,1.1]}},{"type":"Feature","geometry":{"type":"Point","coordinates":[26.045803,44.414915]},"properties":{"line":"423","mode":"bus","color":"#0059a9","colorDark":"#00294f","band":0,"off":[6.8,1.1]}},{"type":"Feature","geometry":{"type":"Point","coordinates":[26.045803,44.414915]},"properties":{"line":"425","mode":"bus","color":"#0059a9","colorDark":"#00294f","band":0,"off":[-6.8,3.1]}},{"type":"Feature","geometry":{"type":"Point","coordinates":[26.045803,44.414915]},"properties":{"line":"425B","mode":"bus","color":"#0059a9","colorDark":"#00294f","band":0,"off":[-3.4,3.1]}},{"type":"Feature","geometry":{"type":"Point","coordinates":[26.045803,44.414915]},"properties":{"line":"426","mode":"bus","color":"#0059a9","colorDark":"#00294f","band":0,"off":[0,3.1]}},{"type":"Feature","geometry":{"type":"Point","coordinates":[26.045803,44.414915]},"properties":{"line":"427","mode":"bus","color":"#0059a9","colorDark":"#00294f","band":0,"off":[3.4,3.1]}},{"type":"Feature","geometry":{"type":"Point","coordinates":[26.045803,44.414915]},"properties":{"line":"428","mode":"bus","color":"#0059a9","colorDark":"#00294f","band":0,"off":[6.8,3.1]}},{"type":"Feature","geometry":{"type":"Point","coordinates":[26.045803,44.414915]},"properties":{"line":"484","mode":"bus","color":"#0059a9","colorDark":"#00294f","band":0,"off":[-1.7,5.1]}},{"type":"Feature","geometry":{"type":"Point","coordinates":[26.045803,44.414915]},"properties":{"line":"610","mode":"bus","color":"#0059a9","colorDark":"#00294f","band":0,"off":[1.7,5.1]}},{"type":"Feature","geometry":{"type":"Point","coordinates":[26.0215,44.403975]},"properties":{"name":"Cimitirul Ghencea 3","band":0,"modes":"bus","arr":["185"],"off":[0,-0.8]}},{"type":"Feature","geometry":{"type":"Point","coordinates":[26.0215,44.403975]},"properties":{"line":"185","mode":"bus","color":"#0059a9","colorDark":"#00294f","band":0,"off":[0,1.1]}},{"type":"Feature","geometry":{"type":"Point","coordinates":[26.080894,44.495661]},"properties":{"name":"Aeroport Băneasa","band":0,"modes":"tram,bus","arr":["5","196"],"off":[0,-0.8]}},{"type":"Feature","geometry":{"type":"Point","coordinates":[26.080894,44.495661]},"properties":{"line":"5","mode":"tram","color":"#d6212b","colorDark":"#7c1116","band":0,"off":[-1.7,1.1]}},{"type":"Feature","geometry":{"type":"Point","coordinates":[26.080894,44.495661]},"properties":{"line":"196","mode":"bus","color":"#0059a9","colorDark":"#00294f","band":0,"off":[1.7,1.1]}},{"type":"Feature","geometry":{"type":"Point","coordinates":[26.092421,44.41536]},"properties":{"name":"Autogara Filaret","band":0,"modes":"bus","arr":["196"],"off":[0,-0.8]}},{"type":"Feature","geometry":{"type":"Point","coordinates":[26.092421,44.41536]},"properties":{"line":"196","mode":"bus","color":"#0059a9","colorDark":"#00294f","band":0,"off":[0,1.1]}},{"type":"Feature","geometry":{"type":"Point","coordinates":[26.094873,44.53807]},"properties":{"name":"Cartier Greenfield","band":0,"modes":"bus","arr":["203"],"off":[0,-0.8]}},{"type":"Feature","geometry":{"type":"Point","coordinates":[26.094873,44.53807]},"properties":{"line":"203","mode":"bus","color":"#0059a9","colorDark":"#00294f","band":0,"off":[0,1.1]}},{"type":"Feature","geometry":{"type":"Point","coordinates":[26.084405,44.454842]},"properties":{"name":"Piața Victoriei","band":0,"modes":"bus","arr":["203"],"off":[0,-0.8]}},{"type":"Feature","geometry":{"type":"Point","coordinates":[26.084405,44.454842]},"properties":{"line":"203","mode":"bus","color":"#0059a9","colorDark":"#00294f","band":0,"off":[0,1.1]}},{"type":"Feature","geometry":{"type":"Point","coordinates":[26.064835,44.406747]},"properties":{"name":"Piața Rahova","band":0,"modes":"bus","arr":["220"],"off":[0,-0.8]}},{"type":"Feature","geometry":{"type":"Point","coordinates":[26.064835,44.406747]},"properties":{"line":"220","mode":"bus","color":"#0059a9","colorDark":"#00294f","band":0,"off":[0,1.1]}},{"type":"Feature","geometry":{"type":"Point","coordinates":[26.113813,44.416466]},"properties":{"name":"Univ. Creștină Dimitrie Cantemir","band":0,"modes":"bus","arr":["223"],"off":[0,-0.8]}},{"type":"Feature","geometry":{"type":"Point","coordinates":[26.113813,44.416466]},"properties":{"line":"223","mode":"bus","color":"#0059a9","colorDark":"#00294f","band":0,"off":[0,1.1]}},{"type":"Feature","geometry":{"type":"Point","coordinates":[26.218552,44.395888]},"properties":{"name":"Pasarela","band":0,"modes":"bus","arr":["223"],"off":[0,-0.8]}},{"type":"Feature","geometry":{"type":"Point","coordinates":[26.218552,44.395888]},"properties":{"line":"223","mode":"bus","color":"#0059a9","colorDark":"#00294f","band":0,"off":[0,1.1]}},{"type":"Feature","geometry":{"type":"Point","coordinates":[26.113073,44.363484]},"properties":{"name":"Biserica Sfinții Brâncoveni","band":0,"modes":"bus","arr":["241"],"off":[0,-0.8]}},{"type":"Feature","geometry":{"type":"Point","coordinates":[26.113073,44.363484]},"properties":{"line":"241","mode":"bus","color":"#0059a9","colorDark":"#00294f","band":0,"off":[0,1.1]}},{"type":"Feature","geometry":{"type":"Point","coordinates":[26.131806,44.462921]},"properties":{"name":"Șoseaua Colentina","band":0,"modes":"bus","arr":["290"],"off":[0,-0.8]}},{"type":"Feature","geometry":{"type":"Point","coordinates":[26.131806,44.462921]},"properties":{"line":"290","mode":"bus","color":"#0059a9","colorDark":"#00294f","band":0,"off":[0,1.1]}},{"type":"Feature","geometry":{"type":"Point","coordinates":[26.127674,44.465359]},"properties":{"name":"Bd. Lacul Tei","band":0,"modes":"bus","arr":["243"],"off":[0,-0.8]}},{"type":"Feature","geometry":{"type":"Point","coordinates":[26.127674,44.465359]},"properties":{"line":"243","mode":"bus","color":"#0059a9","colorDark":"#00294f","band":0,"off":[0,1.1]}},{"type":"Feature","geometry":{"type":"Point","coordinates":[26.201558,44.406261]},"properties":{"name":"M Nicolae Teclu","band":0,"modes":"bus,metro","arr":["246","405","408","472","480","627","M3","N111"],"off":[0,-0.8]}},{"type":"Feature","geometry":{"type":"Point","coordinates":[26.201558,44.406261]},"properties":{"name":"Complex Titan","band":0,"modes":"bus,metro","arr":["246","405","408","472","480","627","M3","N111"],"off":[0,-1.9]}},{"type":"Feature","geometry":{"type":"Point","coordinates":[26.201558,44.406261]},"properties":{"name":"Anghel Saligny","band":0,"modes":"bus,metro","arr":["246","405","408","472","480","627","M3","N111"],"off":[0,-3]}},{"type":"Feature","geometry":{"type":"Point","coordinates":[26.201558,44.406261]},"properties":{"line":"246","mode":"bus","color":"#0059a9","colorDark":"#00294f","band":0,"off":[-6.8,1.1]}},{"type":"Feature","geometry":{"type":"Point","coordinates":[26.201558,44.406261]},"properties":{"line":"405","mode":"bus","color":"#0059a9","colorDark":"#00294f","band":0,"off":[-3.4,1.1]}},{"type":"Feature","geometry":{"type":"Point","coordinates":[26.201558,44.406261]},"properties":{"line":"408","mode":"bus","color":"#0059a9","colorDark":"#00294f","band":0,"off":[0,1.1]}},{"type":"Feature","geometry":{"type":"Point","coordinates":[26.201558,44.406261]},"properties":{"line":"472","mode":"bus","color":"#0059a9","colorDark":"#00294f","band":0,"off":[3.4,1.1]}},{"type":"Feature","geometry":{"type":"Point","coordinates":[26.201558,44.406261]},"properties":{"line":"480","mode":"bus","color":"#0059a9","colorDark":"#00294f","band":0,"off":[6.8,1.1]}},{"type":"Feature","geometry":{"type":"Point","coordinates":[26.201558,44.406261]},"properties":{"line":"627","mode":"bus","color":"#0059a9","colorDark":"#00294f","band":0,"off":[-3.4,3.1]}},{"type":"Feature","geometry":{"type":"Point","coordinates":[26.201558,44.406261]},"properties":{"line":"M3","mode":"tram","color":"#DA251C","colorDark":"#78140f","band":0,"metro":1,"off":[0,3.1]}},{"type":"Feature","geometry":{"type":"Point","coordinates":[26.201558,44.406261]},"properties":{"line":"N111","mode":"bus","color":"#000000","colorDark":"#000000","band":0,"off":[3.4,3.1]}},{"type":"Feature","geometry":{"type":"Point","coordinates":[26.193718,44.422966]},"properties":{"name":"Parcul Teilor","band":0,"modes":"bus","arr":["253","330","N104"],"off":[0,-0.8]}},{"type":"Feature","geometry":{"type":"Point","coordinates":[26.193718,44.422966]},"properties":{"line":"253","mode":"bus","color":"#0059a9","colorDark":"#00294f","band":0,"off":[-3.4,1.1]}},{"type":"Feature","geometry":{"type":"Point","coordinates":[26.193718,44.422966]},"properties":{"line":"330","mode":"bus","color":"#0059a9","colorDark":"#00294f","band":0,"off":[0,1.1]}},{"type":"Feature","geometry":{"type":"Point","coordinates":[26.193718,44.422966]},"properties":{"line":"N104","mode":"bus","color":"#000000","colorDark":"#000000","band":0,"off":[3.4,1.1]}},{"type":"Feature","geometry":{"type":"Point","coordinates":[26.148218,44.464363]},"properties":{"name":"Șoseaua Fundeni","band":0,"modes":"bus","arr":["282","N120"],"off":[0,-0.8]}},{"type":"Feature","geometry":{"type":"Point","coordinates":[26.148218,44.464363]},"properties":{"line":"282","mode":"bus","color":"#0059a9","colorDark":"#00294f","band":0,"off":[-1.7,1.1]}},{"type":"Feature","geometry":{"type":"Point","coordinates":[26.148218,44.464363]},"properties":{"line":"N120","mode":"bus","color":"#000000","colorDark":"#000000","band":0,"off":[1.7,1.1]}},{"type":"Feature","geometry":{"type":"Point","coordinates":[26.085992,44.508092]},"properties":{"name":"Complex Băneasa","band":0,"modes":"bus","arr":["290","335","435","450","473","N119"],"off":[0,-0.8]}},{"type":"Feature","geometry":{"type":"Point","coordinates":[26.085992,44.508092]},"properties":{"line":"290","mode":"bus","color":"#0059a9","colorDark":"#00294f","band":0,"off":[-6.8,1.1]}},{"type":"Feature","geometry":{"type":"Point","coordinates":[26.085992,44.508092]},"properties":{"line":"335","mode":"bus","color":"#0059a9","colorDark":"#00294f","band":0,"off":[-3.4,1.1]}},{"type":"Feature","geometry":{"type":"Point","coordinates":[26.085992,44.508092]},"properties":{"line":"435","mode":"bus","color":"#0059a9","colorDark":"#00294f","band":0,"off":[0,1.1]}},{"type":"Feature","geometry":{"type":"Point","coordinates":[26.085992,44.508092]},"properties":{"line":"450","mode":"bus","color":"#0059a9","colorDark":"#00294f","band":0,"off":[3.4,1.1]}},{"type":"Feature","geometry":{"type":"Point","coordinates":[26.085992,44.508092]},"properties":{"line":"473","mode":"bus","color":"#0059a9","colorDark":"#00294f","band":0,"off":[6.8,1.1]}},{"type":"Feature","geometry":{"type":"Point","coordinates":[26.085992,44.508092]},"properties":{"line":"N119","mode":"bus","color":"#000000","colorDark":"#000000","band":0,"off":[0,3.1]}},{"type":"Feature","geometry":{"type":"Point","coordinates":[26.142701,44.534744]},"properties":{"name":"Pasaj CFR Tunari","band":0,"modes":"bus","arr":["301"],"off":[0,-0.8]}},{"type":"Feature","geometry":{"type":"Point","coordinates":[26.142701,44.534744]},"properties":{"line":"301","mode":"bus","color":"#0059a9","colorDark":"#00294f","band":0,"off":[0,1.1]}},{"type":"Feature","geometry":{"type":"Point","coordinates":[26.142005,44.550082]},"properties":{"name":"Tunari","band":0,"modes":"bus","arr":["301B"],"off":[0,-0.8]}},{"type":"Feature","geometry":{"type":"Point","coordinates":[26.142005,44.550082]},"properties":{"line":"301B","mode":"bus","color":"#0059a9","colorDark":"#00294f","band":0,"off":[0,1.1]}},{"type":"Feature","geometry":{"type":"Point","coordinates":[26.139045,44.420471]},"properties":{"name":"Dristorului","band":0,"modes":"bus,metro","arr":["330","627","M1"],"off":[0,-0.8]}},{"type":"Feature","geometry":{"type":"Point","coordinates":[26.139045,44.420471]},"properties":{"name":"Dristor 2","band":0,"modes":"bus,metro","arr":["330","627","M1"],"off":[0,-1.9]}},{"type":"Feature","geometry":{"type":"Point","coordinates":[26.139045,44.420471]},"properties":{"line":"330","mode":"bus","color":"#0059a9","colorDark":"#00294f","band":0,"off":[-3.4,1.1]}},{"type":"Feature","geometry":{"type":"Point","coordinates":[26.139045,44.420471]},"properties":{"line":"627","mode":"bus","color":"#0059a9","colorDark":"#00294f","band":0,"off":[0,1.1]}},{"type":"Feature","geometry":{"type":"Point","coordinates":[26.139045,44.420471]},"properties":{"line":"M1","mode":"tram","color":"#F8C301","colorDark":"#886b01","band":0,"metro":1,"off":[3.4,1.1]}},{"type":"Feature","geometry":{"type":"Point","coordinates":[26.051457,44.488246]},"properties":{"name":"Cartier Dămăroaia","band":0,"modes":"bus","arr":["331"],"off":[0,-0.8]}},{"type":"Feature","geometry":{"type":"Point","coordinates":[26.051457,44.488246]},"properties":{"line":"331","mode":"bus","color":"#0059a9","colorDark":"#00294f","band":0,"off":[0,1.1]}},{"type":"Feature","geometry":{"type":"Point","coordinates":[26.062245,44.490688]},"properties":{"name":"Petrom City","band":0,"modes":"bus","arr":["331B"],"off":[0,-0.8]}},{"type":"Feature","geometry":{"type":"Point","coordinates":[26.062245,44.490688]},"properties":{"line":"331B","mode":"bus","color":"#0059a9","colorDark":"#00294f","band":0,"off":[0,1.1]}},{"type":"Feature","geometry":{"type":"Point","coordinates":[26.176185,44.470448]},"properties":{"name":"Fundeni","band":0,"modes":"bus","arr":["343"],"off":[0,-0.8]}},{"type":"Feature","geometry":{"type":"Point","coordinates":[26.176185,44.470448]},"properties":{"line":"343","mode":"bus","color":"#0059a9","colorDark":"#00294f","band":0,"off":[0,1.1]}},{"type":"Feature","geometry":{"type":"Point","coordinates":[26.097353,44.497582]},"properties":{"name":"Cartier Henri Coandă","band":0,"modes":"bus","arr":["343"],"off":[0,-0.8]}},{"type":"Feature","geometry":{"type":"Point","coordinates":[26.097353,44.497582]},"properties":{"line":"343","mode":"bus","color":"#0059a9","colorDark":"#00294f","band":0,"off":[0,1.1]}},{"type":"Feature","geometry":{"type":"Point","coordinates":[26.147529,44.48163]},"properties":{"name":"Escalei","band":0,"modes":"bus","arr":["382"],"off":[0,-0.8]}},{"type":"Feature","geometry":{"type":"Point","coordinates":[26.147529,44.48163]},"properties":{"line":"382","mode":"bus","color":"#0059a9","colorDark":"#00294f","band":0,"off":[0,1.1]}},{"type":"Feature","geometry":{"type":"Point","coordinates":[26.125219,44.549023]},"properties":{"name":"Tunari (1 Decembrie)","band":0,"modes":"bus","arr":["459"],"off":[0,-0.8]}},{"type":"Feature","geometry":{"type":"Point","coordinates":[26.125219,44.549023]},"properties":{"line":"459","mode":"bus","color":"#0059a9","colorDark":"#00294f","band":0,"off":[0,1.1]}},{"type":"Feature","geometry":{"type":"Point","coordinates":[26.353751,44.424339]},"properties":{"name":"Vadu Anei","band":0,"modes":"bus","arr":["403"],"off":[0,-0.8]}},{"type":"Feature","geometry":{"type":"Point","coordinates":[26.353751,44.424339]},"properties":{"line":"403","mode":"bus","color":"#0059a9","colorDark":"#00294f","band":0,"off":[0,1.1]}},{"type":"Feature","geometry":{"type":"Point","coordinates":[26.349513,44.445026]},"properties":{"name":"Brănești","band":0,"modes":"bus","arr":["458"],"off":[0,-0.8]}},{"type":"Feature","geometry":{"type":"Point","coordinates":[26.349513,44.445026]},"properties":{"line":"458","mode":"bus","color":"#0059a9","colorDark":"#00294f","band":0,"off":[0,1.1]}},{"type":"Feature","geometry":{"type":"Point","coordinates":[26.290014,44.392616]},"properties":{"name":"Spital Bălăceanca","band":0,"modes":"bus","arr":["405"],"off":[0,-0.8]}},{"type":"Feature","geometry":{"type":"Point","coordinates":[26.290014,44.392616]},"properties":{"line":"405","mode":"bus","color":"#0059a9","colorDark":"#00294f","band":0,"off":[0,1.1]}},{"type":"Feature","geometry":{"type":"Point","coordinates":[26.315281,44.371368]},"properties":{"name":"Sat Poșta","band":0,"modes":"bus","arr":["407"],"off":[0,-0.8]}},{"type":"Feature","geometry":{"type":"Point","coordinates":[26.315281,44.371368]},"properties":{"line":"407","mode":"bus","color":"#0059a9","colorDark":"#00294f","band":0,"off":[0,1.1]}},{"type":"Feature","geometry":{"type":"Point","coordinates":[26.24799,44.403277]},"properties":{"name":"Manolache","band":0,"modes":"bus","arr":["408"],"off":[0,-0.8]}},{"type":"Feature","geometry":{"type":"Point","coordinates":[26.24799,44.403277]},"properties":{"line":"408","mode":"bus","color":"#0059a9","colorDark":"#00294f","band":0,"off":[0,1.1]}},{"type":"Feature","geometry":{"type":"Point","coordinates":[26.218866,44.606725]},"properties":{"name":"Crizantemelor","band":0,"modes":"bus","arr":["409B"],"off":[0,-0.8]}},{"type":"Feature","geometry":{"type":"Point","coordinates":[26.218866,44.606725]},"properties":{"line":"409B","mode":"bus","color":"#0059a9","colorDark":"#00294f","band":0,"off":[0,1.1]}},{"type":"Feature","geometry":{"type":"Point","coordinates":[26.30936,44.741376]},"properties":{"name":"Merii Petchii Sosiri","band":0,"modes":"bus","arr":["409"],"off":[0,-0.8]}},{"type":"Feature","geometry":{"type":"Point","coordinates":[26.30936,44.741376]},"properties":{"name":"Merii Petchii","band":0,"modes":"bus","arr":["409"],"off":[0,-3]}},{"type":"Feature","geometry":{"type":"Point","coordinates":[26.30936,44.741376]},"properties":{"line":"409","mode":"bus","color":"#0059a9","colorDark":"#00294f","band":0,"off":[0,1.1]}},{"type":"Feature","geometry":{"type":"Point","coordinates":[26.243629,44.602365]},"properties":{"name":"Gagu","band":0,"modes":"bus","arr":["411","468"],"off":[0,-0.8]}},{"type":"Feature","geometry":{"type":"Point","coordinates":[26.243629,44.602365]},"properties":{"line":"411","mode":"bus","color":"#0059a9","colorDark":"#00294f","band":0,"off":[-1.7,1.1]}},{"type":"Feature","geometry":{"type":"Point","coordinates":[26.243629,44.602365]},"properties":{"line":"468","mode":"bus","color":"#0059a9","colorDark":"#00294f","band":0,"off":[1.7,1.1]}},{"type":"Feature","geometry":{"type":"Point","coordinates":[26.360723,44.573215]},"properties":{"name":"Măineasca","band":0,"modes":"bus","arr":["412"],"off":[0,-0.8]}},{"type":"Feature","geometry":{"type":"Point","coordinates":[26.360723,44.573215]},"properties":{"line":"412","mode":"bus","color":"#0059a9","colorDark":"#00294f","band":0,"off":[0,1.1]}},{"type":"Feature","geometry":{"type":"Point","coordinates":[26.335711,44.503075]},"properties":{"name":"Piteasca","band":0,"modes":"bus","arr":["413","417","457"],"off":[0,-0.8]}},{"type":"Feature","geometry":{"type":"Point","coordinates":[26.335711,44.503075]},"properties":{"line":"413","mode":"bus","color":"#0059a9","colorDark":"#00294f","band":0,"off":[-3.4,1.1]}},{"type":"Feature","geometry":{"type":"Point","coordinates":[26.335711,44.503075]},"properties":{"line":"417","mode":"bus","color":"#0059a9","colorDark":"#00294f","band":0,"off":[0,1.1]}},{"type":"Feature","geometry":{"type":"Point","coordinates":[26.335711,44.503075]},"properties":{"line":"457","mode":"bus","color":"#0059a9","colorDark":"#00294f","band":0,"off":[3.4,1.1]}},{"type":"Feature","geometry":{"type":"Point","coordinates":[26.115943,44.480665]},"properties":{"name":"Pipera","band":0,"modes":"bus,metro","arr":["416","450","488","M2"],"off":[0,-0.8]}},{"type":"Feature","geometry":{"type":"Point","coordinates":[26.115943,44.480665]},"properties":{"name":"M Pipera","band":0,"modes":"bus,metro","arr":["416","450","488","M2"],"off":[0,-1.9]}},{"type":"Feature","geometry":{"type":"Point","coordinates":[26.115943,44.480665]},"properties":{"line":"416","mode":"bus","color":"#0059a9","colorDark":"#00294f","band":0,"off":[-5.1,1.1]}},{"type":"Feature","geometry":{"type":"Point","coordinates":[26.115943,44.480665]},"properties":{"line":"450","mode":"bus","color":"#0059a9","colorDark":"#00294f","band":0,"off":[-1.7,1.1]}},{"type":"Feature","geometry":{"type":"Point","coordinates":[26.115943,44.480665]},"properties":{"line":"488","mode":"bus","color":"#0059a9","colorDark":"#00294f","band":0,"off":[1.7,1.1]}},{"type":"Feature","geometry":{"type":"Point","coordinates":[26.115943,44.480665]},"properties":{"line":"M2","mode":"tram","color":"#495676","colorDark":"#282f41","band":0,"metro":1,"off":[5.1,1.1]}},{"type":"Feature","geometry":{"type":"Point","coordinates":[26.186424,44.480592]},"properties":{"name":"Strada Gării Pantelimon","band":0,"modes":"bus","arr":["416","473"],"off":[0,-0.8]}},{"type":"Feature","geometry":{"type":"Point","coordinates":[26.186424,44.480592]},"properties":{"line":"416","mode":"bus","color":"#0059a9","colorDark":"#00294f","band":0,"off":[-1.7,1.1]}},{"type":"Feature","geometry":{"type":"Point","coordinates":[26.186424,44.480592]},"properties":{"line":"473","mode":"bus","color":"#0059a9","colorDark":"#00294f","band":0,"off":[1.7,1.1]}},{"type":"Feature","geometry":{"type":"Point","coordinates":[26.11838,44.265427]},"properties":{"name":"Copăceni","band":0,"modes":"bus","arr":["418"],"off":[0,-0.8]}},{"type":"Feature","geometry":{"type":"Point","coordinates":[26.11838,44.265427]},"properties":{"line":"418","mode":"bus","color":"#0059a9","colorDark":"#00294f","band":0,"off":[0,1.1]}},{"type":"Feature","geometry":{"type":"Point","coordinates":[26.104985,44.343034]},"properties":{"name":"Bumbăcăria Jilava","band":0,"modes":"bus","arr":["419"],"off":[0,-0.8]}},{"type":"Feature","geometry":{"type":"Point","coordinates":[26.104985,44.343034]},"properties":{"line":"419","mode":"bus","color":"#0059a9","colorDark":"#00294f","band":0,"off":[0,1.1]}},{"type":"Feature","geometry":{"type":"Point","coordinates":[25.952908,44.330297]},"properties":{"name":"Cornetu","band":0,"modes":"bus","arr":["421"],"off":[0,-0.8]}},{"type":"Feature","geometry":{"type":"Point","coordinates":[25.952908,44.330297]},"properties":{"line":"421","mode":"bus","color":"#0059a9","colorDark":"#00294f","band":0,"off":[0,1.1]}},{"type":"Feature","geometry":{"type":"Point","coordinates":[25.877664,44.414136]},"properties":{"name":"Dârvari","band":0,"modes":"bus","arr":["422","431"],"off":[0,-0.8]}},{"type":"Feature","geometry":{"type":"Point","coordinates":[25.877664,44.414136]},"properties":{"line":"422","mode":"bus","color":"#0059a9","colorDark":"#00294f","band":0,"off":[-1.7,1.1]}},{"type":"Feature","geometry":{"type":"Point","coordinates":[25.877664,44.414136]},"properties":{"line":"431","mode":"bus","color":"#0059a9","colorDark":"#00294f","band":0,"off":[1.7,1.1]}},{"type":"Feature","geometry":{"type":"Point","coordinates":[25.870102,44.379336]},"properties":{"name":"Țegheș","band":0,"modes":"bus","arr":["423"],"off":[0,-0.8]}},{"type":"Feature","geometry":{"type":"Point","coordinates":[25.870102,44.379336]},"properties":{"line":"423","mode":"bus","color":"#0059a9","colorDark":"#00294f","band":0,"off":[0,1.1]}},{"type":"Feature","geometry":{"type":"Point","coordinates":[25.938284,44.37634]},"properties":{"name":"Clinceni","band":0,"modes":"bus","arr":["424","425B"],"off":[0,-0.8]}},{"type":"Feature","geometry":{"type":"Point","coordinates":[25.938284,44.37634]},"properties":{"line":"424","mode":"bus","color":"#0059a9","colorDark":"#00294f","band":0,"off":[-1.7,1.1]}},{"type":"Feature","geometry":{"type":"Point","coordinates":[25.938284,44.37634]},"properties":{"line":"425B","mode":"bus","color":"#0059a9","colorDark":"#00294f","band":0,"off":[1.7,1.1]}},{"type":"Feature","geometry":{"type":"Point","coordinates":[25.885131,44.360805]},"properties":{"name":"Ordoreanu","band":0,"modes":"bus","arr":["425"],"off":[0,-0.8]}},{"type":"Feature","geometry":{"type":"Point","coordinates":[25.885131,44.360805]},"properties":{"line":"425","mode":"bus","color":"#0059a9","colorDark":"#00294f","band":0,"off":[0,1.1]}},{"type":"Feature","geometry":{"type":"Point","coordinates":[25.989116,44.329691]},"properties":{"name":"Pruni","band":0,"modes":"bus","arr":["426"],"off":[0,-0.8]}},{"type":"Feature","geometry":{"type":"Point","coordinates":[25.989116,44.329691]},"properties":{"line":"426","mode":"bus","color":"#0059a9","colorDark":"#00294f","band":0,"off":[0,1.1]}},{"type":"Feature","geometry":{"type":"Point","coordinates":[26.028043,44.307343]},"properties":{"name":"Dărăști","band":0,"modes":"bus","arr":["427"],"off":[0,-0.8]}},{"type":"Feature","geometry":{"type":"Point","coordinates":[26.028043,44.307343]},"properties":{"line":"427","mode":"bus","color":"#0059a9","colorDark":"#00294f","band":0,"off":[0,1.1]}},{"type":"Feature","geometry":{"type":"Point","coordinates":[25.981305,44.508641]},"properties":{"name":"Primăria Chitila","band":0,"modes":"bus","arr":["462","466"],"off":[0,-0.8]}},{"type":"Feature","geometry":{"type":"Point","coordinates":[25.981305,44.508641]},"properties":{"line":"462","mode":"bus","color":"#0059a9","colorDark":"#00294f","band":0,"off":[-1.7,1.1]}},{"type":"Feature","geometry":{"type":"Point","coordinates":[25.981305,44.508641]},"properties":{"line":"466","mode":"bus","color":"#0059a9","colorDark":"#00294f","band":0,"off":[1.7,1.1]}},{"type":"Feature","geometry":{"type":"Point","coordinates":[25.970651,44.515303]},"properties":{"name":"Pasaj Cfr Chitila","band":0,"modes":"bus","arr":["429","435","476"],"off":[0,-0.8]}},{"type":"Feature","geometry":{"type":"Point","coordinates":[25.970651,44.515303]},"properties":{"line":"429","mode":"bus","color":"#0059a9","colorDark":"#00294f","band":0,"off":[-3.4,1.1]}},{"type":"Feature","geometry":{"type":"Point","coordinates":[25.970651,44.515303]},"properties":{"line":"435","mode":"bus","color":"#0059a9","colorDark":"#00294f","band":0,"off":[0,1.1]}},{"type":"Feature","geometry":{"type":"Point","coordinates":[25.970651,44.515303]},"properties":{"line":"476","mode":"bus","color":"#0059a9","colorDark":"#00294f","band":0,"off":[3.4,1.1]}},{"type":"Feature","geometry":{"type":"Point","coordinates":[25.909742,44.493602]},"properties":{"name":"Zurbaua","band":0,"modes":"bus","arr":["432"],"off":[0,-0.8]}},{"type":"Feature","geometry":{"type":"Point","coordinates":[25.909742,44.493602]},"properties":{"line":"432","mode":"bus","color":"#0059a9","colorDark":"#00294f","band":0,"off":[0,1.1]}},{"type":"Feature","geometry":{"type":"Point","coordinates":[25.912239,44.472357]},"properties":{"name":"Dragomirești Deal","band":0,"modes":"bus","arr":["433"],"off":[0,-0.8]}},{"type":"Feature","geometry":{"type":"Point","coordinates":[25.912239,44.472357]},"properties":{"line":"433","mode":"bus","color":"#0059a9","colorDark":"#00294f","band":0,"off":[0,1.1]}},{"type":"Feature","geometry":{"type":"Point","coordinates":[25.97254,44.441486]},"properties":{"name":"Chiajna-Stelelor","band":0,"modes":"bus","arr":["434","483"],"off":[0,-0.8]}},{"type":"Feature","geometry":{"type":"Point","coordinates":[25.97254,44.441486]},"properties":{"line":"434","mode":"bus","color":"#0059a9","colorDark":"#00294f","band":0,"off":[-1.7,1.1]}},{"type":"Feature","geometry":{"type":"Point","coordinates":[25.97254,44.441486]},"properties":{"line":"483","mode":"bus","color":"#0059a9","colorDark":"#00294f","band":0,"off":[1.7,1.1]}},{"type":"Feature","geometry":{"type":"Point","coordinates":[26.033671,44.43433]},"properties":{"name":"M Lujerului","band":0,"modes":"bus","arr":["434","483"],"off":[0,-0.8]}},{"type":"Feature","geometry":{"type":"Point","coordinates":[26.033671,44.43433]},"properties":{"line":"434","mode":"bus","color":"#0059a9","colorDark":"#00294f","band":0,"off":[-1.7,1.1]}},{"type":"Feature","geometry":{"type":"Point","coordinates":[26.033671,44.43433]},"properties":{"line":"483","mode":"bus","color":"#0059a9","colorDark":"#00294f","band":0,"off":[1.7,1.1]}},{"type":"Feature","geometry":{"type":"Point","coordinates":[25.938829,44.574553]},"properties":{"name":"Studiourile Buftea","band":0,"modes":"bus","arr":["436","462","466"],"off":[0,-0.8]}},{"type":"Feature","geometry":{"type":"Point","coordinates":[25.938829,44.574553]},"properties":{"name":"Oraș Buftea","band":0,"modes":"bus","arr":["436","462","466"],"off":[0,-1.9]}},{"type":"Feature","geometry":{"type":"Point","coordinates":[25.938829,44.574553]},"properties":{"line":"436","mode":"bus","color":"#0059a9","colorDark":"#00294f","band":0,"off":[-3.4,1.1]}},{"type":"Feature","geometry":{"type":"Point","coordinates":[25.938829,44.574553]},"properties":{"line":"462","mode":"bus","color":"#0059a9","colorDark":"#00294f","band":0,"off":[0,1.1]}},{"type":"Feature","geometry":{"type":"Point","coordinates":[25.938829,44.574553]},"properties":{"line":"466","mode":"bus","color":"#0059a9","colorDark":"#00294f","band":0,"off":[3.4,1.1]}},{"type":"Feature","geometry":{"type":"Point","coordinates":[26.188984,44.259428]},"properties":{"name":"Vidra","band":0,"modes":"bus","arr":["438"],"off":[0,-0.8]}},{"type":"Feature","geometry":{"type":"Point","coordinates":[26.188984,44.259428]},"properties":{"line":"438","mode":"bus","color":"#0059a9","colorDark":"#00294f","band":0,"off":[0,1.1]}},{"type":"Feature","geometry":{"type":"Point","coordinates":[26.195781,44.367136]},"properties":{"name":"Danubiana","band":0,"modes":"bus","arr":["439"],"off":[0,-0.8]}},{"type":"Feature","geometry":{"type":"Point","coordinates":[26.195781,44.367136]},"properties":{"line":"439","mode":"bus","color":"#0059a9","colorDark":"#00294f","band":0,"off":[0,1.1]}},{"type":"Feature","geometry":{"type":"Point","coordinates":[26.221789,44.378706]},"properties":{"name":"Leordeni","band":0,"modes":"bus","arr":["440"],"off":[0,-0.8]}},{"type":"Feature","geometry":{"type":"Point","coordinates":[26.221789,44.378706]},"properties":{"line":"440","mode":"bus","color":"#0059a9","colorDark":"#00294f","band":0,"off":[0,1.1]}},{"type":"Feature","geometry":{"type":"Point","coordinates":[26.014985,44.614253]},"properties":{"name":"Ostratu","band":0,"modes":"bus","arr":["441"],"off":[0,-0.8]}},{"type":"Feature","geometry":{"type":"Point","coordinates":[26.014985,44.614253]},"properties":{"line":"441","mode":"bus","color":"#0059a9","colorDark":"#00294f","band":0,"off":[0,1.1]}},{"type":"Feature","geometry":{"type":"Point","coordinates":[25.998536,44.577751]},"properties":{"name":"Tamași","band":0,"modes":"bus","arr":["441B"],"off":[0,-0.8]}},{"type":"Feature","geometry":{"type":"Point","coordinates":[25.998536,44.577751]},"properties":{"line":"441B","mode":"bus","color":"#0059a9","colorDark":"#00294f","band":0,"off":[0,1.1]}},{"type":"Feature","geometry":{"type":"Point","coordinates":[26.087139,44.606075]},"properties":{"name":"Therme București","band":0,"modes":"bus","arr":["442"],"off":[0,-0.8]}},{"type":"Feature","geometry":{"type":"Point","coordinates":[26.087139,44.606075]},"properties":{"line":"442","mode":"bus","color":"#0059a9","colorDark":"#00294f","band":0,"off":[0,1.1]}},{"type":"Feature","geometry":{"type":"Point","coordinates":[25.997377,44.677974]},"properties":{"name":"Periș","band":0,"modes":"bus","arr":["443"],"off":[0,-0.8]}},{"type":"Feature","geometry":{"type":"Point","coordinates":[25.997377,44.677974]},"properties":{"line":"443","mode":"bus","color":"#0059a9","colorDark":"#00294f","band":0,"off":[0,1.1]}},{"type":"Feature","geometry":{"type":"Point","coordinates":[25.976546,44.687678]},"properties":{"name":"Periș Sat","band":0,"modes":"bus","arr":["443B"],"off":[0,-0.8]}},{"type":"Feature","geometry":{"type":"Point","coordinates":[25.976546,44.687678]},"properties":{"line":"443B","mode":"bus","color":"#0059a9","colorDark":"#00294f","band":0,"off":[0,1.1]}},{"type":"Feature","geometry":{"type":"Point","coordinates":[26.071213,44.743572]},"properties":{"name":"Piscu","band":0,"modes":"bus","arr":["444"],"off":[0,-0.8]}},{"type":"Feature","geometry":{"type":"Point","coordinates":[26.071213,44.743572]},"properties":{"line":"444","mode":"bus","color":"#0059a9","colorDark":"#00294f","band":0,"off":[0,1.1]}},{"type":"Feature","geometry":{"type":"Point","coordinates":[26.273115,44.712182]},"properties":{"name":"Gruiu-Lipia","band":0,"modes":"bus","arr":["446","447"],"off":[0,-0.8]}},{"type":"Feature","geometry":{"type":"Point","coordinates":[26.273115,44.712182]},"properties":{"name":"Gruiu Lipia Urcare","band":0,"modes":"bus","arr":["446","447"],"off":[0,-1.9]}},{"type":"Feature","geometry":{"type":"Point","coordinates":[26.273115,44.712182]},"properties":{"line":"446","mode":"bus","color":"#0059a9","colorDark":"#00294f","band":0,"off":[-1.7,1.1]}},{"type":"Feature","geometry":{"type":"Point","coordinates":[26.273115,44.712182]},"properties":{"line":"447","mode":"bus","color":"#0059a9","colorDark":"#00294f","band":0,"off":[1.7,1.1]}},{"type":"Feature","geometry":{"type":"Point","coordinates":[26.359744,44.693384]},"properties":{"name":"Micșuneștii Mari","band":0,"modes":"bus","arr":["447B"],"off":[0,-0.8]}},{"type":"Feature","geometry":{"type":"Point","coordinates":[26.359744,44.693384]},"properties":{"line":"447B","mode":"bus","color":"#0059a9","colorDark":"#00294f","band":0,"off":[0,1.1]}},{"type":"Feature","geometry":{"type":"Point","coordinates":[26.231157,44.64512]},"properties":{"name":"Moara Vlăsiei","band":0,"modes":"bus","arr":["448"],"off":[0,-0.8]}},{"type":"Feature","geometry":{"type":"Point","coordinates":[26.231157,44.64512]},"properties":{"line":"448","mode":"bus","color":"#0059a9","colorDark":"#00294f","band":0,"off":[0,1.1]}},{"type":"Feature","geometry":{"type":"Point","coordinates":[26.101787,44.478947]},"properties":{"name":"M Aurel Vlaicu","band":0,"modes":"bus","arr":["449","459"],"off":[0,-0.8]}},{"type":"Feature","geometry":{"type":"Point","coordinates":[26.101787,44.478947]},"properties":{"line":"449","mode":"bus","color":"#0059a9","colorDark":"#00294f","band":0,"off":[-1.7,1.1]}},{"type":"Feature","geometry":{"type":"Point","coordinates":[26.101787,44.478947]},"properties":{"line":"459","mode":"bus","color":"#0059a9","colorDark":"#00294f","band":0,"off":[1.7,1.1]}},{"type":"Feature","geometry":{"type":"Point","coordinates":[26.115595,44.646383]},"properties":{"name":"Dumbrăveni Spital Sri","band":0,"modes":"bus","arr":["449"],"off":[0,-0.8]}},{"type":"Feature","geometry":{"type":"Point","coordinates":[26.115595,44.646383]},"properties":{"line":"449","mode":"bus","color":"#0059a9","colorDark":"#00294f","band":0,"off":[0,1.1]}},{"type":"Feature","geometry":{"type":"Point","coordinates":[26.320419,44.386177]},"properties":{"name":"Tânganu","band":0,"modes":"bus","arr":["451"],"off":[0,-0.8]}},{"type":"Feature","geometry":{"type":"Point","coordinates":[26.320419,44.386177]},"properties":{"line":"451","mode":"bus","color":"#0059a9","colorDark":"#00294f","band":0,"off":[0,1.1]}},{"type":"Feature","geometry":{"type":"Point","coordinates":[26.385727,44.457653]},"properties":{"name":"Islaz","band":0,"modes":"bus","arr":["452"],"off":[0,-0.8]}},{"type":"Feature","geometry":{"type":"Point","coordinates":[26.385727,44.457653]},"properties":{"line":"452","mode":"bus","color":"#0059a9","colorDark":"#00294f","band":0,"off":[0,1.1]}},{"type":"Feature","geometry":{"type":"Point","coordinates":[26.212125,44.464956]},"properties":{"name":"Ferma Pantelimon","band":0,"modes":"bus","arr":["454"],"off":[0,-0.8]}},{"type":"Feature","geometry":{"type":"Point","coordinates":[26.212125,44.464956]},"properties":{"line":"454","mode":"bus","color":"#0059a9","colorDark":"#00294f","band":0,"off":[0,1.1]}},{"type":"Feature","geometry":{"type":"Point","coordinates":[26.18538,44.459147]},"properties":{"name":"Victor Dumitrescu","band":0,"modes":"bus","arr":["455"],"off":[0,-0.8]}},{"type":"Feature","geometry":{"type":"Point","coordinates":[26.18538,44.459147]},"properties":{"line":"455","mode":"bus","color":"#0059a9","colorDark":"#00294f","band":0,"off":[0,1.1]}},{"type":"Feature","geometry":{"type":"Point","coordinates":[25.98576,44.362099]},"properties":{"name":"Vârteju","band":0,"modes":"bus","arr":["464"],"off":[0,-0.8]}},{"type":"Feature","geometry":{"type":"Point","coordinates":[25.98576,44.362099]},"properties":{"line":"464","mode":"bus","color":"#0059a9","colorDark":"#00294f","band":0,"off":[0,1.1]}},{"type":"Feature","geometry":{"type":"Point","coordinates":[26.054016,44.284275]},"properties":{"name":"1 Decembrie","band":0,"modes":"bus","arr":["465"],"off":[0,-0.8]}},{"type":"Feature","geometry":{"type":"Point","coordinates":[26.054016,44.284275]},"properties":{"line":"465","mode":"bus","color":"#0059a9","colorDark":"#00294f","band":0,"off":[0,1.1]}},{"type":"Feature","geometry":{"type":"Point","coordinates":[26.20381,44.4985]},"properties":{"name":"Pod Cfr Afumați","band":0,"modes":"bus","arr":["467"],"off":[0,-0.8]}},{"type":"Feature","geometry":{"type":"Point","coordinates":[26.20381,44.4985]},"properties":{"line":"467","mode":"bus","color":"#0059a9","colorDark":"#00294f","band":0,"off":[0,1.1]}},{"type":"Feature","geometry":{"type":"Point","coordinates":[26.343811,44.669188]},"properties":{"name":"Sitaru","band":0,"modes":"bus","arr":["468B","477"],"off":[0,-0.8]}},{"type":"Feature","geometry":{"type":"Point","coordinates":[26.343811,44.669188]},"properties":{"line":"468B","mode":"bus","color":"#0059a9","colorDark":"#00294f","band":0,"off":[-1.7,1.1]}},{"type":"Feature","geometry":{"type":"Point","coordinates":[26.343811,44.669188]},"properties":{"line":"477","mode":"bus","color":"#0059a9","colorDark":"#00294f","band":0,"off":[1.7,1.1]}},{"type":"Feature","geometry":{"type":"Point","coordinates":[25.976874,44.532294]},"properties":{"name":"Tudor Arghezi","band":0,"modes":"bus","arr":["470"],"off":[0,-0.8]}},{"type":"Feature","geometry":{"type":"Point","coordinates":[25.976874,44.532294]},"properties":{"line":"470","mode":"bus","color":"#0059a9","colorDark":"#00294f","band":0,"off":[0,1.1]}},{"type":"Feature","geometry":{"type":"Point","coordinates":[26.25311,44.416923]},"properties":{"name":"Căldăraru","band":0,"modes":"bus","arr":["472"],"off":[0,-0.8]}},{"type":"Feature","geometry":{"type":"Point","coordinates":[26.25311,44.416923]},"properties":{"line":"472","mode":"bus","color":"#0059a9","colorDark":"#00294f","band":0,"off":[0,1.1]}},{"type":"Feature","geometry":{"type":"Point","coordinates":[26.200211,44.2765]},"properties":{"name":"Mega Parc","band":0,"modes":"bus","arr":["475"],"off":[0,-0.8]}},{"type":"Feature","geometry":{"type":"Point","coordinates":[26.200211,44.2765]},"properties":{"line":"475","mode":"bus","color":"#0059a9","colorDark":"#00294f","band":0,"off":[0,1.1]}},{"type":"Feature","geometry":{"type":"Point","coordinates":[25.982563,44.446406]},"properties":{"name":"Chiajna-Militari","band":0,"modes":"bus","arr":["478"],"off":[0,-0.8]}},{"type":"Feature","geometry":{"type":"Point","coordinates":[25.982563,44.446406]},"properties":{"line":"478","mode":"bus","color":"#0059a9","colorDark":"#00294f","band":0,"off":[0,1.1]}},{"type":"Feature","geometry":{"type":"Point","coordinates":[26.239988,44.337284]},"properties":{"name":"Complex Rezidențial Allegria","band":0,"modes":"bus","arr":["479"],"off":[0,-0.8]}},{"type":"Feature","geometry":{"type":"Point","coordinates":[26.239988,44.337284]},"properties":{"line":"479","mode":"bus","color":"#0059a9","colorDark":"#00294f","band":0,"off":[0,1.1]}},{"type":"Feature","geometry":{"type":"Point","coordinates":[26.150952,44.360365]},"properties":{"name":"Pasarela M Berceni","band":0,"modes":"bus","arr":["480"],"off":[0,-0.8]}},{"type":"Feature","geometry":{"type":"Point","coordinates":[26.150952,44.360365]},"properties":{"line":"480","mode":"bus","color":"#0059a9","colorDark":"#00294f","band":0,"off":[0,1.1]}},{"type":"Feature","geometry":{"type":"Point","coordinates":[26.006088,44.378164]},"properties":{"name":"Școala Gimnazială Nr. 1","band":0,"modes":"bus","arr":["481","482"],"off":[0,-0.8]}},{"type":"Feature","geometry":{"type":"Point","coordinates":[26.006088,44.378164]},"properties":{"line":"481","mode":"bus","color":"#0059a9","colorDark":"#00294f","band":0,"off":[-1.7,1.1]}},{"type":"Feature","geometry":{"type":"Point","coordinates":[26.006088,44.378164]},"properties":{"line":"482","mode":"bus","color":"#0059a9","colorDark":"#00294f","band":0,"off":[1.7,1.1]}},{"type":"Feature","geometry":{"type":"Point","coordinates":[26.000571,44.388559]},"properties":{"name":"Bragadiru Diamantului","band":0,"modes":"bus","arr":["481","482","484","484B","485"],"off":[0,-0.8]}},{"type":"Feature","geometry":{"type":"Point","coordinates":[26.000571,44.388559]},"properties":{"line":"481","mode":"bus","color":"#0059a9","colorDark":"#00294f","band":0,"off":[-6.8,1.1]}},{"type":"Feature","geometry":{"type":"Point","coordinates":[26.000571,44.388559]},"properties":{"line":"482","mode":"bus","color":"#0059a9","colorDark":"#00294f","band":0,"off":[-3.4,1.1]}},{"type":"Feature","geometry":{"type":"Point","coordinates":[26.000571,44.388559]},"properties":{"line":"484","mode":"bus","color":"#0059a9","colorDark":"#00294f","band":0,"off":[0,1.1]}},{"type":"Feature","geometry":{"type":"Point","coordinates":[26.000571,44.388559]},"properties":{"line":"484B","mode":"bus","color":"#0059a9","colorDark":"#00294f","band":0,"off":[3.4,1.1]}},{"type":"Feature","geometry":{"type":"Point","coordinates":[26.000571,44.388559]},"properties":{"line":"485","mode":"bus","color":"#0059a9","colorDark":"#00294f","band":0,"off":[6.8,1.1]}},{"type":"Feature","geometry":{"type":"Point","coordinates":[26.050609,44.348218]},"properties":{"name":"ELI-NP Măgurele","band":0,"modes":"bus","arr":["487"],"off":[0,-0.8]}},{"type":"Feature","geometry":{"type":"Point","coordinates":[26.050609,44.348218]},"properties":{"line":"487","mode":"bus","color":"#0059a9","colorDark":"#00294f","band":0,"off":[0,1.1]}},{"type":"Feature","geometry":{"type":"Point","coordinates":[26.154354,44.514352]},"properties":{"name":"Elisabeta Rizea","band":0,"modes":"bus","arr":["488"],"off":[0,-0.8]}},{"type":"Feature","geometry":{"type":"Point","coordinates":[26.154354,44.514352]},"properties":{"line":"488","mode":"bus","color":"#0059a9","colorDark":"#00294f","band":0,"off":[0,1.1]}},{"type":"Feature","geometry":{"type":"Point","coordinates":[26.105146,44.452641]},"properties":{"name":"Șoseaua Ștefan cel Mare","band":0,"modes":"bus","arr":["605"],"off":[0,-0.8]}},{"type":"Feature","geometry":{"type":"Point","coordinates":[26.105146,44.452641]},"properties":{"line":"605","mode":"bus","color":"#0059a9","colorDark":"#00294f","band":0,"off":[0,1.1]}},{"type":"Feature","geometry":{"type":"Point","coordinates":[26.098388,44.401386]},"properties":{"name":"Șura Mare","band":0,"modes":"tram,bus","arr":["1","54","619"],"off":[0,-0.8]}},{"type":"Feature","geometry":{"type":"Point","coordinates":[26.098388,44.401386]},"properties":{"name":"Cimitirul Șerban Vodă","band":0,"modes":"tram,bus","arr":["1","54","619"],"off":[0,-1.9]}},{"type":"Feature","geometry":{"type":"Point","coordinates":[26.098388,44.401386]},"properties":{"line":"1","mode":"tram","color":"#d6212b","colorDark":"#7c1116","band":0,"off":[-3.4,1.1]}},{"type":"Feature","geometry":{"type":"Point","coordinates":[26.098388,44.401386]},"properties":{"line":"54","mode":"tram","color":"#d6212b","colorDark":"#7c1116","band":0,"off":[0,1.1]}},{"type":"Feature","geometry":{"type":"Point","coordinates":[26.098388,44.401386]},"properties":{"line":"619","mode":"bus","color":"#0059a9","colorDark":"#00294f","band":0,"off":[3.4,1.1]}},{"type":"Feature","geometry":{"type":"Point","coordinates":[26.185522,44.434135]},"properties":{"name":"Republica","band":0,"modes":"bus,metro","arr":["640","M1","N109"],"off":[0,-0.8]}},{"type":"Feature","geometry":{"type":"Point","coordinates":[26.185522,44.434135]},"properties":{"name":"M Republica","band":0,"modes":"bus,metro","arr":["640","M1","N109"],"off":[0,-1.9]}},{"type":"Feature","geometry":{"type":"Point","coordinates":[26.185522,44.434135]},"properties":{"line":"640","mode":"bus","color":"#0059a9","colorDark":"#00294f","band":0,"off":[-3.4,1.1]}},{"type":"Feature","geometry":{"type":"Point","coordinates":[26.185522,44.434135]},"properties":{"line":"M1","mode":"tram","color":"#F8C301","colorDark":"#886b01","band":0,"metro":1,"off":[0,1.1]}},{"type":"Feature","geometry":{"type":"Point","coordinates":[26.185522,44.434135]},"properties":{"line":"N109","mode":"bus","color":"#000000","colorDark":"#000000","band":0,"off":[3.4,1.1]}},{"type":"Feature","geometry":{"type":"Point","coordinates":[26.145641,44.383979]},"properties":{"name":"Romprim","band":0,"modes":"tram,bus","arr":["1","10","N1","N10"],"off":[0,-0.8]}},{"type":"Feature","geometry":{"type":"Point","coordinates":[26.145641,44.383979]},"properties":{"line":"1","mode":"tram","color":"#d6212b","colorDark":"#7c1116","band":0,"off":[-5.1,1.1]}},{"type":"Feature","geometry":{"type":"Point","coordinates":[26.145641,44.383979]},"properties":{"line":"10","mode":"tram","color":"#d6212b","colorDark":"#7c1116","band":0,"off":[-1.7,1.1]}},{"type":"Feature","geometry":{"type":"Point","coordinates":[26.145641,44.383979]},"properties":{"line":"N1","mode":"bus","color":"#000000","colorDark":"#000000","band":0,"off":[1.7,1.1]}},{"type":"Feature","geometry":{"type":"Point","coordinates":[26.145641,44.383979]},"properties":{"line":"N10","mode":"bus","color":"#000000","colorDark":"#000000","band":0,"off":[5.1,1.1]}},{"type":"Feature","geometry":{"type":"Point","coordinates":[26.163229,44.477659]},"properties":{"name":"Pasaj Colentina","band":0,"modes":"tram,bus","arr":["21","N108"],"off":[0,-0.8]}},{"type":"Feature","geometry":{"type":"Point","coordinates":[26.163229,44.477659]},"properties":{"line":"21","mode":"tram","color":"#d6212b","colorDark":"#7c1116","band":0,"off":[-1.7,1.1]}},{"type":"Feature","geometry":{"type":"Point","coordinates":[26.163229,44.477659]},"properties":{"line":"N108","mode":"bus","color":"#000000","colorDark":"#000000","band":0,"off":[1.7,1.1]}},{"type":"Feature","geometry":{"type":"Point","coordinates":[26.023189,44.484991]},"properties":{"name":"Mezeș","band":0,"modes":"tram,bus","arr":["53","N113"],"off":[0,-0.8]}},{"type":"Feature","geometry":{"type":"Point","coordinates":[26.023189,44.484991]},"properties":{"line":"53","mode":"tram","color":"#d6212b","colorDark":"#7c1116","band":0,"off":[-1.7,1.1]}},{"type":"Feature","geometry":{"type":"Point","coordinates":[26.023189,44.484991]},"properties":{"line":"N113","mode":"bus","color":"#000000","colorDark":"#000000","band":0,"off":[1.7,1.1]}},{"type":"Feature","geometry":{"type":"Point","coordinates":[26.100209,44.425708]},"properties":{"name":"Piața Unirii","band":0,"modes":"tram","arr":["7","27","32","54"],"off":[0,-0.8]}},{"type":"Feature","geometry":{"type":"Point","coordinates":[26.100209,44.425708]},"properties":{"line":"7","mode":"tram","color":"#d6212b","colorDark":"#7c1116","band":0,"off":[-5.1,1.1]}},{"type":"Feature","geometry":{"type":"Point","coordinates":[26.100209,44.425708]},"properties":{"line":"27","mode":"tram","color":"#d6212b","colorDark":"#7c1116","band":0,"off":[-1.7,1.1]}},{"type":"Feature","geometry":{"type":"Point","coordinates":[26.100209,44.425708]},"properties":{"line":"32","mode":"tram","color":"#d6212b","colorDark":"#7c1116","band":0,"off":[1.7,1.1]}},{"type":"Feature","geometry":{"type":"Point","coordinates":[26.100209,44.425708]},"properties":{"line":"54","mode":"tram","color":"#d6212b","colorDark":"#7c1116","band":0,"off":[5.1,1.1]}},{"type":"Feature","geometry":{"type":"Point","coordinates":[26.103907,44.433905]},"properties":{"name":"Piața Sf. Gheorghe","band":0,"modes":"tram","arr":["21"],"off":[0,-0.8]}},{"type":"Feature","geometry":{"type":"Point","coordinates":[26.103907,44.433905]},"properties":{"line":"21","mode":"tram","color":"#d6212b","colorDark":"#7c1116","band":0,"off":[0,1.1]}},{"type":"Feature","geometry":{"type":"Point","coordinates":[25.977501,44.429551]},"properties":{"name":"Depoul Militari","band":0,"modes":"tram","arr":["25"],"off":[0,-0.8]}},{"type":"Feature","geometry":{"type":"Point","coordinates":[25.977501,44.429551]},"properties":{"line":"25","mode":"tram","color":"#d6212b","colorDark":"#7c1116","band":0,"off":[0,1.1]}},{"type":"Feature","geometry":{"type":"Point","coordinates":[26.044933,44.477677]},"properties":{"name":"Depoul Bucureștii Noi","band":0,"modes":"tram","arr":["53"],"off":[0,-0.8]}},{"type":"Feature","geometry":{"type":"Point","coordinates":[26.044933,44.477677]},"properties":{"line":"53","mode":"tram","color":"#d6212b","colorDark":"#7c1116","band":0,"off":[0,1.1]}},{"type":"Feature","geometry":{"type":"Point","coordinates":[26.158461,44.349187]},"properties":{"name":"Tudor Arghezi","band":0,"modes":"metro","arr":["M2"],"off":[0,-0.8]}},{"type":"Feature","geometry":{"type":"Point","coordinates":[26.158461,44.349187]},"properties":{"line":"M2","mode":"tram","color":"#495676","colorDark":"#282f41","band":0,"metro":1,"off":[0,1.1]}},{"type":"Feature","geometry":{"type":"Point","coordinates":[25.99097,44.43056]},"properties":{"name":"Preciziei","band":0,"modes":"metro","arr":["M3"],"off":[0,-0.8]}},{"type":"Feature","geometry":{"type":"Point","coordinates":[25.99097,44.43056]},"properties":{"line":"M3","mode":"tram","color":"#DA251C","colorDark":"#78140f","band":0,"metro":1,"off":[0,1.1]}},{"type":"Feature","geometry":{"type":"Point","coordinates":[26.023038,44.41632]},"properties":{"name":"Râul Doamnei","band":0,"modes":"metro","arr":["M5"],"off":[0,-0.8]}},{"type":"Feature","geometry":{"type":"Point","coordinates":[26.023038,44.41632]},"properties":{"line":"M5","mode":"tram","color":"#F7951E","colorDark":"#885211","band":0,"metro":1,"off":[0,1.1]}},{"type":"Feature","geometry":{"type":"Point","coordinates":[26.014361,44.437943]},"properties":{"name":"Complex Apusului","band":1,"modes":"bus","arr":["61","178"],"off":[0,-0.8]}},{"type":"Feature","geometry":{"type":"Point","coordinates":[26.014361,44.437943]},"properties":{"line":"61","mode":"bus","color":"#149a3f","colorDark":"#0a5121","band":1,"off":[-1.7,1.1]}},{"type":"Feature","geometry":{"type":"Point","coordinates":[26.014361,44.437943]},"properties":{"line":"178","mode":"bus","color":"#0059a9","colorDark":"#00294f","band":1,"off":[1.7,1.1]}},{"type":"Feature","geometry":{"type":"Point","coordinates":[26.103531,44.436263]},"properties":{"name":"Piața Rosetti","band":1,"modes":"bus","arr":["61","122","137"],"off":[0,-0.8]}},{"type":"Feature","geometry":{"type":"Point","coordinates":[26.103531,44.436263]},"properties":{"name":"Piața 21 Decembrie 1989","band":1,"modes":"bus","arr":["61","122","137"],"off":[0,-1.9]}},{"type":"Feature","geometry":{"type":"Point","coordinates":[26.103531,44.436263]},"properties":{"line":"61","mode":"bus","color":"#149a3f","colorDark":"#0a5121","band":1,"off":[-3.4,1.1]}},{"type":"Feature","geometry":{"type":"Point","coordinates":[26.103531,44.436263]},"properties":{"line":"122","mode":"bus","color":"#0059a9","colorDark":"#00294f","band":1,"off":[0,1.1]}},{"type":"Feature","geometry":{"type":"Point","coordinates":[26.103531,44.436263]},"properties":{"line":"137","mode":"bus","color":"#0059a9","colorDark":"#00294f","band":1,"off":[3.4,1.1]}},{"type":"Feature","geometry":{"type":"Point","coordinates":[26.076445,44.434479]},"properties":{"name":"Piața Operei","band":1,"modes":"bus,metro","arr":["104","163","M5"],"off":[0,-0.8]}},{"type":"Feature","geometry":{"type":"Point","coordinates":[26.076445,44.434479]},"properties":{"name":"Eroilor 2 (M5)","band":1,"modes":"bus,metro","arr":["104","163","M5"],"off":[0,-1.9]}},{"type":"Feature","geometry":{"type":"Point","coordinates":[26.076445,44.434479]},"properties":{"line":"104","mode":"bus","color":"#0059a9","colorDark":"#00294f","band":1,"off":[-3.4,1.1]}},{"type":"Feature","geometry":{"type":"Point","coordinates":[26.076445,44.434479]},"properties":{"line":"163","mode":"bus","color":"#0059a9","colorDark":"#00294f","band":1,"off":[0,1.1]}},{"type":"Feature","geometry":{"type":"Point","coordinates":[26.076445,44.434479]},"properties":{"line":"M5","mode":"tram","color":"#F7951E","colorDark":"#885211","band":1,"metro":1,"off":[3.4,1.1]}},{"type":"Feature","geometry":{"type":"Point","coordinates":[25.976223,44.435477]},"properties":{"name":"Colegiul Tehnic Iuliu Maniu","band":1,"modes":"bus","arr":["62","N115"],"off":[0,-0.8]}},{"type":"Feature","geometry":{"type":"Point","coordinates":[25.976223,44.435477]},"properties":{"line":"62","mode":"bus","color":"#149a3f","colorDark":"#0a5121","band":1,"off":[-1.7,1.1]}},{"type":"Feature","geometry":{"type":"Point","coordinates":[25.976223,44.435477]},"properties":{"line":"N115","mode":"bus","color":"#000000","colorDark":"#000000","band":1,"off":[1.7,1.1]}},{"type":"Feature","geometry":{"type":"Point","coordinates":[25.998279,44.433713]},"properties":{"name":"Master","band":1,"modes":"bus","arr":["63"],"off":[0,-0.8]}},{"type":"Feature","geometry":{"type":"Point","coordinates":[25.998279,44.433713]},"properties":{"line":"63","mode":"bus","color":"#149a3f","colorDark":"#0a5121","band":1,"off":[0,1.1]}},{"type":"Feature","geometry":{"type":"Point","coordinates":[26.074937,44.445684]},"properties":{"name":"Gara de Nord","band":1,"modes":"bus","arr":["62","85","96","182"],"off":[0,-0.8]}},{"type":"Feature","geometry":{"type":"Point","coordinates":[26.074937,44.445684]},"properties":{"line":"62","mode":"bus","color":"#149a3f","colorDark":"#0a5121","band":1,"off":[-5.1,1.1]}},{"type":"Feature","geometry":{"type":"Point","coordinates":[26.074937,44.445684]},"properties":{"line":"85","mode":"bus","color":"#149a3f","colorDark":"#0a5121","band":1,"off":[-1.7,1.1]}},{"type":"Feature","geometry":{"type":"Point","coordinates":[26.074937,44.445684]},"properties":{"line":"96","mode":"bus","color":"#149a3f","colorDark":"#0a5121","band":1,"off":[1.7,1.1]}},{"type":"Feature","geometry":{"type":"Point","coordinates":[26.074937,44.445684]},"properties":{"line":"182","mode":"bus","color":"#0059a9","colorDark":"#00294f","band":1,"off":[5.1,1.1]}},{"type":"Feature","geometry":{"type":"Point","coordinates":[26.004791,44.433892]},"properties":{"name":"Valea Cascadelor","band":1,"modes":"bus","arr":["429","431","432","433"],"off":[0,-0.8]}},{"type":"Feature","geometry":{"type":"Point","coordinates":[26.004791,44.433892]},"properties":{"line":"429","mode":"bus","color":"#0059a9","colorDark":"#00294f","band":1,"off":[-5.1,1.1]}},{"type":"Feature","geometry":{"type":"Point","coordinates":[26.004791,44.433892]},"properties":{"line":"431","mode":"bus","color":"#0059a9","colorDark":"#00294f","band":1,"off":[-1.7,1.1]}},{"type":"Feature","geometry":{"type":"Point","coordinates":[26.004791,44.433892]},"properties":{"line":"432","mode":"bus","color":"#0059a9","colorDark":"#00294f","band":1,"off":[1.7,1.1]}},{"type":"Feature","geometry":{"type":"Point","coordinates":[26.004791,44.433892]},"properties":{"line":"433","mode":"bus","color":"#0059a9","colorDark":"#00294f","band":1,"off":[5.1,1.1]}},{"type":"Feature","geometry":{"type":"Point","coordinates":[26.090694,44.43302]},"properties":{"name":"Pod Izvor","band":1,"modes":"bus","arr":["63"],"off":[0,-0.8]}},{"type":"Feature","geometry":{"type":"Point","coordinates":[26.090694,44.43302]},"properties":{"line":"63","mode":"bus","color":"#149a3f","colorDark":"#0a5121","band":1,"off":[0,1.1]}},{"type":"Feature","geometry":{"type":"Point","coordinates":[26.156195,44.466775]},"properties":{"name":"Spitalul Fundeni","band":1,"modes":"bus","arr":["66","253"],"off":[0,-0.8]}},{"type":"Feature","geometry":{"type":"Point","coordinates":[26.156195,44.466775]},"properties":{"line":"66","mode":"bus","color":"#149a3f","colorDark":"#0a5121","band":1,"off":[-1.7,1.1]}},{"type":"Feature","geometry":{"type":"Point","coordinates":[26.156195,44.466775]},"properties":{"line":"253","mode":"bus","color":"#0059a9","colorDark":"#00294f","band":1,"off":[1.7,1.1]}},{"type":"Feature","geometry":{"type":"Point","coordinates":[26.125494,44.450847]},"properties":{"name":"Bucur Obor","band":1,"modes":"bus","arr":["143","409","409B","411","412","413","417","467","468","468B"],"off":[0,-0.8]}},{"type":"Feature","geometry":{"type":"Point","coordinates":[26.125494,44.450847]},"properties":{"line":"143","mode":"bus","color":"#0059a9","colorDark":"#00294f","band":1,"off":[-6.8,1.1]}},{"type":"Feature","geometry":{"type":"Point","coordinates":[26.125494,44.450847]},"properties":{"line":"409","mode":"bus","color":"#0059a9","colorDark":"#00294f","band":1,"off":[-3.4,1.1]}},{"type":"Feature","geometry":{"type":"Point","coordinates":[26.125494,44.450847]},"properties":{"line":"409B","mode":"bus","color":"#0059a9","colorDark":"#00294f","band":1,"off":[0,1.1]}},{"type":"Feature","geometry":{"type":"Point","coordinates":[26.125494,44.450847]},"properties":{"line":"411","mode":"bus","color":"#0059a9","colorDark":"#00294f","band":1,"off":[3.4,1.1]}},{"type":"Feature","geometry":{"type":"Point","coordinates":[26.125494,44.450847]},"properties":{"line":"412","mode":"bus","color":"#0059a9","colorDark":"#00294f","band":1,"off":[6.8,1.1]}},{"type":"Feature","geometry":{"type":"Point","coordinates":[26.125494,44.450847]},"properties":{"line":"413","mode":"bus","color":"#0059a9","colorDark":"#00294f","band":1,"off":[-6.8,3.1]}},{"type":"Feature","geometry":{"type":"Point","coordinates":[26.125494,44.450847]},"properties":{"line":"417","mode":"bus","color":"#0059a9","colorDark":"#00294f","band":1,"off":[-3.4,3.1]}},{"type":"Feature","geometry":{"type":"Point","coordinates":[26.125494,44.450847]},"properties":{"line":"467","mode":"bus","color":"#0059a9","colorDark":"#00294f","band":1,"off":[0,3.1]}},{"type":"Feature","geometry":{"type":"Point","coordinates":[26.125494,44.450847]},"properties":{"line":"468","mode":"bus","color":"#0059a9","colorDark":"#00294f","band":1,"off":[3.4,3.1]}},{"type":"Feature","geometry":{"type":"Point","coordinates":[26.125494,44.450847]},"properties":{"line":"468B","mode":"bus","color":"#0059a9","colorDark":"#00294f","band":1,"off":[6.8,3.1]}},{"type":"Feature","geometry":{"type":"Point","coordinates":[26.083946,44.436241]},"properties":{"name":"Vasile Pârvan","band":1,"modes":"bus","arr":["66","642"],"off":[0,-0.8]}},{"type":"Feature","geometry":{"type":"Point","coordinates":[26.083946,44.436241]},"properties":{"line":"66","mode":"bus","color":"#149a3f","colorDark":"#0a5121","band":1,"off":[-1.7,1.1]}},{"type":"Feature","geometry":{"type":"Point","coordinates":[26.083946,44.436241]},"properties":{"line":"642","mode":"bus","color":"#0059a9","colorDark":"#00294f","band":1,"off":[1.7,1.1]}},{"type":"Feature","geometry":{"type":"Point","coordinates":[26.015671,44.415739]},"properties":{"name":"Valea Argeșului","band":1,"modes":"bus","arr":["69","N121"],"off":[0,-0.8]}},{"type":"Feature","geometry":{"type":"Point","coordinates":[26.015671,44.415739]},"properties":{"line":"69","mode":"bus","color":"#149a3f","colorDark":"#0a5121","band":1,"off":[-1.7,1.1]}},{"type":"Feature","geometry":{"type":"Point","coordinates":[26.015671,44.415739]},"properties":{"line":"N121","mode":"bus","color":"#000000","colorDark":"#000000","band":1,"off":[1.7,1.1]}},{"type":"Feature","geometry":{"type":"Point","coordinates":[26.169542,44.436129]},"properties":{"name":"Bd. Basarabia","band":1,"modes":"bus","arr":["69","455"],"off":[0,-0.8]}},{"type":"Feature","geometry":{"type":"Point","coordinates":[26.169542,44.436129]},"properties":{"line":"69","mode":"bus","color":"#149a3f","colorDark":"#0a5121","band":1,"off":[-1.7,1.1]}},{"type":"Feature","geometry":{"type":"Point","coordinates":[26.169542,44.436129]},"properties":{"line":"455","mode":"bus","color":"#0059a9","colorDark":"#00294f","band":1,"off":[1.7,1.1]}},{"type":"Feature","geometry":{"type":"Point","coordinates":[26.033525,44.418157]},"properties":{"name":"Parcul Drumul Taberei","band":1,"modes":"bus","arr":["222","322","485"],"off":[0,-0.8]}},{"type":"Feature","geometry":{"type":"Point","coordinates":[26.033525,44.418157]},"properties":{"line":"222","mode":"bus","color":"#0059a9","colorDark":"#00294f","band":1,"off":[-3.4,1.1]}},{"type":"Feature","geometry":{"type":"Point","coordinates":[26.033525,44.418157]},"properties":{"line":"322","mode":"bus","color":"#0059a9","colorDark":"#00294f","band":1,"off":[0,1.1]}},{"type":"Feature","geometry":{"type":"Point","coordinates":[26.033525,44.418157]},"properties":{"line":"485","mode":"bus","color":"#0059a9","colorDark":"#00294f","band":1,"off":[3.4,1.1]}},{"type":"Feature","geometry":{"type":"Point","coordinates":[26.120579,44.377291]},"properties":{"name":"Turnu Măgurele","band":1,"modes":"bus","arr":["72","312","N106"],"off":[0,-0.8]}},{"type":"Feature","geometry":{"type":"Point","coordinates":[26.120579,44.377291]},"properties":{"name":"Bd. Alexandru Obregia","band":1,"modes":"bus","arr":["72","312","N106"],"off":[0,-1.9]}},{"type":"Feature","geometry":{"type":"Point","coordinates":[26.120579,44.377291]},"properties":{"line":"72","mode":"bus","color":"#149a3f","colorDark":"#0a5121","band":1,"off":[-3.4,1.1]}},{"type":"Feature","geometry":{"type":"Point","coordinates":[26.120579,44.377291]},"properties":{"line":"312","mode":"bus","color":"#0059a9","colorDark":"#00294f","band":1,"off":[0,1.1]}},{"type":"Feature","geometry":{"type":"Point","coordinates":[26.120579,44.377291]},"properties":{"line":"N106","mode":"bus","color":"#000000","colorDark":"#000000","band":1,"off":[3.4,1.1]}},{"type":"Feature","geometry":{"type":"Point","coordinates":[26.122289,44.392595]},"properties":{"name":"Piața Sudului","band":1,"modes":"bus","arr":["216","438","439","440","475","479"],"off":[0,-0.8]}},{"type":"Feature","geometry":{"type":"Point","coordinates":[26.122289,44.392595]},"properties":{"line":"216","mode":"bus","color":"#0059a9","colorDark":"#00294f","band":1,"off":[-6.8,1.1]}},{"type":"Feature","geometry":{"type":"Point","coordinates":[26.122289,44.392595]},"properties":{"line":"438","mode":"bus","color":"#0059a9","colorDark":"#00294f","band":1,"off":[-3.4,1.1]}},{"type":"Feature","geometry":{"type":"Point","coordinates":[26.122289,44.392595]},"properties":{"line":"439","mode":"bus","color":"#0059a9","colorDark":"#00294f","band":1,"off":[0,1.1]}},{"type":"Feature","geometry":{"type":"Point","coordinates":[26.122289,44.392595]},"properties":{"line":"440","mode":"bus","color":"#0059a9","colorDark":"#00294f","band":1,"off":[3.4,1.1]}},{"type":"Feature","geometry":{"type":"Point","coordinates":[26.122289,44.392595]},"properties":{"line":"475","mode":"bus","color":"#0059a9","colorDark":"#00294f","band":1,"off":[6.8,1.1]}},{"type":"Feature","geometry":{"type":"Point","coordinates":[26.122289,44.392595]},"properties":{"line":"479","mode":"bus","color":"#0059a9","colorDark":"#00294f","band":1,"off":[0,3.1]}},{"type":"Feature","geometry":{"type":"Point","coordinates":[26.121214,44.403972]},"properties":{"name":"Costache Stamate","band":1,"modes":"bus","arr":["72","76"],"off":[0,-0.8]}},{"type":"Feature","geometry":{"type":"Point","coordinates":[26.121214,44.403972]},"properties":{"line":"72","mode":"bus","color":"#149a3f","colorDark":"#0a5121","band":1,"off":[-1.7,1.1]}},{"type":"Feature","geometry":{"type":"Point","coordinates":[26.121214,44.403972]},"properties":{"line":"76","mode":"bus","color":"#149a3f","colorDark":"#0a5121","band":1,"off":[1.7,1.1]}},{"type":"Feature","geometry":{"type":"Point","coordinates":[26.130201,44.360991]},"properties":{"name":"Piața de Gros","band":1,"modes":"bus","arr":["73"],"off":[0,-0.8]}},{"type":"Feature","geometry":{"type":"Point","coordinates":[26.130201,44.360991]},"properties":{"line":"73","mode":"bus","color":"#149a3f","colorDark":"#0a5121","band":1,"off":[0,1.1]}},{"type":"Feature","geometry":{"type":"Point","coordinates":[26.103497,44.429988]},"properties":{"name":"Piața Unirii 4","band":1,"modes":"bus,tram","arr":["73","7","27","32","54","116","117","385","605","640","655","N104","N105","N107","N111","N112","N122"],"off":[0,-0.8],"sc":0.9}},{"type":"Feature","geometry":{"type":"Point","coordinates":[26.103497,44.429988]},"properties":{"name":"Piața Unirii","band":1,"modes":"bus,tram","arr":["73","7","27","32","54","116","117","385","605","640","655","N104","N105","N107","N111","N112","N122"],"off":[0,-1.9],"sc":0.9}},{"type":"Feature","geometry":{"type":"Point","coordinates":[26.103497,44.429988]},"properties":{"name":"Piața Sf. Vineri","band":1,"modes":"bus,tram","arr":["73","7","27","32","54","116","117","385","605","640","655","N104","N105","N107","N111","N112","N122"],"off":[0,-3],"sc":0.9}},{"type":"Feature","geometry":{"type":"Point","coordinates":[26.103497,44.429988]},"properties":{"line":"73","mode":"bus","color":"#149a3f","colorDark":"#0a5121","band":1,"sc":0.9,"off":[-6.8,1.1]}},{"type":"Feature","geometry":{"type":"Point","coordinates":[26.103497,44.429988]},"properties":{"line":"7","mode":"tram","color":"#d6212b","colorDark":"#7c1116","band":1,"sc":0.9,"off":[-3.4,1.1]}},{"type":"Feature","geometry":{"type":"Point","coordinates":[26.103497,44.429988]},"properties":{"line":"27","mode":"tram","color":"#d6212b","colorDark":"#7c1116","band":1,"sc":0.9,"off":[0,1.1]}},{"type":"Feature","geometry":{"type":"Point","coordinates":[26.103497,44.429988]},"properties":{"line":"32","mode":"tram","color":"#d6212b","colorDark":"#7c1116","band":1,"sc":0.9,"off":[3.4,1.1]}},{"type":"Feature","geometry":{"type":"Point","coordinates":[26.103497,44.429988]},"properties":{"line":"54","mode":"tram","color":"#d6212b","colorDark":"#7c1116","band":1,"sc":0.9,"off":[6.8,1.1]}},{"type":"Feature","geometry":{"type":"Point","coordinates":[26.103497,44.429988]},"properties":{"line":"116","mode":"bus","color":"#0059a9","colorDark":"#00294f","band":1,"sc":0.9,"off":[-6.8,3.1]}},{"type":"Feature","geometry":{"type":"Point","coordinates":[26.103497,44.429988]},"properties":{"line":"117","mode":"bus","color":"#0059a9","colorDark":"#00294f","band":1,"sc":0.9,"off":[-3.4,3.1]}},{"type":"Feature","geometry":{"type":"Point","coordinates":[26.103497,44.429988]},"properties":{"line":"385","mode":"bus","color":"#0059a9","colorDark":"#00294f","band":1,"sc":0.9,"off":[0,3.1]}},{"type":"Feature","geometry":{"type":"Point","coordinates":[26.103497,44.429988]},"properties":{"line":"605","mode":"bus","color":"#0059a9","colorDark":"#00294f","band":1,"sc":0.9,"off":[3.4,3.1]}},{"type":"Feature","geometry":{"type":"Point","coordinates":[26.103497,44.429988]},"properties":{"line":"640","mode":"bus","color":"#0059a9","colorDark":"#00294f","band":1,"sc":0.9,"off":[6.8,3.1]}},{"type":"Feature","geometry":{"type":"Point","coordinates":[26.103497,44.429988]},"properties":{"line":"655","mode":"bus","color":"#0059a9","colorDark":"#00294f","band":1,"sc":0.9,"off":[-6.8,5.1]}},{"type":"Feature","geometry":{"type":"Point","coordinates":[26.103497,44.429988]},"properties":{"line":"N104","mode":"bus","color":"#000000","colorDark":"#000000","band":1,"sc":0.9,"off":[-3.4,5.1]}},{"type":"Feature","geometry":{"type":"Point","coordinates":[26.103497,44.429988]},"properties":{"line":"N105","mode":"bus","color":"#000000","colorDark":"#000000","band":1,"sc":0.9,"off":[0,5.1]}},{"type":"Feature","geometry":{"type":"Point","coordinates":[26.103497,44.429988]},"properties":{"line":"N107","mode":"bus","color":"#000000","colorDark":"#000000","band":1,"sc":0.9,"off":[3.4,5.1]}},{"type":"Feature","geometry":{"type":"Point","coordinates":[26.103497,44.429988]},"properties":{"line":"N111","mode":"bus","color":"#000000","colorDark":"#000000","band":1,"sc":0.9,"off":[6.8,5.1]}},{"type":"Feature","geometry":{"type":"Point","coordinates":[26.103497,44.429988]},"properties":{"line":"N112","mode":"bus","color":"#000000","colorDark":"#000000","band":1,"sc":0.9,"off":[-1.7,7.1]}},{"type":"Feature","geometry":{"type":"Point","coordinates":[26.103497,44.429988]},"properties":{"line":"N122","mode":"bus","color":"#000000","colorDark":"#000000","band":1,"sc":0.9,"off":[1.7,7.1]}},{"type":"Feature","geometry":{"type":"Point","coordinates":[26.101026,44.426362]},"properties":{"name":"Piața Unirii 1","band":1,"modes":"bus","arr":["312","323"],"off":[0,-0.8]}},{"type":"Feature","geometry":{"type":"Point","coordinates":[26.101026,44.426362]},"properties":{"line":"312","mode":"bus","color":"#0059a9","colorDark":"#00294f","band":1,"off":[-1.7,1.1]}},{"type":"Feature","geometry":{"type":"Point","coordinates":[26.101026,44.426362]},"properties":{"line":"323","mode":"bus","color":"#0059a9","colorDark":"#00294f","band":1,"off":[1.7,1.1]}},{"type":"Feature","geometry":{"type":"Point","coordinates":[26.103385,44.42446]},"properties":{"name":"Piața Unirii 2","band":1,"modes":"bus","arr":["74","100","205","City Tour","N101","N102","N103","N106","N108","N109","N110","N113","N114","N115","N116","N117","N118","N119","N120","N121"],"off":[0,-0.8],"sc":0.86}},{"type":"Feature","geometry":{"type":"Point","coordinates":[26.103385,44.42446]},"properties":{"name":"Piața Unirii","band":1,"modes":"bus","arr":["74","100","205","City Tour","N101","N102","N103","N106","N108","N109","N110","N113","N114","N115","N116","N117","N118","N119","N120","N121"],"off":[0,-1.9],"sc":0.86}},{"type":"Feature","geometry":{"type":"Point","coordinates":[26.103385,44.42446]},"properties":{"line":"74","mode":"bus","color":"#149a3f","colorDark":"#0a5121","band":1,"sc":0.86,"off":[-6.8,1.1]}},{"type":"Feature","geometry":{"type":"Point","coordinates":[26.103385,44.42446]},"properties":{"line":"100","mode":"bus","color":"#0059a9","colorDark":"#00294f","band":1,"sc":0.86,"off":[-3.4,1.1]}},{"type":"Feature","geometry":{"type":"Point","coordinates":[26.103385,44.42446]},"properties":{"line":"205","mode":"bus","color":"#0059a9","colorDark":"#00294f","band":1,"sc":0.86,"off":[0,1.1]}},{"type":"Feature","geometry":{"type":"Point","coordinates":[26.103385,44.42446]},"properties":{"line":"City Tour","mode":"bus","color":"#0059a9","colorDark":"#00294f","band":1,"sc":0.86,"off":[3.4,1.1]}},{"type":"Feature","geometry":{"type":"Point","coordinates":[26.103385,44.42446]},"properties":{"line":"N101","mode":"bus","color":"#000000","colorDark":"#000000","band":1,"sc":0.86,"off":[6.8,1.1]}},{"type":"Feature","geometry":{"type":"Point","coordinates":[26.103385,44.42446]},"properties":{"line":"N102","mode":"bus","color":"#000000","colorDark":"#000000","band":1,"sc":0.86,"off":[-6.8,3.1]}},{"type":"Feature","geometry":{"type":"Point","coordinates":[26.103385,44.42446]},"properties":{"line":"N103","mode":"bus","color":"#000000","colorDark":"#000000","band":1,"sc":0.86,"off":[-3.4,3.1]}},{"type":"Feature","geometry":{"type":"Point","coordinates":[26.103385,44.42446]},"properties":{"line":"N106","mode":"bus","color":"#000000","colorDark":"#000000","band":1,"sc":0.86,"off":[0,3.1]}},{"type":"Feature","geometry":{"type":"Point","coordinates":[26.103385,44.42446]},"properties":{"line":"N108","mode":"bus","color":"#000000","colorDark":"#000000","band":1,"sc":0.86,"off":[3.4,3.1]}},{"type":"Feature","geometry":{"type":"Point","coordinates":[26.103385,44.42446]},"properties":{"line":"N109","mode":"bus","color":"#000000","colorDark":"#000000","band":1,"sc":0.86,"off":[6.8,3.1]}},{"type":"Feature","geometry":{"type":"Point","coordinates":[26.103385,44.42446]},"properties":{"line":"N110","mode":"bus","color":"#000000","colorDark":"#000000","band":1,"sc":0.86,"off":[-6.8,5.1]}},{"type":"Feature","geometry":{"type":"Point","coordinates":[26.103385,44.42446]},"properties":{"line":"N113","mode":"bus","color":"#000000","colorDark":"#000000","band":1,"sc":0.86,"off":[-3.4,5.1]}},{"type":"Feature","geometry":{"type":"Point","coordinates":[26.103385,44.42446]},"properties":{"line":"N114","mode":"bus","color":"#000000","colorDark":"#000000","band":1,"sc":0.86,"off":[0,5.1]}},{"type":"Feature","geometry":{"type":"Point","coordinates":[26.103385,44.42446]},"properties":{"line":"N115","mode":"bus","color":"#000000","colorDark":"#000000","band":1,"sc":0.86,"off":[3.4,5.1]}},{"type":"Feature","geometry":{"type":"Point","coordinates":[26.103385,44.42446]},"properties":{"line":"N116","mode":"bus","color":"#000000","colorDark":"#000000","band":1,"sc":0.86,"off":[6.8,5.1]}},{"type":"Feature","geometry":{"type":"Point","coordinates":[26.103385,44.42446]},"properties":{"line":"N117","mode":"bus","color":"#000000","colorDark":"#000000","band":1,"sc":0.86,"off":[-6.8,7.1]}},{"type":"Feature","geometry":{"type":"Point","coordinates":[26.103385,44.42446]},"properties":{"line":"N118","mode":"bus","color":"#000000","colorDark":"#000000","band":1,"sc":0.86,"off":[-3.4,7.1]}},{"type":"Feature","geometry":{"type":"Point","coordinates":[26.103385,44.42446]},"properties":{"line":"N119","mode":"bus","color":"#000000","colorDark":"#000000","band":1,"sc":0.86,"off":[0,7.1]}},{"type":"Feature","geometry":{"type":"Point","coordinates":[26.103385,44.42446]},"properties":{"line":"N120","mode":"bus","color":"#000000","colorDark":"#000000","band":1,"sc":0.86,"off":[3.4,7.1]}},{"type":"Feature","geometry":{"type":"Point","coordinates":[26.103385,44.42446]},"properties":{"line":"N121","mode":"bus","color":"#000000","colorDark":"#000000","band":1,"sc":0.86,"off":[6.8,7.1]}},{"type":"Feature","geometry":{"type":"Point","coordinates":[26.123391,44.362651]},"properties":{"name":"Arcade Berceni","band":1,"modes":"bus","arr":["74","232"],"off":[0,-0.8]}},{"type":"Feature","geometry":{"type":"Point","coordinates":[26.123391,44.362651]},"properties":{"line":"74","mode":"bus","color":"#149a3f","colorDark":"#0a5121","band":1,"off":[-1.7,1.1]}},{"type":"Feature","geometry":{"type":"Point","coordinates":[26.123391,44.362651]},"properties":{"line":"232","mode":"bus","color":"#0059a9","colorDark":"#00294f","band":1,"off":[1.7,1.1]}},{"type":"Feature","geometry":{"type":"Point","coordinates":[26.11904,44.388312]},"properties":{"name":"Emil Racoviță","band":1,"modes":"bus","arr":["243"],"off":[0,-0.8]}},{"type":"Feature","geometry":{"type":"Point","coordinates":[26.11904,44.388312]},"properties":{"line":"243","mode":"bus","color":"#0059a9","colorDark":"#00294f","band":1,"off":[0,1.1]}},{"type":"Feature","geometry":{"type":"Point","coordinates":[26.099131,44.379819]},"properties":{"name":"Piața Reșița","band":1,"modes":"bus","arr":["76","381","N112"],"off":[0,-0.8]}},{"type":"Feature","geometry":{"type":"Point","coordinates":[26.099131,44.379819]},"properties":{"line":"76","mode":"bus","color":"#149a3f","colorDark":"#0a5121","band":1,"off":[-3.4,1.1]}},{"type":"Feature","geometry":{"type":"Point","coordinates":[26.099131,44.379819]},"properties":{"line":"381","mode":"bus","color":"#0059a9","colorDark":"#00294f","band":1,"off":[0,1.1]}},{"type":"Feature","geometry":{"type":"Point","coordinates":[26.099131,44.379819]},"properties":{"line":"N112","mode":"bus","color":"#000000","colorDark":"#000000","band":1,"off":[3.4,1.1]}},{"type":"Feature","geometry":{"type":"Point","coordinates":[26.050476,44.470526]},"properties":{"name":"Clăbucet","band":1,"modes":"bus","arr":["79","97","381"],"off":[0,-0.8]}},{"type":"Feature","geometry":{"type":"Point","coordinates":[26.050476,44.470526]},"properties":{"line":"79","mode":"bus","color":"#149a3f","colorDark":"#0a5121","band":1,"off":[-3.4,1.1]}},{"type":"Feature","geometry":{"type":"Point","coordinates":[26.050476,44.470526]},"properties":{"line":"97","mode":"bus","color":"#149a3f","colorDark":"#0a5121","band":1,"off":[0,1.1]}},{"type":"Feature","geometry":{"type":"Point","coordinates":[26.050476,44.470526]},"properties":{"line":"381","mode":"bus","color":"#0059a9","colorDark":"#00294f","band":1,"off":[3.4,1.1]}},{"type":"Feature","geometry":{"type":"Point","coordinates":[26.11874,44.443717]},"properties":{"name":"Calea Moșilor","band":1,"modes":"bus","arr":["79"],"off":[0,-0.8]}},{"type":"Feature","geometry":{"type":"Point","coordinates":[26.11874,44.443717]},"properties":{"line":"79","mode":"bus","color":"#149a3f","colorDark":"#0a5121","band":1,"off":[0,1.1]}},{"type":"Feature","geometry":{"type":"Point","coordinates":[26.150868,44.439699]},"properties":{"name":"Arena Națională","band":1,"modes":"bus","arr":["85","90","143"],"off":[0,-0.8]}},{"type":"Feature","geometry":{"type":"Point","coordinates":[26.150868,44.439699]},"properties":{"line":"85","mode":"bus","color":"#149a3f","colorDark":"#0a5121","band":1,"off":[-3.4,1.1]}},{"type":"Feature","geometry":{"type":"Point","coordinates":[26.150868,44.439699]},"properties":{"line":"90","mode":"bus","color":"#149a3f","colorDark":"#0a5121","band":1,"off":[0,1.1]}},{"type":"Feature","geometry":{"type":"Point","coordinates":[26.150868,44.439699]},"properties":{"line":"143","mode":"bus","color":"#0059a9","colorDark":"#00294f","band":1,"off":[3.4,1.1]}},{"type":"Feature","geometry":{"type":"Point","coordinates":[26.055303,44.482825]},"properties":{"name":"Cartier Pajura","band":1,"modes":"bus","arr":["86","95"],"off":[0,-0.8]}},{"type":"Feature","geometry":{"type":"Point","coordinates":[26.055303,44.482825]},"properties":{"line":"86","mode":"bus","color":"#149a3f","colorDark":"#0a5121","band":1,"off":[-1.7,1.1]}},{"type":"Feature","geometry":{"type":"Point","coordinates":[26.055303,44.482825]},"properties":{"line":"95","mode":"bus","color":"#149a3f","colorDark":"#0a5121","band":1,"off":[1.7,1.1]}},{"type":"Feature","geometry":{"type":"Point","coordinates":[26.13248,44.441115]},"properties":{"name":"Piața Iancului","band":1,"modes":"bus","arr":["655"],"off":[0,-0.8]}},{"type":"Feature","geometry":{"type":"Point","coordinates":[26.13248,44.441115]},"properties":{"line":"655","mode":"bus","color":"#0059a9","colorDark":"#00294f","band":1,"off":[0,1.1]}},{"type":"Feature","geometry":{"type":"Point","coordinates":[26.142844,44.447409]},"properties":{"name":"Baicului","band":1,"modes":"bus","arr":["86","382"],"off":[0,-0.8]}},{"type":"Feature","geometry":{"type":"Point","coordinates":[26.142844,44.447409]},"properties":{"line":"86","mode":"bus","color":"#149a3f","colorDark":"#0a5121","band":1,"off":[-1.7,1.1]}},{"type":"Feature","geometry":{"type":"Point","coordinates":[26.142844,44.447409]},"properties":{"line":"382","mode":"bus","color":"#0059a9","colorDark":"#00294f","band":1,"off":[1.7,1.1]}},{"type":"Feature","geometry":{"type":"Point","coordinates":[26.046365,44.44553]},"properties":{"name":"M Petrache Poenaru","band":1,"modes":"bus","arr":["90"],"off":[0,-0.8]}},{"type":"Feature","geometry":{"type":"Point","coordinates":[26.046365,44.44553]},"properties":{"line":"90","mode":"bus","color":"#149a3f","colorDark":"#0a5121","band":1,"off":[0,1.1]}},{"type":"Feature","geometry":{"type":"Point","coordinates":[26.00242,44.41853]},"properties":{"name":"Cartier Constantin Brâncuși","band":1,"modes":"bus","arr":["93"],"off":[0,-0.8]}},{"type":"Feature","geometry":{"type":"Point","coordinates":[26.00242,44.41853]},"properties":{"line":"93","mode":"bus","color":"#149a3f","colorDark":"#0a5121","band":1,"off":[0,1.1]}},{"type":"Feature","geometry":{"type":"Point","coordinates":[26.072403,44.476311]},"properties":{"name":"Piața Presei","band":1,"modes":"bus,tram","arr":["93","41","304","403","441","441B","442","443","443B","444","446","447","447B","448","477","642","City Tour"],"off":[0,-0.8],"sc":0.9}},{"type":"Feature","geometry":{"type":"Point","coordinates":[26.072403,44.476311]},"properties":{"line":"93","mode":"bus","color":"#149a3f","colorDark":"#0a5121","band":1,"sc":0.9,"off":[-6.8,1.1]}},{"type":"Feature","geometry":{"type":"Point","coordinates":[26.072403,44.476311]},"properties":{"line":"41","mode":"tram","color":"#d6212b","colorDark":"#7c1116","band":1,"sc":0.9,"off":[-3.4,1.1]}},{"type":"Feature","geometry":{"type":"Point","coordinates":[26.072403,44.476311]},"properties":{"line":"304","mode":"bus","color":"#0059a9","colorDark":"#00294f","band":1,"sc":0.9,"off":[0,1.1]}},{"type":"Feature","geometry":{"type":"Point","coordinates":[26.072403,44.476311]},"properties":{"line":"403","mode":"bus","color":"#0059a9","colorDark":"#00294f","band":1,"sc":0.9,"off":[3.4,1.1]}},{"type":"Feature","geometry":{"type":"Point","coordinates":[26.072403,44.476311]},"properties":{"line":"441","mode":"bus","color":"#0059a9","colorDark":"#00294f","band":1,"sc":0.9,"off":[6.8,1.1]}},{"type":"Feature","geometry":{"type":"Point","coordinates":[26.072403,44.476311]},"properties":{"line":"441B","mode":"bus","color":"#0059a9","colorDark":"#00294f","band":1,"sc":0.9,"off":[-6.8,3.1]}},{"type":"Feature","geometry":{"type":"Point","coordinates":[26.072403,44.476311]},"properties":{"line":"442","mode":"bus","color":"#0059a9","colorDark":"#00294f","band":1,"sc":0.9,"off":[-3.4,3.1]}},{"type":"Feature","geometry":{"type":"Point","coordinates":[26.072403,44.476311]},"properties":{"line":"443","mode":"bus","color":"#0059a9","colorDark":"#00294f","band":1,"sc":0.9,"off":[0,3.1]}},{"type":"Feature","geometry":{"type":"Point","coordinates":[26.072403,44.476311]},"properties":{"line":"443B","mode":"bus","color":"#0059a9","colorDark":"#00294f","band":1,"sc":0.9,"off":[3.4,3.1]}},{"type":"Feature","geometry":{"type":"Point","coordinates":[26.072403,44.476311]},"properties":{"line":"444","mode":"bus","color":"#0059a9","colorDark":"#00294f","band":1,"sc":0.9,"off":[6.8,3.1]}},{"type":"Feature","geometry":{"type":"Point","coordinates":[26.072403,44.476311]},"properties":{"line":"446","mode":"bus","color":"#0059a9","colorDark":"#00294f","band":1,"sc":0.9,"off":[-6.8,5.1]}},{"type":"Feature","geometry":{"type":"Point","coordinates":[26.072403,44.476311]},"properties":{"line":"447","mode":"bus","color":"#0059a9","colorDark":"#00294f","band":1,"sc":0.9,"off":[-3.4,5.1]}},{"type":"Feature","geometry":{"type":"Point","coordinates":[26.072403,44.476311]},"properties":{"line":"447B","mode":"bus","color":"#0059a9","colorDark":"#00294f","band":1,"sc":0.9,"off":[0,5.1]}},{"type":"Feature","geometry":{"type":"Point","coordinates":[26.072403,44.476311]},"properties":{"line":"448","mode":"bus","color":"#0059a9","colorDark":"#00294f","band":1,"sc":0.9,"off":[3.4,5.1]}},{"type":"Feature","geometry":{"type":"Point","coordinates":[26.072403,44.476311]},"properties":{"line":"477","mode":"bus","color":"#0059a9","colorDark":"#00294f","band":1,"sc":0.9,"off":[6.8,5.1]}},{"type":"Feature","geometry":{"type":"Point","coordinates":[26.072403,44.476311]},"properties":{"line":"642","mode":"bus","color":"#0059a9","colorDark":"#00294f","band":1,"sc":0.9,"off":[-1.7,7.1]}},{"type":"Feature","geometry":{"type":"Point","coordinates":[26.072403,44.476311]},"properties":{"line":"City Tour","mode":"bus","color":"#0059a9","colorDark":"#00294f","band":1,"sc":0.9,"off":[1.7,7.1]}},{"type":"Feature","geometry":{"type":"Point","coordinates":[26.014102,44.42115]},"properties":{"name":"Valea Ialomiței","band":1,"modes":"bus","arr":["168","232","N116"],"off":[0,-0.8]}},{"type":"Feature","geometry":{"type":"Point","coordinates":[26.014102,44.42115]},"properties":{"line":"168","mode":"bus","color":"#0059a9","colorDark":"#00294f","band":1,"off":[-3.4,1.1]}},{"type":"Feature","geometry":{"type":"Point","coordinates":[26.014102,44.42115]},"properties":{"line":"232","mode":"bus","color":"#0059a9","colorDark":"#00294f","band":1,"off":[0,1.1]}},{"type":"Feature","geometry":{"type":"Point","coordinates":[26.014102,44.42115]},"properties":{"line":"N116","mode":"bus","color":"#000000","colorDark":"#000000","band":1,"off":[3.4,1.1]}},{"type":"Feature","geometry":{"type":"Point","coordinates":[26.024985,44.502882]},"properties":{"name":"Străulești","band":1,"modes":"bus,metro","arr":["95","205","304","436","476","M4","N117"],"off":[0,-0.8]}},{"type":"Feature","geometry":{"type":"Point","coordinates":[26.024985,44.502882]},"properties":{"name":"M Străulești","band":1,"modes":"bus,metro","arr":["95","205","304","436","476","M4","N117"],"off":[0,-1.9]}},{"type":"Feature","geometry":{"type":"Point","coordinates":[26.024985,44.502882]},"properties":{"line":"95","mode":"bus","color":"#149a3f","colorDark":"#0a5121","band":1,"off":[-6.8,1.1]}},{"type":"Feature","geometry":{"type":"Point","coordinates":[26.024985,44.502882]},"properties":{"line":"205","mode":"bus","color":"#0059a9","colorDark":"#00294f","band":1,"off":[-3.4,1.1]}},{"type":"Feature","geometry":{"type":"Point","coordinates":[26.024985,44.502882]},"properties":{"line":"304","mode":"bus","color":"#0059a9","colorDark":"#00294f","band":1,"off":[0,1.1]}},{"type":"Feature","geometry":{"type":"Point","coordinates":[26.024985,44.502882]},"properties":{"line":"436","mode":"bus","color":"#0059a9","colorDark":"#00294f","band":1,"off":[3.4,1.1]}},{"type":"Feature","geometry":{"type":"Point","coordinates":[26.024985,44.502882]},"properties":{"line":"476","mode":"bus","color":"#0059a9","colorDark":"#00294f","band":1,"off":[6.8,1.1]}},{"type":"Feature","geometry":{"type":"Point","coordinates":[26.024985,44.502882]},"properties":{"line":"M4","mode":"tram","color":"#3C746B","colorDark":"#21403b","band":1,"metro":1,"off":[-1.7,3.1]}},{"type":"Feature","geometry":{"type":"Point","coordinates":[26.024985,44.502882]},"properties":{"line":"N117","mode":"bus","color":"#000000","colorDark":"#000000","band":1,"off":[1.7,3.1]}},{"type":"Feature","geometry":{"type":"Point","coordinates":[26.044053,44.398943]},"properties":{"name":"Depoul Alexandria","band":1,"modes":"bus,tram","arr":["96","32","226","227","421","424","464","484B","N114"],"off":[0,-0.8]}},{"type":"Feature","geometry":{"type":"Point","coordinates":[26.044053,44.398943]},"properties":{"name":"Autobaza Alexandria","band":1,"modes":"bus,tram","arr":["96","32","226","227","421","424","464","484B","N114"],"off":[0,-1.9]}},{"type":"Feature","geometry":{"type":"Point","coordinates":[26.044053,44.398943]},"properties":{"line":"96","mode":"bus","color":"#149a3f","colorDark":"#0a5121","band":1,"off":[-6.8,1.1]}},{"type":"Feature","geometry":{"type":"Point","coordinates":[26.044053,44.398943]},"properties":{"line":"32","mode":"tram","color":"#d6212b","colorDark":"#7c1116","band":1,"off":[-3.4,1.1]}},{"type":"Feature","geometry":{"type":"Point","coordinates":[26.044053,44.398943]},"properties":{"line":"226","mode":"bus","color":"#0059a9","colorDark":"#00294f","band":1,"off":[0,1.1]}},{"type":"Feature","geometry":{"type":"Point","coordinates":[26.044053,44.398943]},"properties":{"line":"227","mode":"bus","color":"#0059a9","colorDark":"#00294f","band":1,"off":[3.4,1.1]}},{"type":"Feature","geometry":{"type":"Point","coordinates":[26.044053,44.398943]},"properties":{"line":"421","mode":"bus","color":"#0059a9","colorDark":"#00294f","band":1,"off":[6.8,1.1]}},{"type":"Feature","geometry":{"type":"Point","coordinates":[26.044053,44.398943]},"properties":{"line":"424","mode":"bus","color":"#0059a9","colorDark":"#00294f","band":1,"off":[-5.1,3.1]}},{"type":"Feature","geometry":{"type":"Point","coordinates":[26.044053,44.398943]},"properties":{"line":"464","mode":"bus","color":"#0059a9","colorDark":"#00294f","band":1,"off":[-1.7,3.1]}},{"type":"Feature","geometry":{"type":"Point","coordinates":[26.044053,44.398943]},"properties":{"line":"484B","mode":"bus","color":"#0059a9","colorDark":"#00294f","band":1,"off":[1.7,3.1]}},{"type":"Feature","geometry":{"type":"Point","coordinates":[26.044053,44.398943]},"properties":{"line":"N114","mode":"bus","color":"#000000","colorDark":"#000000","band":1,"off":[5.1,3.1]}},{"type":"Feature","geometry":{"type":"Point","coordinates":[26.12175,44.407102]},"properties":{"name":"Pasaj Mihai Bravu","band":1,"modes":"bus","arr":["97"],"off":[0,-0.8]}},{"type":"Feature","geometry":{"type":"Point","coordinates":[26.12175,44.407102]},"properties":{"line":"97","mode":"bus","color":"#149a3f","colorDark":"#0a5121","band":1,"off":[0,1.1]}},{"type":"Feature","geometry":{"type":"Point","coordinates":[26.076804,44.571533]},"properties":{"name":"Aeroport Henri Coandă","band":1,"modes":"bus","arr":["100"],"off":[0,-0.8]}},{"type":"Feature","geometry":{"type":"Point","coordinates":[26.076804,44.571533]},"properties":{"line":"100","mode":"bus","color":"#0059a9","colorDark":"#00294f","band":1,"off":[0,1.1]}},{"type":"Feature","geometry":{"type":"Point","coordinates":[26.179279,44.426623]},"properties":{"name":"Faur","band":1,"modes":"tram,bus","arr":["23","27","101","311","335","619","N122"],"off":[0,-0.8]}},{"type":"Feature","geometry":{"type":"Point","coordinates":[26.179279,44.426623]},"properties":{"line":"23","mode":"tram","color":"#d6212b","colorDark":"#7c1116","band":1,"off":[-6.8,1.1]}},{"type":"Feature","geometry":{"type":"Point","coordinates":[26.179279,44.426623]},"properties":{"line":"27","mode":"tram","color":"#d6212b","colorDark":"#7c1116","band":1,"off":[-3.4,1.1]}},{"type":"Feature","geometry":{"type":"Point","coordinates":[26.179279,44.426623]},"properties":{"line":"101","mode":"bus","color":"#0059a9","colorDark":"#00294f","band":1,"off":[0,1.1]}},{"type":"Feature","geometry":{"type":"Point","coordinates":[26.179279,44.426623]},"properties":{"line":"311","mode":"bus","color":"#0059a9","colorDark":"#00294f","band":1,"off":[3.4,1.1]}},{"type":"Feature","geometry":{"type":"Point","coordinates":[26.179279,44.426623]},"properties":{"line":"335","mode":"bus","color":"#0059a9","colorDark":"#00294f","band":1,"off":[6.8,1.1]}},{"type":"Feature","geometry":{"type":"Point","coordinates":[26.179279,44.426623]},"properties":{"line":"619","mode":"bus","color":"#0059a9","colorDark":"#00294f","band":1,"off":[-1.7,3.1]}},{"type":"Feature","geometry":{"type":"Point","coordinates":[26.179279,44.426623]},"properties":{"line":"N122","mode":"bus","color":"#000000","colorDark":"#000000","band":1,"off":[1.7,3.1]}},{"type":"Feature","geometry":{"type":"Point","coordinates":[26.125861,44.448544]},"properties":{"name":"Bucur Obor","band":1,"modes":"bus","arr":["101"],"off":[0,-0.8]}},{"type":"Feature","geometry":{"type":"Point","coordinates":[26.125861,44.448544]},"properties":{"line":"101","mode":"bus","color":"#0059a9","colorDark":"#00294f","band":1,"off":[0,1.1]}},{"type":"Feature","geometry":{"type":"Point","coordinates":[26.185031,44.439941]},"properties":{"name":"Pantelimon","band":1,"modes":"tram,bus","arr":["5","102","103","104","246","407","451","452","454","457","458","N102"],"off":[0,-0.8]}},{"type":"Feature","geometry":{"type":"Point","coordinates":[26.185031,44.439941]},"properties":{"name":"Complex Pantelimon","band":1,"modes":"tram,bus","arr":["5","102","103","104","246","407","451","452","454","457","458","N102"],"off":[0,-1.9]}},{"type":"Feature","geometry":{"type":"Point","coordinates":[26.185031,44.439941]},"properties":{"line":"5","mode":"tram","color":"#d6212b","colorDark":"#7c1116","band":1,"off":[-6.8,1.1]}},{"type":"Feature","geometry":{"type":"Point","coordinates":[26.185031,44.439941]},"properties":{"line":"102","mode":"bus","color":"#0059a9","colorDark":"#00294f","band":1,"off":[-3.4,1.1]}},{"type":"Feature","geometry":{"type":"Point","coordinates":[26.185031,44.439941]},"properties":{"line":"103","mode":"bus","color":"#0059a9","colorDark":"#00294f","band":1,"off":[0,1.1]}},{"type":"Feature","geometry":{"type":"Point","coordinates":[26.185031,44.439941]},"properties":{"line":"104","mode":"bus","color":"#0059a9","colorDark":"#00294f","band":1,"off":[3.4,1.1]}},{"type":"Feature","geometry":{"type":"Point","coordinates":[26.185031,44.439941]},"properties":{"line":"246","mode":"bus","color":"#0059a9","colorDark":"#00294f","band":1,"off":[6.8,1.1]}},{"type":"Feature","geometry":{"type":"Point","coordinates":[26.185031,44.439941]},"properties":{"line":"407","mode":"bus","color":"#0059a9","colorDark":"#00294f","band":1,"off":[-6.8,3.1]}},{"type":"Feature","geometry":{"type":"Point","coordinates":[26.185031,44.439941]},"properties":{"line":"451","mode":"bus","color":"#0059a9","colorDark":"#00294f","band":1,"off":[-3.4,3.1]}},{"type":"Feature","geometry":{"type":"Point","coordinates":[26.185031,44.439941]},"properties":{"line":"452","mode":"bus","color":"#0059a9","colorDark":"#00294f","band":1,"off":[0,3.1]}},{"type":"Feature","geometry":{"type":"Point","coordinates":[26.185031,44.439941]},"properties":{"line":"454","mode":"bus","color":"#0059a9","colorDark":"#00294f","band":1,"off":[3.4,3.1]}},{"type":"Feature","geometry":{"type":"Point","coordinates":[26.185031,44.439941]},"properties":{"line":"457","mode":"bus","color":"#0059a9","colorDark":"#00294f","band":1,"off":[6.8,3.1]}},{"type":"Feature","geometry":{"type":"Point","coordinates":[26.185031,44.439941]},"properties":{"line":"458","mode":"bus","color":"#0059a9","colorDark":"#00294f","band":1,"off":[-1.7,5.1]}},{"type":"Feature","geometry":{"type":"Point","coordinates":[26.185031,44.439941]},"properties":{"line":"N102","mode":"bus","color":"#000000","colorDark":"#000000","band":1,"off":[1.7,5.1]}},{"type":"Feature","geometry":{"type":"Point","coordinates":[26.088933,44.369304]},"properties":{"name":"C.F.R. Progresul","band":1,"modes":"tram,bus","arr":["7","25","102","116","418","419","428","465","N107"],"off":[0,-0.8]}},{"type":"Feature","geometry":{"type":"Point","coordinates":[26.088933,44.369304]},"properties":{"name":"C.f.r. Progresul","band":1,"modes":"tram,bus","arr":["7","25","102","116","418","419","428","465","N107"],"off":[0,-1.9]}},{"type":"Feature","geometry":{"type":"Point","coordinates":[26.088933,44.369304]},"properties":{"line":"7","mode":"tram","color":"#d6212b","colorDark":"#7c1116","band":1,"off":[-6.8,1.1]}},{"type":"Feature","geometry":{"type":"Point","coordinates":[26.088933,44.369304]},"properties":{"line":"25","mode":"tram","color":"#d6212b","colorDark":"#7c1116","band":1,"off":[-3.4,1.1]}},{"type":"Feature","geometry":{"type":"Point","coordinates":[26.088933,44.369304]},"properties":{"line":"102","mode":"bus","color":"#0059a9","colorDark":"#00294f","band":1,"off":[0,1.1]}},{"type":"Feature","geometry":{"type":"Point","coordinates":[26.088933,44.369304]},"properties":{"line":"116","mode":"bus","color":"#0059a9","colorDark":"#00294f","band":1,"off":[3.4,1.1]}},{"type":"Feature","geometry":{"type":"Point","coordinates":[26.088933,44.369304]},"properties":{"line":"418","mode":"bus","color":"#0059a9","colorDark":"#00294f","band":1,"off":[6.8,1.1]}},{"type":"Feature","geometry":{"type":"Point","coordinates":[26.088933,44.369304]},"properties":{"line":"419","mode":"bus","color":"#0059a9","colorDark":"#00294f","band":1,"off":[-5.1,3.1]}},{"type":"Feature","geometry":{"type":"Point","coordinates":[26.088933,44.369304]},"properties":{"line":"428","mode":"bus","color":"#0059a9","colorDark":"#00294f","band":1,"off":[-1.7,3.1]}},{"type":"Feature","geometry":{"type":"Point","coordinates":[26.088933,44.369304]},"properties":{"line":"465","mode":"bus","color":"#0059a9","colorDark":"#00294f","band":1,"off":[1.7,3.1]}},{"type":"Feature","geometry":{"type":"Point","coordinates":[26.088933,44.369304]},"properties":{"line":"N107","mode":"bus","color":"#000000","colorDark":"#000000","band":1,"off":[5.1,3.1]}},{"type":"Feature","geometry":{"type":"Point","coordinates":[26.217804,44.415574]},"properties":{"name":"Isovolta","band":1,"modes":"bus","arr":["103"],"off":[0,-0.8]}},{"type":"Feature","geometry":{"type":"Point","coordinates":[26.217804,44.415574]},"properties":{"line":"103","mode":"bus","color":"#0059a9","colorDark":"#00294f","band":1,"off":[0,1.1]}},{"type":"Feature","geometry":{"type":"Point","coordinates":[26.015946,44.412643]},"properties":{"name":"Valea Oltului","band":1,"modes":"bus","arr":["105","368","385","N101"],"off":[0,-0.8]}},{"type":"Feature","geometry":{"type":"Point","coordinates":[26.015946,44.412643]},"properties":{"line":"105","mode":"bus","color":"#0059a9","colorDark":"#00294f","band":1,"off":[-5.1,1.1]}},{"type":"Feature","geometry":{"type":"Point","coordinates":[26.015946,44.412643]},"properties":{"line":"368","mode":"bus","color":"#0059a9","colorDark":"#00294f","band":1,"off":[-1.7,1.1]}},{"type":"Feature","geometry":{"type":"Point","coordinates":[26.015946,44.412643]},"properties":{"line":"385","mode":"bus","color":"#0059a9","colorDark":"#00294f","band":1,"off":[1.7,1.1]}},{"type":"Feature","geometry":{"type":"Point","coordinates":[26.015946,44.412643]},"properties":{"line":"N101","mode":"bus","color":"#000000","colorDark":"#000000","band":1,"off":[5.1,1.1]}},{"type":"Feature","geometry":{"type":"Point","coordinates":[26.068709,44.449866]},"properties":{"name":"Șoseaua Nicolae Titulescu","band":1,"modes":"tram,bus","arr":["44","105","123","162","282"],"off":[0,-0.8]}},{"type":"Feature","geometry":{"type":"Point","coordinates":[26.068709,44.449866]},"properties":{"name":"Gara Basarab","band":1,"modes":"tram,bus","arr":["44","105","123","162","282"],"off":[0,-3]}},{"type":"Feature","geometry":{"type":"Point","coordinates":[26.068709,44.449866]},"properties":{"line":"44","mode":"tram","color":"#d6212b","colorDark":"#7c1116","band":1,"off":[-6.8,1.1]}},{"type":"Feature","geometry":{"type":"Point","coordinates":[26.068709,44.449866]},"properties":{"line":"105","mode":"bus","color":"#0059a9","colorDark":"#00294f","band":1,"off":[-3.4,1.1]}},{"type":"Feature","geometry":{"type":"Point","coordinates":[26.068709,44.449866]},"properties":{"line":"123","mode":"bus","color":"#0059a9","colorDark":"#00294f","band":1,"off":[0,1.1]}},{"type":"Feature","geometry":{"type":"Point","coordinates":[26.068709,44.449866]},"properties":{"line":"162","mode":"bus","color":"#0059a9","colorDark":"#00294f","band":1,"off":[3.4,1.1]}},{"type":"Feature","geometry":{"type":"Point","coordinates":[26.068709,44.449866]},"properties":{"line":"282","mode":"bus","color":"#0059a9","colorDark":"#00294f","band":1,"off":[6.8,1.1]}},{"type":"Feature","geometry":{"type":"Point","coordinates":[25.982655,44.422207]},"properties":{"name":"C.E.T. Vest Militari","band":1,"modes":"bus","arr":["106","221"],"off":[0,-0.8]}},{"type":"Feature","geometry":{"type":"Point","coordinates":[25.982655,44.422207]},"properties":{"line":"106","mode":"bus","color":"#0059a9","colorDark":"#00294f","band":1,"off":[-1.7,1.1]}},{"type":"Feature","geometry":{"type":"Point","coordinates":[25.982655,44.422207]},"properties":{"line":"221","mode":"bus","color":"#0059a9","colorDark":"#00294f","band":1,"off":[1.7,1.1]}},{"type":"Feature","geometry":{"type":"Point","coordinates":[26.005142,44.43225]},"properties":{"name":"Bd. Preciziei","band":1,"modes":"bus","arr":["322","478"],"off":[0,-0.8]}},{"type":"Feature","geometry":{"type":"Point","coordinates":[26.005142,44.43225]},"properties":{"line":"322","mode":"bus","color":"#0059a9","colorDark":"#00294f","band":1,"off":[-1.7,1.1]}},{"type":"Feature","geometry":{"type":"Point","coordinates":[26.005142,44.43225]},"properties":{"line":"478","mode":"bus","color":"#0059a9","colorDark":"#00294f","band":1,"off":[1.7,1.1]}},{"type":"Feature","geometry":{"type":"Point","coordinates":[26.00366,44.441495]},"properties":{"name":"Cartier Roșu","band":1,"modes":"bus","arr":["106"],"off":[0,-0.8]}},{"type":"Feature","geometry":{"type":"Point","coordinates":[26.00366,44.441495]},"properties":{"line":"106","mode":"bus","color":"#0059a9","colorDark":"#00294f","band":1,"off":[0,1.1]}},{"type":"Feature","geometry":{"type":"Point","coordinates":[26.115663,44.486747]},"properties":{"name":"Pasajul Pipera","band":1,"modes":"bus","arr":["112","135"],"off":[0,-0.8]}},{"type":"Feature","geometry":{"type":"Point","coordinates":[26.115663,44.486747]},"properties":{"line":"112","mode":"bus","color":"#0059a9","colorDark":"#00294f","band":1,"off":[-1.7,1.1]}},{"type":"Feature","geometry":{"type":"Point","coordinates":[26.115663,44.486747]},"properties":{"line":"135","mode":"bus","color":"#0059a9","colorDark":"#00294f","band":1,"off":[1.7,1.1]}},{"type":"Feature","geometry":{"type":"Point","coordinates":[26.013462,44.491525]},"properties":{"name":"Complex Colosseum","band":1,"modes":"bus","arr":["112","470"],"off":[0,-0.8]}},{"type":"Feature","geometry":{"type":"Point","coordinates":[26.013462,44.491525]},"properties":{"line":"112","mode":"bus","color":"#0059a9","colorDark":"#00294f","band":1,"off":[-1.7,1.1]}},{"type":"Feature","geometry":{"type":"Point","coordinates":[26.013462,44.491525]},"properties":{"line":"470","mode":"bus","color":"#0059a9","colorDark":"#00294f","band":1,"off":[1.7,1.1]}},{"type":"Feature","geometry":{"type":"Point","coordinates":[26.059435,44.385785]},"properties":{"name":"Cartier Confort Urban","band":1,"modes":"bus","arr":["117","227"],"off":[0,-0.8]}},{"type":"Feature","geometry":{"type":"Point","coordinates":[26.059435,44.385785]},"properties":{"line":"117","mode":"bus","color":"#0059a9","colorDark":"#00294f","band":1,"off":[-1.7,1.1]}},{"type":"Feature","geometry":{"type":"Point","coordinates":[26.059435,44.385785]},"properties":{"line":"227","mode":"bus","color":"#0059a9","colorDark":"#00294f","band":1,"off":[1.7,1.1]}},{"type":"Feature","geometry":{"type":"Point","coordinates":[25.978781,44.406787]},"properties":{"name":"Pasaj Domnești","band":1,"modes":"bus","arr":["122","222"],"off":[0,-0.8]}},{"type":"Feature","geometry":{"type":"Point","coordinates":[25.978781,44.406787]},"properties":{"line":"122","mode":"bus","color":"#0059a9","colorDark":"#00294f","band":1,"off":[-1.7,1.1]}},{"type":"Feature","geometry":{"type":"Point","coordinates":[25.978781,44.406787]},"properties":{"line":"222","mode":"bus","color":"#0059a9","colorDark":"#00294f","band":1,"off":[1.7,1.1]}},{"type":"Feature","geometry":{"type":"Point","coordinates":[26.094131,44.440236]},"properties":{"name":"Luterană","band":1,"modes":"bus","arr":["311"],"off":[0,-0.8]}},{"type":"Feature","geometry":{"type":"Point","coordinates":[26.094131,44.440236]},"properties":{"line":"311","mode":"bus","color":"#0059a9","colorDark":"#00294f","band":1,"off":[0,1.1]}},{"type":"Feature","geometry":{"type":"Point","coordinates":[26.148276,44.405968]},"properties":{"name":"C.E.T. Sud Vitan","band":1,"modes":"bus","arr":["123","135"],"off":[0,-0.8]}},{"type":"Feature","geometry":{"type":"Point","coordinates":[26.148276,44.405968]},"properties":{"line":"123","mode":"bus","color":"#0059a9","colorDark":"#00294f","band":1,"off":[-1.7,1.1]}},{"type":"Feature","geometry":{"type":"Point","coordinates":[26.148276,44.405968]},"properties":{"line":"135","mode":"bus","color":"#0059a9","colorDark":"#00294f","band":1,"off":[1.7,1.1]}},{"type":"Feature","geometry":{"type":"Point","coordinates":[26.138954,44.359518]},"properties":{"name":"Vulcan Berceni","band":1,"modes":"bus","arr":["125","141","220","N105"],"off":[0,-0.8]}},{"type":"Feature","geometry":{"type":"Point","coordinates":[26.138954,44.359518]},"properties":{"line":"125","mode":"bus","color":"#0059a9","colorDark":"#00294f","band":1,"off":[-5.1,1.1]}},{"type":"Feature","geometry":{"type":"Point","coordinates":[26.138954,44.359518]},"properties":{"line":"141","mode":"bus","color":"#0059a9","colorDark":"#00294f","band":1,"off":[-1.7,1.1]}},{"type":"Feature","geometry":{"type":"Point","coordinates":[26.138954,44.359518]},"properties":{"line":"220","mode":"bus","color":"#0059a9","colorDark":"#00294f","band":1,"off":[1.7,1.1]}},{"type":"Feature","geometry":{"type":"Point","coordinates":[26.138954,44.359518]},"properties":{"line":"N105","mode":"bus","color":"#000000","colorDark":"#000000","band":1,"off":[5.1,1.1]}},{"type":"Feature","geometry":{"type":"Point","coordinates":[26.135018,44.379396]},"properties":{"name":"Cartier Apărătorii Patriei","band":1,"modes":"bus","arr":["241"],"off":[0,-0.8]}},{"type":"Feature","geometry":{"type":"Point","coordinates":[26.135018,44.379396]},"properties":{"line":"241","mode":"bus","color":"#0059a9","colorDark":"#00294f","band":1,"off":[0,1.1]}},{"type":"Feature","geometry":{"type":"Point","coordinates":[26.146026,44.337189]},"properties":{"name":"Peco Silflor Move","band":1,"modes":"bus","arr":["125"],"off":[0,-0.8]}},{"type":"Feature","geometry":{"type":"Point","coordinates":[26.146026,44.337189]},"properties":{"line":"125","mode":"bus","color":"#0059a9","colorDark":"#00294f","band":1,"off":[0,1.1]}},{"type":"Feature","geometry":{"type":"Point","coordinates":[25.958592,44.437839]},"properties":{"name":"Carrefour Militari","band":1,"modes":"bus","arr":["137"],"off":[0,-0.8]}},{"type":"Feature","geometry":{"type":"Point","coordinates":[25.958592,44.437839]},"properties":{"line":"137","mode":"bus","color":"#0059a9","colorDark":"#00294f","band":1,"off":[0,1.1]}},{"type":"Feature","geometry":{"type":"Point","coordinates":[26.055557,44.428637]},"properties":{"name":"Bd. G-ral Paul Teodorescu","band":1,"modes":"bus","arr":["487"],"off":[0,-0.8]}},{"type":"Feature","geometry":{"type":"Point","coordinates":[26.055557,44.428637]},"properties":{"line":"487","mode":"bus","color":"#0059a9","colorDark":"#00294f","band":1,"off":[0,1.1]}},{"type":"Feature","geometry":{"type":"Point","coordinates":[25.984923,44.439445]},"properties":{"name":"Complex Militari","band":1,"modes":"bus","arr":["138"],"off":[0,-0.8]}},{"type":"Feature","geometry":{"type":"Point","coordinates":[25.984923,44.439445]},"properties":{"line":"138","mode":"bus","color":"#0059a9","colorDark":"#00294f","band":1,"off":[0,1.1]}},{"type":"Feature","geometry":{"type":"Point","coordinates":[26.034754,44.410268]},"properties":{"name":"Dedeman Ghencea","band":1,"modes":"bus","arr":["138","221"],"off":[0,-0.8]}},{"type":"Feature","geometry":{"type":"Point","coordinates":[26.034754,44.410268]},"properties":{"line":"138","mode":"bus","color":"#0059a9","colorDark":"#00294f","band":1,"off":[-1.7,1.1]}},{"type":"Feature","geometry":{"type":"Point","coordinates":[26.034754,44.410268]},"properties":{"line":"221","mode":"bus","color":"#0059a9","colorDark":"#00294f","band":1,"off":[1.7,1.1]}},{"type":"Feature","geometry":{"type":"Point","coordinates":[26.07813,44.386709]},"properties":{"name":"Zețarilor","band":1,"modes":"tram,bus","arr":["23","139","141","216","323","N118"],"off":[0,-0.8]}},{"type":"Feature","geometry":{"type":"Point","coordinates":[26.07813,44.386709]},"properties":{"line":"23","mode":"tram","color":"#d6212b","colorDark":"#7c1116","band":1,"off":[-6.8,1.1]}},{"type":"Feature","geometry":{"type":"Point","coordinates":[26.07813,44.386709]},"properties":{"line":"139","mode":"bus","color":"#0059a9","colorDark":"#00294f","band":1,"off":[-3.4,1.1]}},{"type":"Feature","geometry":{"type":"Point","coordinates":[26.07813,44.386709]},"properties":{"line":"141","mode":"bus","color":"#0059a9","colorDark":"#00294f","band":1,"off":[0,1.1]}},{"type":"Feature","geometry":{"type":"Point","coordinates":[26.07813,44.386709]},"properties":{"line":"216","mode":"bus","color":"#0059a9","colorDark":"#00294f","band":1,"off":[3.4,1.1]}},{"type":"Feature","geometry":{"type":"Point","coordinates":[26.07813,44.386709]},"properties":{"line":"323","mode":"bus","color":"#0059a9","colorDark":"#00294f","band":1,"off":[6.8,1.1]}},{"type":"Feature","geometry":{"type":"Point","coordinates":[26.07813,44.386709]},"properties":{"line":"N118","mode":"bus","color":"#000000","colorDark":"#000000","band":1,"off":[0,3.1]}},{"type":"Feature","geometry":{"type":"Point","coordinates":[26.059171,44.434045]},"properties":{"name":"Piața Leul","band":1,"modes":"bus","arr":["139"],"off":[0,-0.8]}},{"type":"Feature","geometry":{"type":"Point","coordinates":[26.059171,44.434045]},"properties":{"line":"139","mode":"bus","color":"#0059a9","colorDark":"#00294f","band":1,"off":[0,1.1]}},{"type":"Feature","geometry":{"type":"Point","coordinates":[26.000667,44.471218]},"properties":{"name":"Giulești Sârbi","band":1,"modes":"bus","arr":["162","163"],"off":[0,-0.8]}},{"type":"Feature","geometry":{"type":"Point","coordinates":[26.000667,44.471218]},"properties":{"line":"162","mode":"bus","color":"#0059a9","colorDark":"#00294f","band":1,"off":[-1.7,1.1]}},{"type":"Feature","geometry":{"type":"Point","coordinates":[26.000667,44.471218]},"properties":{"line":"163","mode":"bus","color":"#0059a9","colorDark":"#00294f","band":1,"off":[1.7,1.1]}},{"type":"Feature","geometry":{"type":"Point","coordinates":[26.022296,44.470095]},"properties":{"name":"Cartier Giulești","band":1,"modes":"tram,bus","arr":["44","N110"],"off":[0,-0.8]}},{"type":"Feature","geometry":{"type":"Point","coordinates":[26.022296,44.470095]},"properties":{"line":"44","mode":"tram","color":"#d6212b","colorDark":"#7c1116","band":1,"off":[-1.7,1.1]}},{"type":"Feature","geometry":{"type":"Point","coordinates":[26.022296,44.470095]},"properties":{"line":"N110","mode":"bus","color":"#000000","colorDark":"#000000","band":1,"off":[1.7,1.1]}},{"type":"Feature","geometry":{"type":"Point","coordinates":[26.097374,44.445885]},"properties":{"name":"Piața Romana","band":1,"modes":"bus","arr":["168","226","301","301B","331","331B","368"],"off":[0,-0.8]}},{"type":"Feature","geometry":{"type":"Point","coordinates":[26.097374,44.445885]},"properties":{"line":"168","mode":"bus","color":"#0059a9","colorDark":"#00294f","band":1,"off":[-6.8,1.1]}},{"type":"Feature","geometry":{"type":"Point","coordinates":[26.097374,44.445885]},"properties":{"line":"226","mode":"bus","color":"#0059a9","colorDark":"#00294f","band":1,"off":[-3.4,1.1]}},{"type":"Feature","geometry":{"type":"Point","coordinates":[26.097374,44.445885]},"properties":{"line":"301","mode":"bus","color":"#0059a9","colorDark":"#00294f","band":1,"off":[0,1.1]}},{"type":"Feature","geometry":{"type":"Point","coordinates":[26.097374,44.445885]},"properties":{"line":"301B","mode":"bus","color":"#0059a9","colorDark":"#00294f","band":1,"off":[3.4,1.1]}},{"type":"Feature","geometry":{"type":"Point","coordinates":[26.097374,44.445885]},"properties":{"line":"331","mode":"bus","color":"#0059a9","colorDark":"#00294f","band":1,"off":[6.8,1.1]}},{"type":"Feature","geometry":{"type":"Point","coordinates":[26.097374,44.445885]},"properties":{"line":"331B","mode":"bus","color":"#0059a9","colorDark":"#00294f","band":1,"off":[-1.7,3.1]}},{"type":"Feature","geometry":{"type":"Point","coordinates":[26.097374,44.445885]},"properties":{"line":"368","mode":"bus","color":"#0059a9","colorDark":"#00294f","band":1,"off":[1.7,3.1]}},{"type":"Feature","geometry":{"type":"Point","coordinates":[26.094969,44.437802]},"properties":{"name":"Sala Palatului","band":1,"modes":"bus","arr":["178","311"],"off":[0,-0.8]}},{"type":"Feature","geometry":{"type":"Point","coordinates":[26.094969,44.437802]},"properties":{"line":"178","mode":"bus","color":"#0059a9","colorDark":"#00294f","band":1,"off":[-1.7,1.1]}},{"type":"Feature","geometry":{"type":"Point","coordinates":[26.094969,44.437802]},"properties":{"line":"311","mode":"bus","color":"#0059a9","colorDark":"#00294f","band":1,"off":[1.7,1.1]}},{"type":"Feature","geometry":{"type":"Point","coordinates":[26.176953,44.475906]},"properties":{"name":"Dragonul Roșu","band":1,"modes":"bus","arr":["182"],"off":[0,-0.8]}},{"type":"Feature","geometry":{"type":"Point","coordinates":[26.176953,44.475906]},"properties":{"line":"182","mode":"bus","color":"#0059a9","colorDark":"#00294f","band":1,"off":[0,1.1]}},{"type":"Feature","geometry":{"type":"Point","coordinates":[26.155423,44.462967]},"properties":{"name":"Institutul Oncologic","band":1,"modes":"bus","arr":["N103"],"off":[0,-0.8]}},{"type":"Feature","geometry":{"type":"Point","coordinates":[26.155423,44.462967]},"properties":{"line":"N103","mode":"bus","color":"#000000","colorDark":"#000000","band":1,"off":[0,1.1]}},{"type":"Feature","geometry":{"type":"Point","coordinates":[26.045803,44.414915]},"properties":{"name":"Ghencea","band":1,"modes":"tram,bus","arr":["10","41","185","422","423","425","425B","426","427","428","484","610"],"off":[0,-0.8]}},{"type":"Feature","geometry":{"type":"Point","coordinates":[26.045803,44.414915]},"properties":{"line":"10","mode":"tram","color":"#d6212b","colorDark":"#7c1116","band":1,"off":[-6.8,1.1]}},{"type":"Feature","geometry":{"type":"Point","coordinates":[26.045803,44.414915]},"properties":{"line":"41","mode":"tram","color":"#d6212b","colorDark":"#7c1116","band":1,"off":[-3.4,1.1]}},{"type":"Feature","geometry":{"type":"Point","coordinates":[26.045803,44.414915]},"properties":{"line":"185","mode":"bus","color":"#0059a9","colorDark":"#00294f","band":1,"off":[0,1.1]}},{"type":"Feature","geometry":{"type":"Point","coordinates":[26.045803,44.414915]},"properties":{"line":"422","mode":"bus","color":"#0059a9","colorDark":"#00294f","band":1,"off":[3.4,1.1]}},{"type":"Feature","geometry":{"type":"Point","coordinates":[26.045803,44.414915]},"properties":{"line":"423","mode":"bus","color":"#0059a9","colorDark":"#00294f","band":1,"off":[6.8,1.1]}},{"type":"Feature","geometry":{"type":"Point","coordinates":[26.045803,44.414915]},"properties":{"line":"425","mode":"bus","color":"#0059a9","colorDark":"#00294f","band":1,"off":[-6.8,3.1]}},{"type":"Feature","geometry":{"type":"Point","coordinates":[26.045803,44.414915]},"properties":{"line":"425B","mode":"bus","color":"#0059a9","colorDark":"#00294f","band":1,"off":[-3.4,3.1]}},{"type":"Feature","geometry":{"type":"Point","coordinates":[26.045803,44.414915]},"properties":{"line":"426","mode":"bus","color":"#0059a9","colorDark":"#00294f","band":1,"off":[0,3.1]}},{"type":"Feature","geometry":{"type":"Point","coordinates":[26.045803,44.414915]},"properties":{"line":"427","mode":"bus","color":"#0059a9","colorDark":"#00294f","band":1,"off":[3.4,3.1]}},{"type":"Feature","geometry":{"type":"Point","coordinates":[26.045803,44.414915]},"properties":{"line":"428","mode":"bus","color":"#0059a9","colorDark":"#00294f","band":1,"off":[6.8,3.1]}},{"type":"Feature","geometry":{"type":"Point","coordinates":[26.045803,44.414915]},"properties":{"line":"484","mode":"bus","color":"#0059a9","colorDark":"#00294f","band":1,"off":[-1.7,5.1]}},{"type":"Feature","geometry":{"type":"Point","coordinates":[26.045803,44.414915]},"properties":{"line":"610","mode":"bus","color":"#0059a9","colorDark":"#00294f","band":1,"off":[1.7,5.1]}},{"type":"Feature","geometry":{"type":"Point","coordinates":[26.0215,44.403975]},"properties":{"name":"Cimitirul Ghencea 3","band":1,"modes":"bus","arr":["185"],"off":[0,-0.8]}},{"type":"Feature","geometry":{"type":"Point","coordinates":[26.0215,44.403975]},"properties":{"line":"185","mode":"bus","color":"#0059a9","colorDark":"#00294f","band":1,"off":[0,1.1]}},{"type":"Feature","geometry":{"type":"Point","coordinates":[26.080894,44.495661]},"properties":{"name":"Aeroport Băneasa","band":1,"modes":"tram,bus","arr":["5","196"],"off":[0,-0.8]}},{"type":"Feature","geometry":{"type":"Point","coordinates":[26.080894,44.495661]},"properties":{"line":"5","mode":"tram","color":"#d6212b","colorDark":"#7c1116","band":1,"off":[-1.7,1.1]}},{"type":"Feature","geometry":{"type":"Point","coordinates":[26.080894,44.495661]},"properties":{"line":"196","mode":"bus","color":"#0059a9","colorDark":"#00294f","band":1,"off":[1.7,1.1]}},{"type":"Feature","geometry":{"type":"Point","coordinates":[26.092421,44.41536]},"properties":{"name":"Autogara Filaret","band":1,"modes":"bus","arr":["196"],"off":[0,-0.8]}},{"type":"Feature","geometry":{"type":"Point","coordinates":[26.092421,44.41536]},"properties":{"line":"196","mode":"bus","color":"#0059a9","colorDark":"#00294f","band":1,"off":[0,1.1]}},{"type":"Feature","geometry":{"type":"Point","coordinates":[26.094873,44.53807]},"properties":{"name":"Cartier Greenfield","band":1,"modes":"bus","arr":["203"],"off":[0,-0.8]}},{"type":"Feature","geometry":{"type":"Point","coordinates":[26.094873,44.53807]},"properties":{"line":"203","mode":"bus","color":"#0059a9","colorDark":"#00294f","band":1,"off":[0,1.1]}},{"type":"Feature","geometry":{"type":"Point","coordinates":[26.084405,44.454842]},"properties":{"name":"Piața Victoriei","band":1,"modes":"bus","arr":["203"],"off":[0,-0.8]}},{"type":"Feature","geometry":{"type":"Point","coordinates":[26.084405,44.454842]},"properties":{"line":"203","mode":"bus","color":"#0059a9","colorDark":"#00294f","band":1,"off":[0,1.1]}},{"type":"Feature","geometry":{"type":"Point","coordinates":[26.064835,44.406747]},"properties":{"name":"Piața Rahova","band":1,"modes":"bus","arr":["220"],"off":[0,-0.8]}},{"type":"Feature","geometry":{"type":"Point","coordinates":[26.064835,44.406747]},"properties":{"line":"220","mode":"bus","color":"#0059a9","colorDark":"#00294f","band":1,"off":[0,1.1]}},{"type":"Feature","geometry":{"type":"Point","coordinates":[26.113813,44.416466]},"properties":{"name":"Univ. Creștină Dimitrie Cantemir","band":1,"modes":"bus","arr":["223"],"off":[0,-0.8]}},{"type":"Feature","geometry":{"type":"Point","coordinates":[26.113813,44.416466]},"properties":{"line":"223","mode":"bus","color":"#0059a9","colorDark":"#00294f","band":1,"off":[0,1.1]}},{"type":"Feature","geometry":{"type":"Point","coordinates":[26.218552,44.395888]},"properties":{"name":"Pasarela","band":1,"modes":"bus","arr":["223"],"off":[0,-0.8]}},{"type":"Feature","geometry":{"type":"Point","coordinates":[26.218552,44.395888]},"properties":{"line":"223","mode":"bus","color":"#0059a9","colorDark":"#00294f","band":1,"off":[0,1.1]}},{"type":"Feature","geometry":{"type":"Point","coordinates":[26.113073,44.363484]},"properties":{"name":"Biserica Sfinții Brâncoveni","band":1,"modes":"bus","arr":["241"],"off":[0,-0.8]}},{"type":"Feature","geometry":{"type":"Point","coordinates":[26.113073,44.363484]},"properties":{"line":"241","mode":"bus","color":"#0059a9","colorDark":"#00294f","band":1,"off":[0,1.1]}},{"type":"Feature","geometry":{"type":"Point","coordinates":[26.131806,44.462921]},"properties":{"name":"Șoseaua Colentina","band":1,"modes":"bus","arr":["290"],"off":[0,-0.8]}},{"type":"Feature","geometry":{"type":"Point","coordinates":[26.131806,44.462921]},"properties":{"line":"290","mode":"bus","color":"#0059a9","colorDark":"#00294f","band":1,"off":[0,1.1]}},{"type":"Feature","geometry":{"type":"Point","coordinates":[26.127674,44.465359]},"properties":{"name":"Bd. Lacul Tei","band":1,"modes":"bus","arr":["243"],"off":[0,-0.8]}},{"type":"Feature","geometry":{"type":"Point","coordinates":[26.127674,44.465359]},"properties":{"line":"243","mode":"bus","color":"#0059a9","colorDark":"#00294f","band":1,"off":[0,1.1]}},{"type":"Feature","geometry":{"type":"Point","coordinates":[26.198147,44.406694]},"properties":{"name":"M Nicolae Teclu","band":1,"modes":"bus","arr":["246","405","408","472","480","627","N111"],"off":[0,-0.8]}},{"type":"Feature","geometry":{"type":"Point","coordinates":[26.198147,44.406694]},"properties":{"name":"Complex Titan","band":1,"modes":"bus","arr":["246","405","408","472","480","627","N111"],"off":[0,-1.9]}},{"type":"Feature","geometry":{"type":"Point","coordinates":[26.198147,44.406694]},"properties":{"line":"246","mode":"bus","color":"#0059a9","colorDark":"#00294f","band":1,"off":[-6.8,1.1]}},{"type":"Feature","geometry":{"type":"Point","coordinates":[26.198147,44.406694]},"properties":{"line":"405","mode":"bus","color":"#0059a9","colorDark":"#00294f","band":1,"off":[-3.4,1.1]}},{"type":"Feature","geometry":{"type":"Point","coordinates":[26.198147,44.406694]},"properties":{"line":"408","mode":"bus","color":"#0059a9","colorDark":"#00294f","band":1,"off":[0,1.1]}},{"type":"Feature","geometry":{"type":"Point","coordinates":[26.198147,44.406694]},"properties":{"line":"472","mode":"bus","color":"#0059a9","colorDark":"#00294f","band":1,"off":[3.4,1.1]}},{"type":"Feature","geometry":{"type":"Point","coordinates":[26.198147,44.406694]},"properties":{"line":"480","mode":"bus","color":"#0059a9","colorDark":"#00294f","band":1,"off":[6.8,1.1]}},{"type":"Feature","geometry":{"type":"Point","coordinates":[26.198147,44.406694]},"properties":{"line":"627","mode":"bus","color":"#0059a9","colorDark":"#00294f","band":1,"off":[-1.7,3.1]}},{"type":"Feature","geometry":{"type":"Point","coordinates":[26.198147,44.406694]},"properties":{"line":"N111","mode":"bus","color":"#000000","colorDark":"#000000","band":1,"off":[1.7,3.1]}},{"type":"Feature","geometry":{"type":"Point","coordinates":[26.193718,44.422966]},"properties":{"name":"Parcul Teilor","band":1,"modes":"bus","arr":["253","330","N104"],"off":[0,-0.8]}},{"type":"Feature","geometry":{"type":"Point","coordinates":[26.193718,44.422966]},"properties":{"line":"253","mode":"bus","color":"#0059a9","colorDark":"#00294f","band":1,"off":[-3.4,1.1]}},{"type":"Feature","geometry":{"type":"Point","coordinates":[26.193718,44.422966]},"properties":{"line":"330","mode":"bus","color":"#0059a9","colorDark":"#00294f","band":1,"off":[0,1.1]}},{"type":"Feature","geometry":{"type":"Point","coordinates":[26.193718,44.422966]},"properties":{"line":"N104","mode":"bus","color":"#000000","colorDark":"#000000","band":1,"off":[3.4,1.1]}},{"type":"Feature","geometry":{"type":"Point","coordinates":[26.148218,44.464363]},"properties":{"name":"Șoseaua Fundeni","band":1,"modes":"bus","arr":["282","N120"],"off":[0,-0.8]}},{"type":"Feature","geometry":{"type":"Point","coordinates":[26.148218,44.464363]},"properties":{"line":"282","mode":"bus","color":"#0059a9","colorDark":"#00294f","band":1,"off":[-1.7,1.1]}},{"type":"Feature","geometry":{"type":"Point","coordinates":[26.148218,44.464363]},"properties":{"line":"N120","mode":"bus","color":"#000000","colorDark":"#000000","band":1,"off":[1.7,1.1]}},{"type":"Feature","geometry":{"type":"Point","coordinates":[26.085992,44.508092]},"properties":{"name":"Complex Băneasa","band":1,"modes":"bus","arr":["290","335","435","450","473","N119"],"off":[0,-0.8]}},{"type":"Feature","geometry":{"type":"Point","coordinates":[26.085992,44.508092]},"properties":{"line":"290","mode":"bus","color":"#0059a9","colorDark":"#00294f","band":1,"off":[-6.8,1.1]}},{"type":"Feature","geometry":{"type":"Point","coordinates":[26.085992,44.508092]},"properties":{"line":"335","mode":"bus","color":"#0059a9","colorDark":"#00294f","band":1,"off":[-3.4,1.1]}},{"type":"Feature","geometry":{"type":"Point","coordinates":[26.085992,44.508092]},"properties":{"line":"435","mode":"bus","color":"#0059a9","colorDark":"#00294f","band":1,"off":[0,1.1]}},{"type":"Feature","geometry":{"type":"Point","coordinates":[26.085992,44.508092]},"properties":{"line":"450","mode":"bus","color":"#0059a9","colorDark":"#00294f","band":1,"off":[3.4,1.1]}},{"type":"Feature","geometry":{"type":"Point","coordinates":[26.085992,44.508092]},"properties":{"line":"473","mode":"bus","color":"#0059a9","colorDark":"#00294f","band":1,"off":[6.8,1.1]}},{"type":"Feature","geometry":{"type":"Point","coordinates":[26.085992,44.508092]},"properties":{"line":"N119","mode":"bus","color":"#000000","colorDark":"#000000","band":1,"off":[0,3.1]}},{"type":"Feature","geometry":{"type":"Point","coordinates":[26.142701,44.534744]},"properties":{"name":"Pasaj CFR Tunari","band":1,"modes":"bus","arr":["301"],"off":[0,-0.8]}},{"type":"Feature","geometry":{"type":"Point","coordinates":[26.142701,44.534744]},"properties":{"line":"301","mode":"bus","color":"#0059a9","colorDark":"#00294f","band":1,"off":[0,1.1]}},{"type":"Feature","geometry":{"type":"Point","coordinates":[26.142005,44.550082]},"properties":{"name":"Tunari","band":1,"modes":"bus","arr":["301B"],"off":[0,-0.8]}},{"type":"Feature","geometry":{"type":"Point","coordinates":[26.142005,44.550082]},"properties":{"line":"301B","mode":"bus","color":"#0059a9","colorDark":"#00294f","band":1,"off":[0,1.1]}},{"type":"Feature","geometry":{"type":"Point","coordinates":[26.139045,44.420471]},"properties":{"name":"Dristorului","band":1,"modes":"bus,metro","arr":["330","627","M1"],"off":[0,-0.8]}},{"type":"Feature","geometry":{"type":"Point","coordinates":[26.139045,44.420471]},"properties":{"name":"Dristor 2","band":1,"modes":"bus,metro","arr":["330","627","M1"],"off":[0,-1.9]}},{"type":"Feature","geometry":{"type":"Point","coordinates":[26.139045,44.420471]},"properties":{"line":"330","mode":"bus","color":"#0059a9","colorDark":"#00294f","band":1,"off":[-3.4,1.1]}},{"type":"Feature","geometry":{"type":"Point","coordinates":[26.139045,44.420471]},"properties":{"line":"627","mode":"bus","color":"#0059a9","colorDark":"#00294f","band":1,"off":[0,1.1]}},{"type":"Feature","geometry":{"type":"Point","coordinates":[26.139045,44.420471]},"properties":{"line":"M1","mode":"tram","color":"#F8C301","colorDark":"#886b01","band":1,"metro":1,"off":[3.4,1.1]}},{"type":"Feature","geometry":{"type":"Point","coordinates":[26.051457,44.488246]},"properties":{"name":"Cartier Dămăroaia","band":1,"modes":"bus","arr":["331"],"off":[0,-0.8]}},{"type":"Feature","geometry":{"type":"Point","coordinates":[26.051457,44.488246]},"properties":{"line":"331","mode":"bus","color":"#0059a9","colorDark":"#00294f","band":1,"off":[0,1.1]}},{"type":"Feature","geometry":{"type":"Point","coordinates":[26.062245,44.490688]},"properties":{"name":"Petrom City","band":1,"modes":"bus","arr":["331B"],"off":[0,-0.8]}},{"type":"Feature","geometry":{"type":"Point","coordinates":[26.062245,44.490688]},"properties":{"line":"331B","mode":"bus","color":"#0059a9","colorDark":"#00294f","band":1,"off":[0,1.1]}},{"type":"Feature","geometry":{"type":"Point","coordinates":[26.176185,44.470448]},"properties":{"name":"Fundeni","band":1,"modes":"bus","arr":["343"],"off":[0,-0.8]}},{"type":"Feature","geometry":{"type":"Point","coordinates":[26.176185,44.470448]},"properties":{"line":"343","mode":"bus","color":"#0059a9","colorDark":"#00294f","band":1,"off":[0,1.1]}},{"type":"Feature","geometry":{"type":"Point","coordinates":[26.097353,44.497582]},"properties":{"name":"Cartier Henri Coandă","band":1,"modes":"bus","arr":["343"],"off":[0,-0.8]}},{"type":"Feature","geometry":{"type":"Point","coordinates":[26.097353,44.497582]},"properties":{"line":"343","mode":"bus","color":"#0059a9","colorDark":"#00294f","band":1,"off":[0,1.1]}},{"type":"Feature","geometry":{"type":"Point","coordinates":[26.147529,44.48163]},"properties":{"name":"Escalei","band":1,"modes":"bus","arr":["382"],"off":[0,-0.8]}},{"type":"Feature","geometry":{"type":"Point","coordinates":[26.147529,44.48163]},"properties":{"line":"382","mode":"bus","color":"#0059a9","colorDark":"#00294f","band":1,"off":[0,1.1]}},{"type":"Feature","geometry":{"type":"Point","coordinates":[26.125219,44.549023]},"properties":{"name":"Tunari (1 Decembrie)","band":1,"modes":"bus","arr":["459"],"off":[0,-0.8]}},{"type":"Feature","geometry":{"type":"Point","coordinates":[26.125219,44.549023]},"properties":{"line":"459","mode":"bus","color":"#0059a9","colorDark":"#00294f","band":1,"off":[0,1.1]}},{"type":"Feature","geometry":{"type":"Point","coordinates":[26.353751,44.424339]},"properties":{"name":"Vadu Anei","band":1,"modes":"bus","arr":["403"],"off":[0,-0.8]}},{"type":"Feature","geometry":{"type":"Point","coordinates":[26.353751,44.424339]},"properties":{"line":"403","mode":"bus","color":"#0059a9","colorDark":"#00294f","band":1,"off":[0,1.1]}},{"type":"Feature","geometry":{"type":"Point","coordinates":[26.349513,44.445026]},"properties":{"name":"Brănești","band":1,"modes":"bus","arr":["458"],"off":[0,-0.8]}},{"type":"Feature","geometry":{"type":"Point","coordinates":[26.349513,44.445026]},"properties":{"line":"458","mode":"bus","color":"#0059a9","colorDark":"#00294f","band":1,"off":[0,1.1]}},{"type":"Feature","geometry":{"type":"Point","coordinates":[26.290014,44.392616]},"properties":{"name":"Spital Bălăceanca","band":1,"modes":"bus","arr":["405"],"off":[0,-0.8]}},{"type":"Feature","geometry":{"type":"Point","coordinates":[26.290014,44.392616]},"properties":{"line":"405","mode":"bus","color":"#0059a9","colorDark":"#00294f","band":1,"off":[0,1.1]}},{"type":"Feature","geometry":{"type":"Point","coordinates":[26.315281,44.371368]},"properties":{"name":"Sat Poșta","band":1,"modes":"bus","arr":["407"],"off":[0,-0.8]}},{"type":"Feature","geometry":{"type":"Point","coordinates":[26.315281,44.371368]},"properties":{"line":"407","mode":"bus","color":"#0059a9","colorDark":"#00294f","band":1,"off":[0,1.1]}},{"type":"Feature","geometry":{"type":"Point","coordinates":[26.24799,44.403277]},"properties":{"name":"Manolache","band":1,"modes":"bus","arr":["408"],"off":[0,-0.8]}},{"type":"Feature","geometry":{"type":"Point","coordinates":[26.24799,44.403277]},"properties":{"line":"408","mode":"bus","color":"#0059a9","colorDark":"#00294f","band":1,"off":[0,1.1]}},{"type":"Feature","geometry":{"type":"Point","coordinates":[26.218866,44.606725]},"properties":{"name":"Crizantemelor","band":1,"modes":"bus","arr":["409B"],"off":[0,-0.8]}},{"type":"Feature","geometry":{"type":"Point","coordinates":[26.218866,44.606725]},"properties":{"line":"409B","mode":"bus","color":"#0059a9","colorDark":"#00294f","band":1,"off":[0,1.1]}},{"type":"Feature","geometry":{"type":"Point","coordinates":[26.30936,44.741376]},"properties":{"name":"Merii Petchii Sosiri","band":1,"modes":"bus","arr":["409"],"off":[0,-0.8]}},{"type":"Feature","geometry":{"type":"Point","coordinates":[26.30936,44.741376]},"properties":{"name":"Merii Petchii","band":1,"modes":"bus","arr":["409"],"off":[0,-3]}},{"type":"Feature","geometry":{"type":"Point","coordinates":[26.30936,44.741376]},"properties":{"line":"409","mode":"bus","color":"#0059a9","colorDark":"#00294f","band":1,"off":[0,1.1]}},{"type":"Feature","geometry":{"type":"Point","coordinates":[26.243629,44.602365]},"properties":{"name":"Gagu","band":1,"modes":"bus","arr":["411","468"],"off":[0,-0.8]}},{"type":"Feature","geometry":{"type":"Point","coordinates":[26.243629,44.602365]},"properties":{"line":"411","mode":"bus","color":"#0059a9","colorDark":"#00294f","band":1,"off":[-1.7,1.1]}},{"type":"Feature","geometry":{"type":"Point","coordinates":[26.243629,44.602365]},"properties":{"line":"468","mode":"bus","color":"#0059a9","colorDark":"#00294f","band":1,"off":[1.7,1.1]}},{"type":"Feature","geometry":{"type":"Point","coordinates":[26.360723,44.573215]},"properties":{"name":"Măineasca","band":1,"modes":"bus","arr":["412"],"off":[0,-0.8]}},{"type":"Feature","geometry":{"type":"Point","coordinates":[26.360723,44.573215]},"properties":{"line":"412","mode":"bus","color":"#0059a9","colorDark":"#00294f","band":1,"off":[0,1.1]}},{"type":"Feature","geometry":{"type":"Point","coordinates":[26.335711,44.503075]},"properties":{"name":"Piteasca","band":1,"modes":"bus","arr":["413","417","457"],"off":[0,-0.8]}},{"type":"Feature","geometry":{"type":"Point","coordinates":[26.335711,44.503075]},"properties":{"line":"413","mode":"bus","color":"#0059a9","colorDark":"#00294f","band":1,"off":[-3.4,1.1]}},{"type":"Feature","geometry":{"type":"Point","coordinates":[26.335711,44.503075]},"properties":{"line":"417","mode":"bus","color":"#0059a9","colorDark":"#00294f","band":1,"off":[0,1.1]}},{"type":"Feature","geometry":{"type":"Point","coordinates":[26.335711,44.503075]},"properties":{"line":"457","mode":"bus","color":"#0059a9","colorDark":"#00294f","band":1,"off":[3.4,1.1]}},{"type":"Feature","geometry":{"type":"Point","coordinates":[26.115943,44.480665]},"properties":{"name":"Pipera","band":1,"modes":"bus,metro","arr":["416","450","488","M2"],"off":[0,-0.8]}},{"type":"Feature","geometry":{"type":"Point","coordinates":[26.115943,44.480665]},"properties":{"name":"M Pipera","band":1,"modes":"bus,metro","arr":["416","450","488","M2"],"off":[0,-1.9]}},{"type":"Feature","geometry":{"type":"Point","coordinates":[26.115943,44.480665]},"properties":{"line":"416","mode":"bus","color":"#0059a9","colorDark":"#00294f","band":1,"off":[-5.1,1.1]}},{"type":"Feature","geometry":{"type":"Point","coordinates":[26.115943,44.480665]},"properties":{"line":"450","mode":"bus","color":"#0059a9","colorDark":"#00294f","band":1,"off":[-1.7,1.1]}},{"type":"Feature","geometry":{"type":"Point","coordinates":[26.115943,44.480665]},"properties":{"line":"488","mode":"bus","color":"#0059a9","colorDark":"#00294f","band":1,"off":[1.7,1.1]}},{"type":"Feature","geometry":{"type":"Point","coordinates":[26.115943,44.480665]},"properties":{"line":"M2","mode":"tram","color":"#495676","colorDark":"#282f41","band":1,"metro":1,"off":[5.1,1.1]}},{"type":"Feature","geometry":{"type":"Point","coordinates":[26.186424,44.480592]},"properties":{"name":"Strada Gării Pantelimon","band":1,"modes":"bus","arr":["416","473"],"off":[0,-0.8]}},{"type":"Feature","geometry":{"type":"Point","coordinates":[26.186424,44.480592]},"properties":{"line":"416","mode":"bus","color":"#0059a9","colorDark":"#00294f","band":1,"off":[-1.7,1.1]}},{"type":"Feature","geometry":{"type":"Point","coordinates":[26.186424,44.480592]},"properties":{"line":"473","mode":"bus","color":"#0059a9","colorDark":"#00294f","band":1,"off":[1.7,1.1]}},{"type":"Feature","geometry":{"type":"Point","coordinates":[26.11838,44.265427]},"properties":{"name":"Copăceni","band":1,"modes":"bus","arr":["418"],"off":[0,-0.8]}},{"type":"Feature","geometry":{"type":"Point","coordinates":[26.11838,44.265427]},"properties":{"line":"418","mode":"bus","color":"#0059a9","colorDark":"#00294f","band":1,"off":[0,1.1]}},{"type":"Feature","geometry":{"type":"Point","coordinates":[26.104985,44.343034]},"properties":{"name":"Bumbăcăria Jilava","band":1,"modes":"bus","arr":["419"],"off":[0,-0.8]}},{"type":"Feature","geometry":{"type":"Point","coordinates":[26.104985,44.343034]},"properties":{"line":"419","mode":"bus","color":"#0059a9","colorDark":"#00294f","band":1,"off":[0,1.1]}},{"type":"Feature","geometry":{"type":"Point","coordinates":[25.952908,44.330297]},"properties":{"name":"Cornetu","band":1,"modes":"bus","arr":["421"],"off":[0,-0.8]}},{"type":"Feature","geometry":{"type":"Point","coordinates":[25.952908,44.330297]},"properties":{"line":"421","mode":"bus","color":"#0059a9","colorDark":"#00294f","band":1,"off":[0,1.1]}},{"type":"Feature","geometry":{"type":"Point","coordinates":[25.877664,44.414136]},"properties":{"name":"Dârvari","band":1,"modes":"bus","arr":["422","431"],"off":[0,-0.8]}},{"type":"Feature","geometry":{"type":"Point","coordinates":[25.877664,44.414136]},"properties":{"line":"422","mode":"bus","color":"#0059a9","colorDark":"#00294f","band":1,"off":[-1.7,1.1]}},{"type":"Feature","geometry":{"type":"Point","coordinates":[25.877664,44.414136]},"properties":{"line":"431","mode":"bus","color":"#0059a9","colorDark":"#00294f","band":1,"off":[1.7,1.1]}},{"type":"Feature","geometry":{"type":"Point","coordinates":[25.870102,44.379336]},"properties":{"name":"Țegheș","band":1,"modes":"bus","arr":["423"],"off":[0,-0.8]}},{"type":"Feature","geometry":{"type":"Point","coordinates":[25.870102,44.379336]},"properties":{"line":"423","mode":"bus","color":"#0059a9","colorDark":"#00294f","band":1,"off":[0,1.1]}},{"type":"Feature","geometry":{"type":"Point","coordinates":[25.938284,44.37634]},"properties":{"name":"Clinceni","band":1,"modes":"bus","arr":["424","425B"],"off":[0,-0.8]}},{"type":"Feature","geometry":{"type":"Point","coordinates":[25.938284,44.37634]},"properties":{"line":"424","mode":"bus","color":"#0059a9","colorDark":"#00294f","band":1,"off":[-1.7,1.1]}},{"type":"Feature","geometry":{"type":"Point","coordinates":[25.938284,44.37634]},"properties":{"line":"425B","mode":"bus","color":"#0059a9","colorDark":"#00294f","band":1,"off":[1.7,1.1]}},{"type":"Feature","geometry":{"type":"Point","coordinates":[25.88365,44.36044]},"properties":{"name":"Ordoreanu","band":1,"modes":"bus","arr":["425"],"off":[0,-0.8]}},{"type":"Feature","geometry":{"type":"Point","coordinates":[25.88365,44.36044]},"properties":{"line":"425","mode":"bus","color":"#0059a9","colorDark":"#00294f","band":1,"off":[0,1.1]}},{"type":"Feature","geometry":{"type":"Point","coordinates":[25.886612,44.361169]},"properties":{"name":"Ordoreanu","band":1,"modes":"bus","arr":["425"],"off":[0,-0.8]}},{"type":"Feature","geometry":{"type":"Point","coordinates":[25.886612,44.361169]},"properties":{"line":"425","mode":"bus","color":"#0059a9","colorDark":"#00294f","band":1,"off":[0,1.1]}},{"type":"Feature","geometry":{"type":"Point","coordinates":[25.989116,44.329691]},"properties":{"name":"Pruni","band":1,"modes":"bus","arr":["426"],"off":[0,-0.8]}},{"type":"Feature","geometry":{"type":"Point","coordinates":[25.989116,44.329691]},"properties":{"line":"426","mode":"bus","color":"#0059a9","colorDark":"#00294f","band":1,"off":[0,1.1]}},{"type":"Feature","geometry":{"type":"Point","coordinates":[26.028043,44.307343]},"properties":{"name":"Dărăști","band":1,"modes":"bus","arr":["427"],"off":[0,-0.8]}},{"type":"Feature","geometry":{"type":"Point","coordinates":[26.028043,44.307343]},"properties":{"line":"427","mode":"bus","color":"#0059a9","colorDark":"#00294f","band":1,"off":[0,1.1]}},{"type":"Feature","geometry":{"type":"Point","coordinates":[25.981305,44.508641]},"properties":{"name":"Primăria Chitila","band":1,"modes":"bus","arr":["462","466"],"off":[0,-0.8]}},{"type":"Feature","geometry":{"type":"Point","coordinates":[25.981305,44.508641]},"properties":{"line":"462","mode":"bus","color":"#0059a9","colorDark":"#00294f","band":1,"off":[-1.7,1.1]}},{"type":"Feature","geometry":{"type":"Point","coordinates":[25.981305,44.508641]},"properties":{"line":"466","mode":"bus","color":"#0059a9","colorDark":"#00294f","band":1,"off":[1.7,1.1]}},{"type":"Feature","geometry":{"type":"Point","coordinates":[25.970651,44.515303]},"properties":{"name":"Pasaj Cfr Chitila","band":1,"modes":"bus","arr":["429","435","476"],"off":[0,-0.8]}},{"type":"Feature","geometry":{"type":"Point","coordinates":[25.970651,44.515303]},"properties":{"line":"429","mode":"bus","color":"#0059a9","colorDark":"#00294f","band":1,"off":[-3.4,1.1]}},{"type":"Feature","geometry":{"type":"Point","coordinates":[25.970651,44.515303]},"properties":{"line":"435","mode":"bus","color":"#0059a9","colorDark":"#00294f","band":1,"off":[0,1.1]}},{"type":"Feature","geometry":{"type":"Point","coordinates":[25.970651,44.515303]},"properties":{"line":"476","mode":"bus","color":"#0059a9","colorDark":"#00294f","band":1,"off":[3.4,1.1]}},{"type":"Feature","geometry":{"type":"Point","coordinates":[25.909742,44.493602]},"properties":{"name":"Zurbaua","band":1,"modes":"bus","arr":["432"],"off":[0,-0.8]}},{"type":"Feature","geometry":{"type":"Point","coordinates":[25.909742,44.493602]},"properties":{"line":"432","mode":"bus","color":"#0059a9","colorDark":"#00294f","band":1,"off":[0,1.1]}},{"type":"Feature","geometry":{"type":"Point","coordinates":[25.912239,44.472357]},"properties":{"name":"Dragomirești Deal","band":1,"modes":"bus","arr":["433"],"off":[0,-0.8]}},{"type":"Feature","geometry":{"type":"Point","coordinates":[25.912239,44.472357]},"properties":{"line":"433","mode":"bus","color":"#0059a9","colorDark":"#00294f","band":1,"off":[0,1.1]}},{"type":"Feature","geometry":{"type":"Point","coordinates":[25.97254,44.441486]},"properties":{"name":"Chiajna-Stelelor","band":1,"modes":"bus","arr":["434","483"],"off":[0,-0.8]}},{"type":"Feature","geometry":{"type":"Point","coordinates":[25.97254,44.441486]},"properties":{"line":"434","mode":"bus","color":"#0059a9","colorDark":"#00294f","band":1,"off":[-1.7,1.1]}},{"type":"Feature","geometry":{"type":"Point","coordinates":[25.97254,44.441486]},"properties":{"line":"483","mode":"bus","color":"#0059a9","colorDark":"#00294f","band":1,"off":[1.7,1.1]}},{"type":"Feature","geometry":{"type":"Point","coordinates":[26.033671,44.43433]},"properties":{"name":"M Lujerului","band":1,"modes":"bus","arr":["434","483"],"off":[0,-0.8]}},{"type":"Feature","geometry":{"type":"Point","coordinates":[26.033671,44.43433]},"properties":{"line":"434","mode":"bus","color":"#0059a9","colorDark":"#00294f","band":1,"off":[-1.7,1.1]}},{"type":"Feature","geometry":{"type":"Point","coordinates":[26.033671,44.43433]},"properties":{"line":"483","mode":"bus","color":"#0059a9","colorDark":"#00294f","band":1,"off":[1.7,1.1]}},{"type":"Feature","geometry":{"type":"Point","coordinates":[25.94096,44.575587]},"properties":{"name":"Oraș Buftea","band":1,"modes":"bus","arr":["436"],"off":[0,-0.8]}},{"type":"Feature","geometry":{"type":"Point","coordinates":[25.94096,44.575587]},"properties":{"line":"436","mode":"bus","color":"#0059a9","colorDark":"#00294f","band":1,"off":[0,1.1]}},{"type":"Feature","geometry":{"type":"Point","coordinates":[26.188984,44.259428]},"properties":{"name":"Vidra","band":1,"modes":"bus","arr":["438"],"off":[0,-0.8]}},{"type":"Feature","geometry":{"type":"Point","coordinates":[26.188984,44.259428]},"properties":{"line":"438","mode":"bus","color":"#0059a9","colorDark":"#00294f","band":1,"off":[0,1.1]}},{"type":"Feature","geometry":{"type":"Point","coordinates":[26.195781,44.367136]},"properties":{"name":"Danubiana","band":1,"modes":"bus","arr":["439"],"off":[0,-0.8]}},{"type":"Feature","geometry":{"type":"Point","coordinates":[26.195781,44.367136]},"properties":{"line":"439","mode":"bus","color":"#0059a9","colorDark":"#00294f","band":1,"off":[0,1.1]}},{"type":"Feature","geometry":{"type":"Point","coordinates":[26.221789,44.378706]},"properties":{"name":"Leordeni","band":1,"modes":"bus","arr":["440"],"off":[0,-0.8]}},{"type":"Feature","geometry":{"type":"Point","coordinates":[26.221789,44.378706]},"properties":{"line":"440","mode":"bus","color":"#0059a9","colorDark":"#00294f","band":1,"off":[0,1.1]}},{"type":"Feature","geometry":{"type":"Point","coordinates":[26.014985,44.614253]},"properties":{"name":"Ostratu","band":1,"modes":"bus","arr":["441"],"off":[0,-0.8]}},{"type":"Feature","geometry":{"type":"Point","coordinates":[26.014985,44.614253]},"properties":{"line":"441","mode":"bus","color":"#0059a9","colorDark":"#00294f","band":1,"off":[0,1.1]}},{"type":"Feature","geometry":{"type":"Point","coordinates":[25.998536,44.577751]},"properties":{"name":"Tamași","band":1,"modes":"bus","arr":["441B"],"off":[0,-0.8]}},{"type":"Feature","geometry":{"type":"Point","coordinates":[25.998536,44.577751]},"properties":{"line":"441B","mode":"bus","color":"#0059a9","colorDark":"#00294f","band":1,"off":[0,1.1]}},{"type":"Feature","geometry":{"type":"Point","coordinates":[26.087139,44.606075]},"properties":{"name":"Therme București","band":1,"modes":"bus","arr":["442"],"off":[0,-0.8]}},{"type":"Feature","geometry":{"type":"Point","coordinates":[26.087139,44.606075]},"properties":{"line":"442","mode":"bus","color":"#0059a9","colorDark":"#00294f","band":1,"off":[0,1.1]}},{"type":"Feature","geometry":{"type":"Point","coordinates":[25.997377,44.677974]},"properties":{"name":"Periș","band":1,"modes":"bus","arr":["443"],"off":[0,-0.8]}},{"type":"Feature","geometry":{"type":"Point","coordinates":[25.997377,44.677974]},"properties":{"line":"443","mode":"bus","color":"#0059a9","colorDark":"#00294f","band":1,"off":[0,1.1]}},{"type":"Feature","geometry":{"type":"Point","coordinates":[25.976546,44.687678]},"properties":{"name":"Periș Sat","band":1,"modes":"bus","arr":["443B"],"off":[0,-0.8]}},{"type":"Feature","geometry":{"type":"Point","coordinates":[25.976546,44.687678]},"properties":{"line":"443B","mode":"bus","color":"#0059a9","colorDark":"#00294f","band":1,"off":[0,1.1]}},{"type":"Feature","geometry":{"type":"Point","coordinates":[26.071213,44.743572]},"properties":{"name":"Piscu","band":1,"modes":"bus","arr":["444"],"off":[0,-0.8]}},{"type":"Feature","geometry":{"type":"Point","coordinates":[26.071213,44.743572]},"properties":{"line":"444","mode":"bus","color":"#0059a9","colorDark":"#00294f","band":1,"off":[0,1.1]}},{"type":"Feature","geometry":{"type":"Point","coordinates":[26.273115,44.712182]},"properties":{"name":"Gruiu-Lipia","band":1,"modes":"bus","arr":["446","447"],"off":[0,-0.8]}},{"type":"Feature","geometry":{"type":"Point","coordinates":[26.273115,44.712182]},"properties":{"name":"Gruiu Lipia Urcare","band":1,"modes":"bus","arr":["446","447"],"off":[0,-1.9]}},{"type":"Feature","geometry":{"type":"Point","coordinates":[26.273115,44.712182]},"properties":{"line":"446","mode":"bus","color":"#0059a9","colorDark":"#00294f","band":1,"off":[-1.7,1.1]}},{"type":"Feature","geometry":{"type":"Point","coordinates":[26.273115,44.712182]},"properties":{"line":"447","mode":"bus","color":"#0059a9","colorDark":"#00294f","band":1,"off":[1.7,1.1]}},{"type":"Feature","geometry":{"type":"Point","coordinates":[26.359744,44.693384]},"properties":{"name":"Micșuneștii Mari","band":1,"modes":"bus","arr":["447B"],"off":[0,-0.8]}},{"type":"Feature","geometry":{"type":"Point","coordinates":[26.359744,44.693384]},"properties":{"line":"447B","mode":"bus","color":"#0059a9","colorDark":"#00294f","band":1,"off":[0,1.1]}},{"type":"Feature","geometry":{"type":"Point","coordinates":[26.231157,44.64512]},"properties":{"name":"Moara Vlăsiei","band":1,"modes":"bus","arr":["448"],"off":[0,-0.8]}},{"type":"Feature","geometry":{"type":"Point","coordinates":[26.231157,44.64512]},"properties":{"line":"448","mode":"bus","color":"#0059a9","colorDark":"#00294f","band":1,"off":[0,1.1]}},{"type":"Feature","geometry":{"type":"Point","coordinates":[26.101787,44.478947]},"properties":{"name":"M Aurel Vlaicu","band":1,"modes":"bus","arr":["449","459"],"off":[0,-0.8]}},{"type":"Feature","geometry":{"type":"Point","coordinates":[26.101787,44.478947]},"properties":{"line":"449","mode":"bus","color":"#0059a9","colorDark":"#00294f","band":1,"off":[-1.7,1.1]}},{"type":"Feature","geometry":{"type":"Point","coordinates":[26.101787,44.478947]},"properties":{"line":"459","mode":"bus","color":"#0059a9","colorDark":"#00294f","band":1,"off":[1.7,1.1]}},{"type":"Feature","geometry":{"type":"Point","coordinates":[26.115595,44.646383]},"properties":{"name":"Dumbrăveni Spital Sri","band":1,"modes":"bus","arr":["449"],"off":[0,-0.8]}},{"type":"Feature","geometry":{"type":"Point","coordinates":[26.115595,44.646383]},"properties":{"line":"449","mode":"bus","color":"#0059a9","colorDark":"#00294f","band":1,"off":[0,1.1]}},{"type":"Feature","geometry":{"type":"Point","coordinates":[26.320419,44.386177]},"properties":{"name":"Tânganu","band":1,"modes":"bus","arr":["451"],"off":[0,-0.8]}},{"type":"Feature","geometry":{"type":"Point","coordinates":[26.320419,44.386177]},"properties":{"line":"451","mode":"bus","color":"#0059a9","colorDark":"#00294f","band":1,"off":[0,1.1]}},{"type":"Feature","geometry":{"type":"Point","coordinates":[26.385727,44.457653]},"properties":{"name":"Islaz","band":1,"modes":"bus","arr":["452"],"off":[0,-0.8]}},{"type":"Feature","geometry":{"type":"Point","coordinates":[26.385727,44.457653]},"properties":{"line":"452","mode":"bus","color":"#0059a9","colorDark":"#00294f","band":1,"off":[0,1.1]}},{"type":"Feature","geometry":{"type":"Point","coordinates":[26.212125,44.464956]},"properties":{"name":"Ferma Pantelimon","band":1,"modes":"bus","arr":["454"],"off":[0,-0.8]}},{"type":"Feature","geometry":{"type":"Point","coordinates":[26.212125,44.464956]},"properties":{"line":"454","mode":"bus","color":"#0059a9","colorDark":"#00294f","band":1,"off":[0,1.1]}},{"type":"Feature","geometry":{"type":"Point","coordinates":[26.18538,44.459147]},"properties":{"name":"Victor Dumitrescu","band":1,"modes":"bus","arr":["455"],"off":[0,-0.8]}},{"type":"Feature","geometry":{"type":"Point","coordinates":[26.18538,44.459147]},"properties":{"line":"455","mode":"bus","color":"#0059a9","colorDark":"#00294f","band":1,"off":[0,1.1]}},{"type":"Feature","geometry":{"type":"Point","coordinates":[25.936698,44.573519]},"properties":{"name":"Studiourile Buftea","band":1,"modes":"bus","arr":["462","466"],"off":[0,-0.8]}},{"type":"Feature","geometry":{"type":"Point","coordinates":[25.936698,44.573519]},"properties":{"line":"462","mode":"bus","color":"#0059a9","colorDark":"#00294f","band":1,"off":[-1.7,1.1]}},{"type":"Feature","geometry":{"type":"Point","coordinates":[25.936698,44.573519]},"properties":{"line":"466","mode":"bus","color":"#0059a9","colorDark":"#00294f","band":1,"off":[1.7,1.1]}},{"type":"Feature","geometry":{"type":"Point","coordinates":[25.98576,44.362099]},"properties":{"name":"Vârteju","band":1,"modes":"bus","arr":["464"],"off":[0,-0.8]}},{"type":"Feature","geometry":{"type":"Point","coordinates":[25.98576,44.362099]},"properties":{"line":"464","mode":"bus","color":"#0059a9","colorDark":"#00294f","band":1,"off":[0,1.1]}},{"type":"Feature","geometry":{"type":"Point","coordinates":[26.054016,44.284275]},"properties":{"name":"1 Decembrie","band":1,"modes":"bus","arr":["465"],"off":[0,-0.8]}},{"type":"Feature","geometry":{"type":"Point","coordinates":[26.054016,44.284275]},"properties":{"line":"465","mode":"bus","color":"#0059a9","colorDark":"#00294f","band":1,"off":[0,1.1]}},{"type":"Feature","geometry":{"type":"Point","coordinates":[26.20381,44.4985]},"properties":{"name":"Pod Cfr Afumați","band":1,"modes":"bus","arr":["467"],"off":[0,-0.8]}},{"type":"Feature","geometry":{"type":"Point","coordinates":[26.20381,44.4985]},"properties":{"line":"467","mode":"bus","color":"#0059a9","colorDark":"#00294f","band":1,"off":[0,1.1]}},{"type":"Feature","geometry":{"type":"Point","coordinates":[26.343811,44.669188]},"properties":{"name":"Sitaru","band":1,"modes":"bus","arr":["468B","477"],"off":[0,-0.8]}},{"type":"Feature","geometry":{"type":"Point","coordinates":[26.343811,44.669188]},"properties":{"line":"468B","mode":"bus","color":"#0059a9","colorDark":"#00294f","band":1,"off":[-1.7,1.1]}},{"type":"Feature","geometry":{"type":"Point","coordinates":[26.343811,44.669188]},"properties":{"line":"477","mode":"bus","color":"#0059a9","colorDark":"#00294f","band":1,"off":[1.7,1.1]}},{"type":"Feature","geometry":{"type":"Point","coordinates":[25.976874,44.532294]},"properties":{"name":"Tudor Arghezi","band":1,"modes":"bus","arr":["470"],"off":[0,-0.8]}},{"type":"Feature","geometry":{"type":"Point","coordinates":[25.976874,44.532294]},"properties":{"line":"470","mode":"bus","color":"#0059a9","colorDark":"#00294f","band":1,"off":[0,1.1]}},{"type":"Feature","geometry":{"type":"Point","coordinates":[26.25311,44.416923]},"properties":{"name":"Căldăraru","band":1,"modes":"bus","arr":["472"],"off":[0,-0.8]}},{"type":"Feature","geometry":{"type":"Point","coordinates":[26.25311,44.416923]},"properties":{"line":"472","mode":"bus","color":"#0059a9","colorDark":"#00294f","band":1,"off":[0,1.1]}},{"type":"Feature","geometry":{"type":"Point","coordinates":[26.200211,44.2765]},"properties":{"name":"Mega Parc","band":1,"modes":"bus","arr":["475"],"off":[0,-0.8]}},{"type":"Feature","geometry":{"type":"Point","coordinates":[26.200211,44.2765]},"properties":{"line":"475","mode":"bus","color":"#0059a9","colorDark":"#00294f","band":1,"off":[0,1.1]}},{"type":"Feature","geometry":{"type":"Point","coordinates":[25.982563,44.446406]},"properties":{"name":"Chiajna-Militari","band":1,"modes":"bus","arr":["478"],"off":[0,-0.8]}},{"type":"Feature","geometry":{"type":"Point","coordinates":[25.982563,44.446406]},"properties":{"line":"478","mode":"bus","color":"#0059a9","colorDark":"#00294f","band":1,"off":[0,1.1]}},{"type":"Feature","geometry":{"type":"Point","coordinates":[26.239988,44.337284]},"properties":{"name":"Complex Rezidențial Allegria","band":1,"modes":"bus","arr":["479"],"off":[0,-0.8]}},{"type":"Feature","geometry":{"type":"Point","coordinates":[26.239988,44.337284]},"properties":{"line":"479","mode":"bus","color":"#0059a9","colorDark":"#00294f","band":1,"off":[0,1.1]}},{"type":"Feature","geometry":{"type":"Point","coordinates":[26.150952,44.360365]},"properties":{"name":"Pasarela M Berceni","band":1,"modes":"bus","arr":["480"],"off":[0,-0.8]}},{"type":"Feature","geometry":{"type":"Point","coordinates":[26.150952,44.360365]},"properties":{"line":"480","mode":"bus","color":"#0059a9","colorDark":"#00294f","band":1,"off":[0,1.1]}},{"type":"Feature","geometry":{"type":"Point","coordinates":[26.006088,44.378164]},"properties":{"name":"Școala Gimnazială Nr. 1","band":1,"modes":"bus","arr":["481","482"],"off":[0,-0.8]}},{"type":"Feature","geometry":{"type":"Point","coordinates":[26.006088,44.378164]},"properties":{"line":"481","mode":"bus","color":"#0059a9","colorDark":"#00294f","band":1,"off":[-1.7,1.1]}},{"type":"Feature","geometry":{"type":"Point","coordinates":[26.006088,44.378164]},"properties":{"line":"482","mode":"bus","color":"#0059a9","colorDark":"#00294f","band":1,"off":[1.7,1.1]}},{"type":"Feature","geometry":{"type":"Point","coordinates":[26.000571,44.388559]},"properties":{"name":"Bragadiru Diamantului","band":1,"modes":"bus","arr":["481","482","484","484B","485"],"off":[0,-0.8]}},{"type":"Feature","geometry":{"type":"Point","coordinates":[26.000571,44.388559]},"properties":{"line":"481","mode":"bus","color":"#0059a9","colorDark":"#00294f","band":1,"off":[-6.8,1.1]}},{"type":"Feature","geometry":{"type":"Point","coordinates":[26.000571,44.388559]},"properties":{"line":"482","mode":"bus","color":"#0059a9","colorDark":"#00294f","band":1,"off":[-3.4,1.1]}},{"type":"Feature","geometry":{"type":"Point","coordinates":[26.000571,44.388559]},"properties":{"line":"484","mode":"bus","color":"#0059a9","colorDark":"#00294f","band":1,"off":[0,1.1]}},{"type":"Feature","geometry":{"type":"Point","coordinates":[26.000571,44.388559]},"properties":{"line":"484B","mode":"bus","color":"#0059a9","colorDark":"#00294f","band":1,"off":[3.4,1.1]}},{"type":"Feature","geometry":{"type":"Point","coordinates":[26.000571,44.388559]},"properties":{"line":"485","mode":"bus","color":"#0059a9","colorDark":"#00294f","band":1,"off":[6.8,1.1]}},{"type":"Feature","geometry":{"type":"Point","coordinates":[26.050609,44.348218]},"properties":{"name":"ELI-NP Măgurele","band":1,"modes":"bus","arr":["487"],"off":[0,-0.8]}},{"type":"Feature","geometry":{"type":"Point","coordinates":[26.050609,44.348218]},"properties":{"line":"487","mode":"bus","color":"#0059a9","colorDark":"#00294f","band":1,"off":[0,1.1]}},{"type":"Feature","geometry":{"type":"Point","coordinates":[26.154354,44.514352]},"properties":{"name":"Elisabeta Rizea","band":1,"modes":"bus","arr":["488"],"off":[0,-0.8]}},{"type":"Feature","geometry":{"type":"Point","coordinates":[26.154354,44.514352]},"properties":{"line":"488","mode":"bus","color":"#0059a9","colorDark":"#00294f","band":1,"off":[0,1.1]}},{"type":"Feature","geometry":{"type":"Point","coordinates":[26.105146,44.452641]},"properties":{"name":"Șoseaua Ștefan cel Mare","band":1,"modes":"bus","arr":["605"],"off":[0,-0.8]}},{"type":"Feature","geometry":{"type":"Point","coordinates":[26.105146,44.452641]},"properties":{"line":"605","mode":"bus","color":"#0059a9","colorDark":"#00294f","band":1,"off":[0,1.1]}},{"type":"Feature","geometry":{"type":"Point","coordinates":[26.074059,44.452825]},"properties":{"name":"Bd. Banu Manta","band":1,"modes":"tram,bus","arr":["1","610","N1","N10"],"off":[0,-0.8]}},{"type":"Feature","geometry":{"type":"Point","coordinates":[26.074059,44.452825]},"properties":{"line":"1","mode":"tram","color":"#d6212b","colorDark":"#7c1116","band":1,"off":[-5.1,1.1]}},{"type":"Feature","geometry":{"type":"Point","coordinates":[26.074059,44.452825]},"properties":{"line":"610","mode":"bus","color":"#0059a9","colorDark":"#00294f","band":1,"off":[-1.7,1.1]}},{"type":"Feature","geometry":{"type":"Point","coordinates":[26.074059,44.452825]},"properties":{"line":"N1","mode":"bus","color":"#000000","colorDark":"#000000","band":1,"off":[1.7,1.1]}},{"type":"Feature","geometry":{"type":"Point","coordinates":[26.074059,44.452825]},"properties":{"line":"N10","mode":"bus","color":"#000000","colorDark":"#000000","band":1,"off":[5.1,1.1]}},{"type":"Feature","geometry":{"type":"Point","coordinates":[26.098388,44.401386]},"properties":{"name":"Șura Mare","band":1,"modes":"tram,bus","arr":["1","54","619"],"off":[0,-0.8]}},{"type":"Feature","geometry":{"type":"Point","coordinates":[26.098388,44.401386]},"properties":{"name":"Cimitirul Șerban Vodă","band":1,"modes":"tram,bus","arr":["1","54","619"],"off":[0,-1.9]}},{"type":"Feature","geometry":{"type":"Point","coordinates":[26.098388,44.401386]},"properties":{"line":"1","mode":"tram","color":"#d6212b","colorDark":"#7c1116","band":1,"off":[-3.4,1.1]}},{"type":"Feature","geometry":{"type":"Point","coordinates":[26.098388,44.401386]},"properties":{"line":"54","mode":"tram","color":"#d6212b","colorDark":"#7c1116","band":1,"off":[0,1.1]}},{"type":"Feature","geometry":{"type":"Point","coordinates":[26.098388,44.401386]},"properties":{"line":"619","mode":"bus","color":"#0059a9","colorDark":"#00294f","band":1,"off":[3.4,1.1]}},{"type":"Feature","geometry":{"type":"Point","coordinates":[26.185522,44.434135]},"properties":{"name":"Republica","band":1,"modes":"bus,metro","arr":["640","M1","N109"],"off":[0,-0.8]}},{"type":"Feature","geometry":{"type":"Point","coordinates":[26.185522,44.434135]},"properties":{"name":"M Republica","band":1,"modes":"bus,metro","arr":["640","M1","N109"],"off":[0,-1.9]}},{"type":"Feature","geometry":{"type":"Point","coordinates":[26.185522,44.434135]},"properties":{"line":"640","mode":"bus","color":"#0059a9","colorDark":"#00294f","band":1,"off":[-3.4,1.1]}},{"type":"Feature","geometry":{"type":"Point","coordinates":[26.185522,44.434135]},"properties":{"line":"M1","mode":"tram","color":"#F8C301","colorDark":"#886b01","band":1,"metro":1,"off":[0,1.1]}},{"type":"Feature","geometry":{"type":"Point","coordinates":[26.185522,44.434135]},"properties":{"line":"N109","mode":"bus","color":"#000000","colorDark":"#000000","band":1,"off":[3.4,1.1]}},{"type":"Feature","geometry":{"type":"Point","coordinates":[26.145641,44.383979]},"properties":{"name":"Romprim","band":1,"modes":"tram,bus","arr":["1","10","N1","N10"],"off":[0,-0.8]}},{"type":"Feature","geometry":{"type":"Point","coordinates":[26.145641,44.383979]},"properties":{"line":"1","mode":"tram","color":"#d6212b","colorDark":"#7c1116","band":1,"off":[-5.1,1.1]}},{"type":"Feature","geometry":{"type":"Point","coordinates":[26.145641,44.383979]},"properties":{"line":"10","mode":"tram","color":"#d6212b","colorDark":"#7c1116","band":1,"off":[-1.7,1.1]}},{"type":"Feature","geometry":{"type":"Point","coordinates":[26.145641,44.383979]},"properties":{"line":"N1","mode":"bus","color":"#000000","colorDark":"#000000","band":1,"off":[1.7,1.1]}},{"type":"Feature","geometry":{"type":"Point","coordinates":[26.145641,44.383979]},"properties":{"line":"N10","mode":"bus","color":"#000000","colorDark":"#000000","band":1,"off":[5.1,1.1]}},{"type":"Feature","geometry":{"type":"Point","coordinates":[26.163229,44.477659]},"properties":{"name":"Pasaj Colentina","band":1,"modes":"tram,bus","arr":["21","N108"],"off":[0,-0.8]}},{"type":"Feature","geometry":{"type":"Point","coordinates":[26.163229,44.477659]},"properties":{"line":"21","mode":"tram","color":"#d6212b","colorDark":"#7c1116","band":1,"off":[-1.7,1.1]}},{"type":"Feature","geometry":{"type":"Point","coordinates":[26.163229,44.477659]},"properties":{"line":"N108","mode":"bus","color":"#000000","colorDark":"#000000","band":1,"off":[1.7,1.1]}},{"type":"Feature","geometry":{"type":"Point","coordinates":[26.023189,44.484991]},"properties":{"name":"Mezeș","band":1,"modes":"tram,bus","arr":["53","N113"],"off":[0,-0.8]}},{"type":"Feature","geometry":{"type":"Point","coordinates":[26.023189,44.484991]},"properties":{"line":"53","mode":"tram","color":"#d6212b","colorDark":"#7c1116","band":1,"off":[-1.7,1.1]}},{"type":"Feature","geometry":{"type":"Point","coordinates":[26.023189,44.484991]},"properties":{"line":"N113","mode":"bus","color":"#000000","colorDark":"#000000","band":1,"off":[1.7,1.1]}},{"type":"Feature","geometry":{"type":"Point","coordinates":[26.103907,44.432542]},"properties":{"name":"Piața Sf. Gheorghe","band":1,"modes":"tram","arr":["21"],"off":[0,-0.8]}},{"type":"Feature","geometry":{"type":"Point","coordinates":[26.103907,44.432542]},"properties":{"line":"21","mode":"tram","color":"#d6212b","colorDark":"#7c1116","band":1,"off":[0,1.1]}},{"type":"Feature","geometry":{"type":"Point","coordinates":[25.977501,44.429551]},"properties":{"name":"Depoul Militari","band":1,"modes":"tram","arr":["25"],"off":[0,-0.8]}},{"type":"Feature","geometry":{"type":"Point","coordinates":[25.977501,44.429551]},"properties":{"line":"25","mode":"tram","color":"#d6212b","colorDark":"#7c1116","band":1,"off":[0,1.1]}},{"type":"Feature","geometry":{"type":"Point","coordinates":[26.044933,44.477677]},"properties":{"name":"Depoul Bucureștii Noi","band":1,"modes":"tram","arr":["53"],"off":[0,-0.8]}},{"type":"Feature","geometry":{"type":"Point","coordinates":[26.044933,44.477677]},"properties":{"line":"53","mode":"tram","color":"#d6212b","colorDark":"#7c1116","band":1,"off":[0,1.1]}},{"type":"Feature","geometry":{"type":"Point","coordinates":[26.192663,44.440506]},"properties":{"name":"Pantelimon","band":1,"modes":"metro","arr":["M1"],"off":[0,-0.8]}},{"type":"Feature","geometry":{"type":"Point","coordinates":[26.192663,44.440506]},"properties":{"line":"M1","mode":"tram","color":"#F8C301","colorDark":"#886b01","band":1,"metro":1,"off":[0,1.1]}},{"type":"Feature","geometry":{"type":"Point","coordinates":[26.158461,44.349187]},"properties":{"name":"Tudor Arghezi","band":1,"modes":"metro","arr":["M2"],"off":[0,-0.8]}},{"type":"Feature","geometry":{"type":"Point","coordinates":[26.158461,44.349187]},"properties":{"line":"M2","mode":"tram","color":"#495676","colorDark":"#282f41","band":1,"metro":1,"off":[0,1.1]}},{"type":"Feature","geometry":{"type":"Point","coordinates":[26.208381,44.405395]},"properties":{"name":"Anghel Saligny","band":1,"modes":"metro","arr":["M3"],"off":[0,-0.8]}},{"type":"Feature","geometry":{"type":"Point","coordinates":[26.208381,44.405395]},"properties":{"line":"M3","mode":"tram","color":"#DA251C","colorDark":"#78140f","band":1,"metro":1,"off":[0,1.1]}},{"type":"Feature","geometry":{"type":"Point","coordinates":[25.99097,44.43056]},"properties":{"name":"Preciziei","band":1,"modes":"metro","arr":["M3"],"off":[0,-0.8]}},{"type":"Feature","geometry":{"type":"Point","coordinates":[25.99097,44.43056]},"properties":{"line":"M3","mode":"tram","color":"#DA251C","colorDark":"#78140f","band":1,"metro":1,"off":[0,1.1]}},{"type":"Feature","geometry":{"type":"Point","coordinates":[26.07311,44.44786]},"properties":{"name":"Gara de Nord 2 (M4)","band":1,"modes":"metro","arr":["M4"],"off":[0,-0.8]}},{"type":"Feature","geometry":{"type":"Point","coordinates":[26.07311,44.44786]},"properties":{"line":"M4","mode":"tram","color":"#3C746B","colorDark":"#21403b","band":1,"metro":1,"off":[0,1.1]}},{"type":"Feature","geometry":{"type":"Point","coordinates":[26.023038,44.41632]},"properties":{"name":"Râul Doamnei","band":1,"modes":"metro","arr":["M5"],"off":[0,-0.8]}},{"type":"Feature","geometry":{"type":"Point","coordinates":[26.023038,44.41632]},"properties":{"line":"M5","mode":"tram","color":"#F7951E","colorDark":"#885211","band":1,"metro":1,"off":[0,1.1]}},{"type":"Feature","geometry":{"type":"Point","coordinates":[26.014361,44.437943]},"properties":{"name":"Complex Apusului","band":2,"modes":"bus","arr":["61","178"],"off":[0,-0.8]}},{"type":"Feature","geometry":{"type":"Point","coordinates":[26.014361,44.437943]},"properties":{"line":"61","mode":"bus","color":"#149a3f","colorDark":"#0a5121","band":2,"off":[-1.7,1.1]}},{"type":"Feature","geometry":{"type":"Point","coordinates":[26.014361,44.437943]},"properties":{"line":"178","mode":"bus","color":"#0059a9","colorDark":"#00294f","band":2,"off":[1.7,1.1]}},{"type":"Feature","geometry":{"type":"Point","coordinates":[26.105234,44.436059]},"properties":{"name":"Piața Rosetti","band":2,"modes":"bus","arr":["61"],"off":[0,-0.8]}},{"type":"Feature","geometry":{"type":"Point","coordinates":[26.105234,44.436059]},"properties":{"line":"61","mode":"bus","color":"#149a3f","colorDark":"#0a5121","band":2,"off":[0,1.1]}},{"type":"Feature","geometry":{"type":"Point","coordinates":[26.076445,44.434479]},"properties":{"name":"Piața Operei","band":2,"modes":"bus,metro","arr":["104","163","M5"],"off":[0,-0.8]}},{"type":"Feature","geometry":{"type":"Point","coordinates":[26.076445,44.434479]},"properties":{"name":"Eroilor 2 (M5)","band":2,"modes":"bus,metro","arr":["104","163","M5"],"off":[0,-1.9]}},{"type":"Feature","geometry":{"type":"Point","coordinates":[26.076445,44.434479]},"properties":{"line":"104","mode":"bus","color":"#0059a9","colorDark":"#00294f","band":2,"off":[-3.4,1.1]}},{"type":"Feature","geometry":{"type":"Point","coordinates":[26.076445,44.434479]},"properties":{"line":"163","mode":"bus","color":"#0059a9","colorDark":"#00294f","band":2,"off":[0,1.1]}},{"type":"Feature","geometry":{"type":"Point","coordinates":[26.076445,44.434479]},"properties":{"line":"M5","mode":"tram","color":"#F7951E","colorDark":"#885211","band":2,"metro":1,"off":[3.4,1.1]}},{"type":"Feature","geometry":{"type":"Point","coordinates":[25.976223,44.435477]},"properties":{"name":"Colegiul Tehnic Iuliu Maniu","band":2,"modes":"bus","arr":["62","N115"],"off":[0,-0.8]}},{"type":"Feature","geometry":{"type":"Point","coordinates":[25.976223,44.435477]},"properties":{"line":"62","mode":"bus","color":"#149a3f","colorDark":"#0a5121","band":2,"off":[-1.7,1.1]}},{"type":"Feature","geometry":{"type":"Point","coordinates":[25.976223,44.435477]},"properties":{"line":"N115","mode":"bus","color":"#000000","colorDark":"#000000","band":2,"off":[1.7,1.1]}},{"type":"Feature","geometry":{"type":"Point","coordinates":[25.998279,44.433713]},"properties":{"name":"Master","band":2,"modes":"bus","arr":["63"],"off":[0,-0.8]}},{"type":"Feature","geometry":{"type":"Point","coordinates":[25.998279,44.433713]},"properties":{"line":"63","mode":"bus","color":"#149a3f","colorDark":"#0a5121","band":2,"off":[0,1.1]}},{"type":"Feature","geometry":{"type":"Point","coordinates":[26.074937,44.445684]},"properties":{"name":"Gara de Nord","band":2,"modes":"bus","arr":["62","85","96","182"],"off":[0,-0.8]}},{"type":"Feature","geometry":{"type":"Point","coordinates":[26.074937,44.445684]},"properties":{"line":"62","mode":"bus","color":"#149a3f","colorDark":"#0a5121","band":2,"off":[-5.1,1.1]}},{"type":"Feature","geometry":{"type":"Point","coordinates":[26.074937,44.445684]},"properties":{"line":"85","mode":"bus","color":"#149a3f","colorDark":"#0a5121","band":2,"off":[-1.7,1.1]}},{"type":"Feature","geometry":{"type":"Point","coordinates":[26.074937,44.445684]},"properties":{"line":"96","mode":"bus","color":"#149a3f","colorDark":"#0a5121","band":2,"off":[1.7,1.1]}},{"type":"Feature","geometry":{"type":"Point","coordinates":[26.074937,44.445684]},"properties":{"line":"182","mode":"bus","color":"#0059a9","colorDark":"#00294f","band":2,"off":[5.1,1.1]}},{"type":"Feature","geometry":{"type":"Point","coordinates":[26.004791,44.433892]},"properties":{"name":"Valea Cascadelor","band":2,"modes":"bus","arr":["429","431","432","433"],"off":[0,-0.8]}},{"type":"Feature","geometry":{"type":"Point","coordinates":[26.004791,44.433892]},"properties":{"line":"429","mode":"bus","color":"#0059a9","colorDark":"#00294f","band":2,"off":[-5.1,1.1]}},{"type":"Feature","geometry":{"type":"Point","coordinates":[26.004791,44.433892]},"properties":{"line":"431","mode":"bus","color":"#0059a9","colorDark":"#00294f","band":2,"off":[-1.7,1.1]}},{"type":"Feature","geometry":{"type":"Point","coordinates":[26.004791,44.433892]},"properties":{"line":"432","mode":"bus","color":"#0059a9","colorDark":"#00294f","band":2,"off":[1.7,1.1]}},{"type":"Feature","geometry":{"type":"Point","coordinates":[26.004791,44.433892]},"properties":{"line":"433","mode":"bus","color":"#0059a9","colorDark":"#00294f","band":2,"off":[5.1,1.1]}},{"type":"Feature","geometry":{"type":"Point","coordinates":[26.090694,44.43302]},"properties":{"name":"Pod Izvor","band":2,"modes":"bus","arr":["63"],"off":[0,-0.8]}},{"type":"Feature","geometry":{"type":"Point","coordinates":[26.090694,44.43302]},"properties":{"line":"63","mode":"bus","color":"#149a3f","colorDark":"#0a5121","band":2,"off":[0,1.1]}},{"type":"Feature","geometry":{"type":"Point","coordinates":[26.156195,44.466775]},"properties":{"name":"Spitalul Fundeni","band":2,"modes":"bus","arr":["66","253"],"off":[0,-0.8]}},{"type":"Feature","geometry":{"type":"Point","coordinates":[26.156195,44.466775]},"properties":{"line":"66","mode":"bus","color":"#149a3f","colorDark":"#0a5121","band":2,"off":[-1.7,1.1]}},{"type":"Feature","geometry":{"type":"Point","coordinates":[26.156195,44.466775]},"properties":{"line":"253","mode":"bus","color":"#0059a9","colorDark":"#00294f","band":2,"off":[1.7,1.1]}},{"type":"Feature","geometry":{"type":"Point","coordinates":[26.125494,44.450847]},"properties":{"name":"Bucur Obor","band":2,"modes":"bus","arr":["143","409","409B","411","412","413","417","467","468","468B"],"off":[0,-0.8]}},{"type":"Feature","geometry":{"type":"Point","coordinates":[26.125494,44.450847]},"properties":{"line":"143","mode":"bus","color":"#0059a9","colorDark":"#00294f","band":2,"off":[-6.8,1.1]}},{"type":"Feature","geometry":{"type":"Point","coordinates":[26.125494,44.450847]},"properties":{"line":"409","mode":"bus","color":"#0059a9","colorDark":"#00294f","band":2,"off":[-3.4,1.1]}},{"type":"Feature","geometry":{"type":"Point","coordinates":[26.125494,44.450847]},"properties":{"line":"409B","mode":"bus","color":"#0059a9","colorDark":"#00294f","band":2,"off":[0,1.1]}},{"type":"Feature","geometry":{"type":"Point","coordinates":[26.125494,44.450847]},"properties":{"line":"411","mode":"bus","color":"#0059a9","colorDark":"#00294f","band":2,"off":[3.4,1.1]}},{"type":"Feature","geometry":{"type":"Point","coordinates":[26.125494,44.450847]},"properties":{"line":"412","mode":"bus","color":"#0059a9","colorDark":"#00294f","band":2,"off":[6.8,1.1]}},{"type":"Feature","geometry":{"type":"Point","coordinates":[26.125494,44.450847]},"properties":{"line":"413","mode":"bus","color":"#0059a9","colorDark":"#00294f","band":2,"off":[-6.8,3.1]}},{"type":"Feature","geometry":{"type":"Point","coordinates":[26.125494,44.450847]},"properties":{"line":"417","mode":"bus","color":"#0059a9","colorDark":"#00294f","band":2,"off":[-3.4,3.1]}},{"type":"Feature","geometry":{"type":"Point","coordinates":[26.125494,44.450847]},"properties":{"line":"467","mode":"bus","color":"#0059a9","colorDark":"#00294f","band":2,"off":[0,3.1]}},{"type":"Feature","geometry":{"type":"Point","coordinates":[26.125494,44.450847]},"properties":{"line":"468","mode":"bus","color":"#0059a9","colorDark":"#00294f","band":2,"off":[3.4,3.1]}},{"type":"Feature","geometry":{"type":"Point","coordinates":[26.125494,44.450847]},"properties":{"line":"468B","mode":"bus","color":"#0059a9","colorDark":"#00294f","band":2,"off":[6.8,3.1]}},{"type":"Feature","geometry":{"type":"Point","coordinates":[26.083946,44.436241]},"properties":{"name":"Vasile Pârvan","band":2,"modes":"bus","arr":["66","642"],"off":[0,-0.8]}},{"type":"Feature","geometry":{"type":"Point","coordinates":[26.083946,44.436241]},"properties":{"line":"66","mode":"bus","color":"#149a3f","colorDark":"#0a5121","band":2,"off":[-1.7,1.1]}},{"type":"Feature","geometry":{"type":"Point","coordinates":[26.083946,44.436241]},"properties":{"line":"642","mode":"bus","color":"#0059a9","colorDark":"#00294f","band":2,"off":[1.7,1.1]}},{"type":"Feature","geometry":{"type":"Point","coordinates":[26.015671,44.415739]},"properties":{"name":"Valea Argeșului","band":2,"modes":"bus","arr":["69","N121"],"off":[0,-0.8]}},{"type":"Feature","geometry":{"type":"Point","coordinates":[26.015671,44.415739]},"properties":{"line":"69","mode":"bus","color":"#149a3f","colorDark":"#0a5121","band":2,"off":[-1.7,1.1]}},{"type":"Feature","geometry":{"type":"Point","coordinates":[26.015671,44.415739]},"properties":{"line":"N121","mode":"bus","color":"#000000","colorDark":"#000000","band":2,"off":[1.7,1.1]}},{"type":"Feature","geometry":{"type":"Point","coordinates":[26.169542,44.436129]},"properties":{"name":"Bd. Basarabia","band":2,"modes":"bus","arr":["69","455"],"off":[0,-0.8]}},{"type":"Feature","geometry":{"type":"Point","coordinates":[26.169542,44.436129]},"properties":{"line":"69","mode":"bus","color":"#149a3f","colorDark":"#0a5121","band":2,"off":[-1.7,1.1]}},{"type":"Feature","geometry":{"type":"Point","coordinates":[26.169542,44.436129]},"properties":{"line":"455","mode":"bus","color":"#0059a9","colorDark":"#00294f","band":2,"off":[1.7,1.1]}},{"type":"Feature","geometry":{"type":"Point","coordinates":[26.033525,44.418157]},"properties":{"name":"Parcul Drumul Taberei","band":2,"modes":"bus","arr":["222","322","485"],"off":[0,-0.8]}},{"type":"Feature","geometry":{"type":"Point","coordinates":[26.033525,44.418157]},"properties":{"line":"222","mode":"bus","color":"#0059a9","colorDark":"#00294f","band":2,"off":[-3.4,1.1]}},{"type":"Feature","geometry":{"type":"Point","coordinates":[26.033525,44.418157]},"properties":{"line":"322","mode":"bus","color":"#0059a9","colorDark":"#00294f","band":2,"off":[0,1.1]}},{"type":"Feature","geometry":{"type":"Point","coordinates":[26.033525,44.418157]},"properties":{"line":"485","mode":"bus","color":"#0059a9","colorDark":"#00294f","band":2,"off":[3.4,1.1]}},{"type":"Feature","geometry":{"type":"Point","coordinates":[26.120579,44.377291]},"properties":{"name":"Turnu Măgurele","band":2,"modes":"bus","arr":["72","312","N106"],"off":[0,-0.8]}},{"type":"Feature","geometry":{"type":"Point","coordinates":[26.120579,44.377291]},"properties":{"name":"Bd. Alexandru Obregia","band":2,"modes":"bus","arr":["72","312","N106"],"off":[0,-1.9]}},{"type":"Feature","geometry":{"type":"Point","coordinates":[26.120579,44.377291]},"properties":{"line":"72","mode":"bus","color":"#149a3f","colorDark":"#0a5121","band":2,"off":[-3.4,1.1]}},{"type":"Feature","geometry":{"type":"Point","coordinates":[26.120579,44.377291]},"properties":{"line":"312","mode":"bus","color":"#0059a9","colorDark":"#00294f","band":2,"off":[0,1.1]}},{"type":"Feature","geometry":{"type":"Point","coordinates":[26.120579,44.377291]},"properties":{"line":"N106","mode":"bus","color":"#000000","colorDark":"#000000","band":2,"off":[3.4,1.1]}},{"type":"Feature","geometry":{"type":"Point","coordinates":[26.122289,44.392595]},"properties":{"name":"Piața Sudului","band":2,"modes":"bus","arr":["216","438","439","440","475","479"],"off":[0,-0.8]}},{"type":"Feature","geometry":{"type":"Point","coordinates":[26.122289,44.392595]},"properties":{"line":"216","mode":"bus","color":"#0059a9","colorDark":"#00294f","band":2,"off":[-6.8,1.1]}},{"type":"Feature","geometry":{"type":"Point","coordinates":[26.122289,44.392595]},"properties":{"line":"438","mode":"bus","color":"#0059a9","colorDark":"#00294f","band":2,"off":[-3.4,1.1]}},{"type":"Feature","geometry":{"type":"Point","coordinates":[26.122289,44.392595]},"properties":{"line":"439","mode":"bus","color":"#0059a9","colorDark":"#00294f","band":2,"off":[0,1.1]}},{"type":"Feature","geometry":{"type":"Point","coordinates":[26.122289,44.392595]},"properties":{"line":"440","mode":"bus","color":"#0059a9","colorDark":"#00294f","band":2,"off":[3.4,1.1]}},{"type":"Feature","geometry":{"type":"Point","coordinates":[26.122289,44.392595]},"properties":{"line":"475","mode":"bus","color":"#0059a9","colorDark":"#00294f","band":2,"off":[6.8,1.1]}},{"type":"Feature","geometry":{"type":"Point","coordinates":[26.122289,44.392595]},"properties":{"line":"479","mode":"bus","color":"#0059a9","colorDark":"#00294f","band":2,"off":[0,3.1]}},{"type":"Feature","geometry":{"type":"Point","coordinates":[26.121214,44.403972]},"properties":{"name":"Costache Stamate","band":2,"modes":"bus","arr":["72","76"],"off":[0,-0.8]}},{"type":"Feature","geometry":{"type":"Point","coordinates":[26.121214,44.403972]},"properties":{"line":"72","mode":"bus","color":"#149a3f","colorDark":"#0a5121","band":2,"off":[-1.7,1.1]}},{"type":"Feature","geometry":{"type":"Point","coordinates":[26.121214,44.403972]},"properties":{"line":"76","mode":"bus","color":"#149a3f","colorDark":"#0a5121","band":2,"off":[1.7,1.1]}},{"type":"Feature","geometry":{"type":"Point","coordinates":[26.130201,44.360991]},"properties":{"name":"Piața de Gros","band":2,"modes":"bus","arr":["73"],"off":[0,-0.8]}},{"type":"Feature","geometry":{"type":"Point","coordinates":[26.130201,44.360991]},"properties":{"line":"73","mode":"bus","color":"#149a3f","colorDark":"#0a5121","band":2,"off":[0,1.1]}},{"type":"Feature","geometry":{"type":"Point","coordinates":[26.106403,44.429895]},"properties":{"name":"Piața Sf. Vineri","band":2,"modes":"bus","arr":["73","116","117","385","605","640","655"],"off":[0,-0.8]}},{"type":"Feature","geometry":{"type":"Point","coordinates":[26.106403,44.429895]},"properties":{"line":"73","mode":"bus","color":"#149a3f","colorDark":"#0a5121","band":2,"off":[-6.8,1.1]}},{"type":"Feature","geometry":{"type":"Point","coordinates":[26.106403,44.429895]},"properties":{"line":"116","mode":"bus","color":"#0059a9","colorDark":"#00294f","band":2,"off":[-3.4,1.1]}},{"type":"Feature","geometry":{"type":"Point","coordinates":[26.106403,44.429895]},"properties":{"line":"117","mode":"bus","color":"#0059a9","colorDark":"#00294f","band":2,"off":[0,1.1]}},{"type":"Feature","geometry":{"type":"Point","coordinates":[26.106403,44.429895]},"properties":{"line":"385","mode":"bus","color":"#0059a9","colorDark":"#00294f","band":2,"off":[3.4,1.1]}},{"type":"Feature","geometry":{"type":"Point","coordinates":[26.106403,44.429895]},"properties":{"line":"605","mode":"bus","color":"#0059a9","colorDark":"#00294f","band":2,"off":[6.8,1.1]}},{"type":"Feature","geometry":{"type":"Point","coordinates":[26.106403,44.429895]},"properties":{"line":"640","mode":"bus","color":"#0059a9","colorDark":"#00294f","band":2,"off":[-1.7,3.1]}},{"type":"Feature","geometry":{"type":"Point","coordinates":[26.106403,44.429895]},"properties":{"line":"655","mode":"bus","color":"#0059a9","colorDark":"#00294f","band":2,"off":[1.7,3.1]}},{"type":"Feature","geometry":{"type":"Point","coordinates":[26.101705,44.427261]},"properties":{"name":"Piața Unirii 4","band":2,"modes":"tram,bus","arr":["7","27","32","54","312","323","N104","N105","N107","N111","N112","N122"],"off":[0,-0.8]}},{"type":"Feature","geometry":{"type":"Point","coordinates":[26.101705,44.427261]},"properties":{"name":"Piața Unirii 1","band":2,"modes":"tram,bus","arr":["7","27","32","54","312","323","N104","N105","N107","N111","N112","N122"],"off":[0,-1.9]}},{"type":"Feature","geometry":{"type":"Point","coordinates":[26.101705,44.427261]},"properties":{"name":"Piața Unirii","band":2,"modes":"tram,bus","arr":["7","27","32","54","312","323","N104","N105","N107","N111","N112","N122"],"off":[0,-3]}},{"type":"Feature","geometry":{"type":"Point","coordinates":[26.101705,44.427261]},"properties":{"line":"7","mode":"tram","color":"#d6212b","colorDark":"#7c1116","band":2,"off":[-6.8,1.1]}},{"type":"Feature","geometry":{"type":"Point","coordinates":[26.101705,44.427261]},"properties":{"line":"27","mode":"tram","color":"#d6212b","colorDark":"#7c1116","band":2,"off":[-3.4,1.1]}},{"type":"Feature","geometry":{"type":"Point","coordinates":[26.101705,44.427261]},"properties":{"line":"32","mode":"tram","color":"#d6212b","colorDark":"#7c1116","band":2,"off":[0,1.1]}},{"type":"Feature","geometry":{"type":"Point","coordinates":[26.101705,44.427261]},"properties":{"line":"54","mode":"tram","color":"#d6212b","colorDark":"#7c1116","band":2,"off":[3.4,1.1]}},{"type":"Feature","geometry":{"type":"Point","coordinates":[26.101705,44.427261]},"properties":{"line":"312","mode":"bus","color":"#0059a9","colorDark":"#00294f","band":2,"off":[6.8,1.1]}},{"type":"Feature","geometry":{"type":"Point","coordinates":[26.101705,44.427261]},"properties":{"line":"323","mode":"bus","color":"#0059a9","colorDark":"#00294f","band":2,"off":[-6.8,3.1]}},{"type":"Feature","geometry":{"type":"Point","coordinates":[26.101705,44.427261]},"properties":{"line":"N104","mode":"bus","color":"#000000","colorDark":"#000000","band":2,"off":[-3.4,3.1]}},{"type":"Feature","geometry":{"type":"Point","coordinates":[26.101705,44.427261]},"properties":{"line":"N105","mode":"bus","color":"#000000","colorDark":"#000000","band":2,"off":[0,3.1]}},{"type":"Feature","geometry":{"type":"Point","coordinates":[26.101705,44.427261]},"properties":{"line":"N107","mode":"bus","color":"#000000","colorDark":"#000000","band":2,"off":[3.4,3.1]}},{"type":"Feature","geometry":{"type":"Point","coordinates":[26.101705,44.427261]},"properties":{"line":"N111","mode":"bus","color":"#000000","colorDark":"#000000","band":2,"off":[6.8,3.1]}},{"type":"Feature","geometry":{"type":"Point","coordinates":[26.101705,44.427261]},"properties":{"line":"N112","mode":"bus","color":"#000000","colorDark":"#000000","band":2,"off":[-1.7,5.1]}},{"type":"Feature","geometry":{"type":"Point","coordinates":[26.101705,44.427261]},"properties":{"line":"N122","mode":"bus","color":"#000000","colorDark":"#000000","band":2,"off":[1.7,5.1]}},{"type":"Feature","geometry":{"type":"Point","coordinates":[26.103385,44.425327]},"properties":{"name":"Piața Unirii 2","band":2,"modes":"bus","arr":["74","100","205","City Tour","N101","N102","N103","N106","N108","N109","N110","N113","N114","N115","N116","N117","N118","N119","N120","N121"],"off":[0,-0.8],"sc":0.86}},{"type":"Feature","geometry":{"type":"Point","coordinates":[26.103385,44.425327]},"properties":{"name":"Piața Unirii","band":2,"modes":"bus","arr":["74","100","205","City Tour","N101","N102","N103","N106","N108","N109","N110","N113","N114","N115","N116","N117","N118","N119","N120","N121"],"off":[0,-1.9],"sc":0.86}},{"type":"Feature","geometry":{"type":"Point","coordinates":[26.103385,44.425327]},"properties":{"line":"74","mode":"bus","color":"#149a3f","colorDark":"#0a5121","band":2,"sc":0.86,"off":[-6.8,1.1]}},{"type":"Feature","geometry":{"type":"Point","coordinates":[26.103385,44.425327]},"properties":{"line":"100","mode":"bus","color":"#0059a9","colorDark":"#00294f","band":2,"sc":0.86,"off":[-3.4,1.1]}},{"type":"Feature","geometry":{"type":"Point","coordinates":[26.103385,44.425327]},"properties":{"line":"205","mode":"bus","color":"#0059a9","colorDark":"#00294f","band":2,"sc":0.86,"off":[0,1.1]}},{"type":"Feature","geometry":{"type":"Point","coordinates":[26.103385,44.425327]},"properties":{"line":"City Tour","mode":"bus","color":"#0059a9","colorDark":"#00294f","band":2,"sc":0.86,"off":[3.4,1.1]}},{"type":"Feature","geometry":{"type":"Point","coordinates":[26.103385,44.425327]},"properties":{"line":"N101","mode":"bus","color":"#000000","colorDark":"#000000","band":2,"sc":0.86,"off":[6.8,1.1]}},{"type":"Feature","geometry":{"type":"Point","coordinates":[26.103385,44.425327]},"properties":{"line":"N102","mode":"bus","color":"#000000","colorDark":"#000000","band":2,"sc":0.86,"off":[-6.8,3.1]}},{"type":"Feature","geometry":{"type":"Point","coordinates":[26.103385,44.425327]},"properties":{"line":"N103","mode":"bus","color":"#000000","colorDark":"#000000","band":2,"sc":0.86,"off":[-3.4,3.1]}},{"type":"Feature","geometry":{"type":"Point","coordinates":[26.103385,44.425327]},"properties":{"line":"N106","mode":"bus","color":"#000000","colorDark":"#000000","band":2,"sc":0.86,"off":[0,3.1]}},{"type":"Feature","geometry":{"type":"Point","coordinates":[26.103385,44.425327]},"properties":{"line":"N108","mode":"bus","color":"#000000","colorDark":"#000000","band":2,"sc":0.86,"off":[3.4,3.1]}},{"type":"Feature","geometry":{"type":"Point","coordinates":[26.103385,44.425327]},"properties":{"line":"N109","mode":"bus","color":"#000000","colorDark":"#000000","band":2,"sc":0.86,"off":[6.8,3.1]}},{"type":"Feature","geometry":{"type":"Point","coordinates":[26.103385,44.425327]},"properties":{"line":"N110","mode":"bus","color":"#000000","colorDark":"#000000","band":2,"sc":0.86,"off":[-6.8,5.1]}},{"type":"Feature","geometry":{"type":"Point","coordinates":[26.103385,44.425327]},"properties":{"line":"N113","mode":"bus","color":"#000000","colorDark":"#000000","band":2,"sc":0.86,"off":[-3.4,5.1]}},{"type":"Feature","geometry":{"type":"Point","coordinates":[26.103385,44.425327]},"properties":{"line":"N114","mode":"bus","color":"#000000","colorDark":"#000000","band":2,"sc":0.86,"off":[0,5.1]}},{"type":"Feature","geometry":{"type":"Point","coordinates":[26.103385,44.425327]},"properties":{"line":"N115","mode":"bus","color":"#000000","colorDark":"#000000","band":2,"sc":0.86,"off":[3.4,5.1]}},{"type":"Feature","geometry":{"type":"Point","coordinates":[26.103385,44.425327]},"properties":{"line":"N116","mode":"bus","color":"#000000","colorDark":"#000000","band":2,"sc":0.86,"off":[6.8,5.1]}},{"type":"Feature","geometry":{"type":"Point","coordinates":[26.103385,44.425327]},"properties":{"line":"N117","mode":"bus","color":"#000000","colorDark":"#000000","band":2,"sc":0.86,"off":[-6.8,7.1]}},{"type":"Feature","geometry":{"type":"Point","coordinates":[26.103385,44.425327]},"properties":{"line":"N118","mode":"bus","color":"#000000","colorDark":"#000000","band":2,"sc":0.86,"off":[-3.4,7.1]}},{"type":"Feature","geometry":{"type":"Point","coordinates":[26.103385,44.425327]},"properties":{"line":"N119","mode":"bus","color":"#000000","colorDark":"#000000","band":2,"sc":0.86,"off":[0,7.1]}},{"type":"Feature","geometry":{"type":"Point","coordinates":[26.103385,44.425327]},"properties":{"line":"N120","mode":"bus","color":"#000000","colorDark":"#000000","band":2,"sc":0.86,"off":[3.4,7.1]}},{"type":"Feature","geometry":{"type":"Point","coordinates":[26.103385,44.425327]},"properties":{"line":"N121","mode":"bus","color":"#000000","colorDark":"#000000","band":2,"sc":0.86,"off":[6.8,7.1]}},{"type":"Feature","geometry":{"type":"Point","coordinates":[26.123391,44.362651]},"properties":{"name":"Arcade Berceni","band":2,"modes":"bus","arr":["74","232"],"off":[0,-0.8]}},{"type":"Feature","geometry":{"type":"Point","coordinates":[26.123391,44.362651]},"properties":{"line":"74","mode":"bus","color":"#149a3f","colorDark":"#0a5121","band":2,"off":[-1.7,1.1]}},{"type":"Feature","geometry":{"type":"Point","coordinates":[26.123391,44.362651]},"properties":{"line":"232","mode":"bus","color":"#0059a9","colorDark":"#00294f","band":2,"off":[1.7,1.1]}},{"type":"Feature","geometry":{"type":"Point","coordinates":[26.11904,44.388312]},"properties":{"name":"Emil Racoviță","band":2,"modes":"bus","arr":["243"],"off":[0,-0.8]}},{"type":"Feature","geometry":{"type":"Point","coordinates":[26.11904,44.388312]},"properties":{"line":"243","mode":"bus","color":"#0059a9","colorDark":"#00294f","band":2,"off":[0,1.1]}},{"type":"Feature","geometry":{"type":"Point","coordinates":[26.099131,44.379819]},"properties":{"name":"Piața Reșița","band":2,"modes":"bus","arr":["76","381","N112"],"off":[0,-0.8]}},{"type":"Feature","geometry":{"type":"Point","coordinates":[26.099131,44.379819]},"properties":{"line":"76","mode":"bus","color":"#149a3f","colorDark":"#0a5121","band":2,"off":[-3.4,1.1]}},{"type":"Feature","geometry":{"type":"Point","coordinates":[26.099131,44.379819]},"properties":{"line":"381","mode":"bus","color":"#0059a9","colorDark":"#00294f","band":2,"off":[0,1.1]}},{"type":"Feature","geometry":{"type":"Point","coordinates":[26.099131,44.379819]},"properties":{"line":"N112","mode":"bus","color":"#000000","colorDark":"#000000","band":2,"off":[3.4,1.1]}},{"type":"Feature","geometry":{"type":"Point","coordinates":[26.050476,44.470526]},"properties":{"name":"Clăbucet","band":2,"modes":"bus","arr":["79","97","381"],"off":[0,-0.8]}},{"type":"Feature","geometry":{"type":"Point","coordinates":[26.050476,44.470526]},"properties":{"line":"79","mode":"bus","color":"#149a3f","colorDark":"#0a5121","band":2,"off":[-3.4,1.1]}},{"type":"Feature","geometry":{"type":"Point","coordinates":[26.050476,44.470526]},"properties":{"line":"97","mode":"bus","color":"#149a3f","colorDark":"#0a5121","band":2,"off":[0,1.1]}},{"type":"Feature","geometry":{"type":"Point","coordinates":[26.050476,44.470526]},"properties":{"line":"381","mode":"bus","color":"#0059a9","colorDark":"#00294f","band":2,"off":[3.4,1.1]}},{"type":"Feature","geometry":{"type":"Point","coordinates":[26.11874,44.443717]},"properties":{"name":"Calea Moșilor","band":2,"modes":"bus","arr":["79"],"off":[0,-0.8]}},{"type":"Feature","geometry":{"type":"Point","coordinates":[26.11874,44.443717]},"properties":{"line":"79","mode":"bus","color":"#149a3f","colorDark":"#0a5121","band":2,"off":[0,1.1]}},{"type":"Feature","geometry":{"type":"Point","coordinates":[26.150868,44.439699]},"properties":{"name":"Arena Națională","band":2,"modes":"bus","arr":["85","90","143"],"off":[0,-0.8]}},{"type":"Feature","geometry":{"type":"Point","coordinates":[26.150868,44.439699]},"properties":{"line":"85","mode":"bus","color":"#149a3f","colorDark":"#0a5121","band":2,"off":[-3.4,1.1]}},{"type":"Feature","geometry":{"type":"Point","coordinates":[26.150868,44.439699]},"properties":{"line":"90","mode":"bus","color":"#149a3f","colorDark":"#0a5121","band":2,"off":[0,1.1]}},{"type":"Feature","geometry":{"type":"Point","coordinates":[26.150868,44.439699]},"properties":{"line":"143","mode":"bus","color":"#0059a9","colorDark":"#00294f","band":2,"off":[3.4,1.1]}},{"type":"Feature","geometry":{"type":"Point","coordinates":[26.055303,44.482825]},"properties":{"name":"Cartier Pajura","band":2,"modes":"bus","arr":["86","95"],"off":[0,-0.8]}},{"type":"Feature","geometry":{"type":"Point","coordinates":[26.055303,44.482825]},"properties":{"line":"86","mode":"bus","color":"#149a3f","colorDark":"#0a5121","band":2,"off":[-1.7,1.1]}},{"type":"Feature","geometry":{"type":"Point","coordinates":[26.055303,44.482825]},"properties":{"line":"95","mode":"bus","color":"#149a3f","colorDark":"#0a5121","band":2,"off":[1.7,1.1]}},{"type":"Feature","geometry":{"type":"Point","coordinates":[26.13248,44.441115]},"properties":{"name":"Piața Iancului","band":2,"modes":"bus","arr":["655"],"off":[0,-0.8]}},{"type":"Feature","geometry":{"type":"Point","coordinates":[26.13248,44.441115]},"properties":{"line":"655","mode":"bus","color":"#0059a9","colorDark":"#00294f","band":2,"off":[0,1.1]}},{"type":"Feature","geometry":{"type":"Point","coordinates":[26.142844,44.447409]},"properties":{"name":"Baicului","band":2,"modes":"bus","arr":["86","382"],"off":[0,-0.8]}},{"type":"Feature","geometry":{"type":"Point","coordinates":[26.142844,44.447409]},"properties":{"line":"86","mode":"bus","color":"#149a3f","colorDark":"#0a5121","band":2,"off":[-1.7,1.1]}},{"type":"Feature","geometry":{"type":"Point","coordinates":[26.142844,44.447409]},"properties":{"line":"382","mode":"bus","color":"#0059a9","colorDark":"#00294f","band":2,"off":[1.7,1.1]}},{"type":"Feature","geometry":{"type":"Point","coordinates":[26.046365,44.44553]},"properties":{"name":"M Petrache Poenaru","band":2,"modes":"bus","arr":["90"],"off":[0,-0.8]}},{"type":"Feature","geometry":{"type":"Point","coordinates":[26.046365,44.44553]},"properties":{"line":"90","mode":"bus","color":"#149a3f","colorDark":"#0a5121","band":2,"off":[0,1.1]}},{"type":"Feature","geometry":{"type":"Point","coordinates":[26.00242,44.41853]},"properties":{"name":"Cartier Constantin Brâncuși","band":2,"modes":"bus","arr":["93"],"off":[0,-0.8]}},{"type":"Feature","geometry":{"type":"Point","coordinates":[26.00242,44.41853]},"properties":{"line":"93","mode":"bus","color":"#149a3f","colorDark":"#0a5121","band":2,"off":[0,1.1]}},{"type":"Feature","geometry":{"type":"Point","coordinates":[26.072123,44.475676]},"properties":{"name":"Piața Presei","band":2,"modes":"bus,tram","arr":["93","41","642","City Tour"],"off":[0,-0.8]}},{"type":"Feature","geometry":{"type":"Point","coordinates":[26.072123,44.475676]},"properties":{"line":"93","mode":"bus","color":"#149a3f","colorDark":"#0a5121","band":2,"off":[-5.1,1.1]}},{"type":"Feature","geometry":{"type":"Point","coordinates":[26.072123,44.475676]},"properties":{"line":"41","mode":"tram","color":"#d6212b","colorDark":"#7c1116","band":2,"off":[-1.7,1.1]}},{"type":"Feature","geometry":{"type":"Point","coordinates":[26.072123,44.475676]},"properties":{"line":"642","mode":"bus","color":"#0059a9","colorDark":"#00294f","band":2,"off":[1.7,1.1]}},{"type":"Feature","geometry":{"type":"Point","coordinates":[26.072123,44.475676]},"properties":{"line":"City Tour","mode":"bus","color":"#0059a9","colorDark":"#00294f","band":2,"off":[5.1,1.1]}},{"type":"Feature","geometry":{"type":"Point","coordinates":[26.014102,44.42115]},"properties":{"name":"Valea Ialomiței","band":2,"modes":"bus","arr":["168","232","N116"],"off":[0,-0.8]}},{"type":"Feature","geometry":{"type":"Point","coordinates":[26.014102,44.42115]},"properties":{"line":"168","mode":"bus","color":"#0059a9","colorDark":"#00294f","band":2,"off":[-3.4,1.1]}},{"type":"Feature","geometry":{"type":"Point","coordinates":[26.014102,44.42115]},"properties":{"line":"232","mode":"bus","color":"#0059a9","colorDark":"#00294f","band":2,"off":[0,1.1]}},{"type":"Feature","geometry":{"type":"Point","coordinates":[26.014102,44.42115]},"properties":{"line":"N116","mode":"bus","color":"#000000","colorDark":"#000000","band":2,"off":[3.4,1.1]}},{"type":"Feature","geometry":{"type":"Point","coordinates":[26.024985,44.502882]},"properties":{"name":"Străulești","band":2,"modes":"bus,metro","arr":["95","205","304","436","476","M4","N117"],"off":[0,-0.8]}},{"type":"Feature","geometry":{"type":"Point","coordinates":[26.024985,44.502882]},"properties":{"name":"M Străulești","band":2,"modes":"bus,metro","arr":["95","205","304","436","476","M4","N117"],"off":[0,-1.9]}},{"type":"Feature","geometry":{"type":"Point","coordinates":[26.024985,44.502882]},"properties":{"line":"95","mode":"bus","color":"#149a3f","colorDark":"#0a5121","band":2,"off":[-6.8,1.1]}},{"type":"Feature","geometry":{"type":"Point","coordinates":[26.024985,44.502882]},"properties":{"line":"205","mode":"bus","color":"#0059a9","colorDark":"#00294f","band":2,"off":[-3.4,1.1]}},{"type":"Feature","geometry":{"type":"Point","coordinates":[26.024985,44.502882]},"properties":{"line":"304","mode":"bus","color":"#0059a9","colorDark":"#00294f","band":2,"off":[0,1.1]}},{"type":"Feature","geometry":{"type":"Point","coordinates":[26.024985,44.502882]},"properties":{"line":"436","mode":"bus","color":"#0059a9","colorDark":"#00294f","band":2,"off":[3.4,1.1]}},{"type":"Feature","geometry":{"type":"Point","coordinates":[26.024985,44.502882]},"properties":{"line":"476","mode":"bus","color":"#0059a9","colorDark":"#00294f","band":2,"off":[6.8,1.1]}},{"type":"Feature","geometry":{"type":"Point","coordinates":[26.024985,44.502882]},"properties":{"line":"M4","mode":"tram","color":"#3C746B","colorDark":"#21403b","band":2,"metro":1,"off":[-1.7,3.1]}},{"type":"Feature","geometry":{"type":"Point","coordinates":[26.024985,44.502882]},"properties":{"line":"N117","mode":"bus","color":"#000000","colorDark":"#000000","band":2,"off":[1.7,3.1]}},{"type":"Feature","geometry":{"type":"Point","coordinates":[26.045699,44.398927]},"properties":{"name":"Depoul Alexandria","band":2,"modes":"bus,tram","arr":["96","32","226","227","421","424","464","484B"],"off":[0,-0.8]}},{"type":"Feature","geometry":{"type":"Point","coordinates":[26.045699,44.398927]},"properties":{"line":"96","mode":"bus","color":"#149a3f","colorDark":"#0a5121","band":2,"off":[-6.8,1.1]}},{"type":"Feature","geometry":{"type":"Point","coordinates":[26.045699,44.398927]},"properties":{"line":"32","mode":"tram","color":"#d6212b","colorDark":"#7c1116","band":2,"off":[-3.4,1.1]}},{"type":"Feature","geometry":{"type":"Point","coordinates":[26.045699,44.398927]},"properties":{"line":"226","mode":"bus","color":"#0059a9","colorDark":"#00294f","band":2,"off":[0,1.1]}},{"type":"Feature","geometry":{"type":"Point","coordinates":[26.045699,44.398927]},"properties":{"line":"227","mode":"bus","color":"#0059a9","colorDark":"#00294f","band":2,"off":[3.4,1.1]}},{"type":"Feature","geometry":{"type":"Point","coordinates":[26.045699,44.398927]},"properties":{"line":"421","mode":"bus","color":"#0059a9","colorDark":"#00294f","band":2,"off":[6.8,1.1]}},{"type":"Feature","geometry":{"type":"Point","coordinates":[26.045699,44.398927]},"properties":{"line":"424","mode":"bus","color":"#0059a9","colorDark":"#00294f","band":2,"off":[-3.4,3.1]}},{"type":"Feature","geometry":{"type":"Point","coordinates":[26.045699,44.398927]},"properties":{"line":"464","mode":"bus","color":"#0059a9","colorDark":"#00294f","band":2,"off":[0,3.1]}},{"type":"Feature","geometry":{"type":"Point","coordinates":[26.045699,44.398927]},"properties":{"line":"484B","mode":"bus","color":"#0059a9","colorDark":"#00294f","band":2,"off":[3.4,3.1]}},{"type":"Feature","geometry":{"type":"Point","coordinates":[26.12175,44.407102]},"properties":{"name":"Pasaj Mihai Bravu","band":2,"modes":"bus","arr":["97"],"off":[0,-0.8]}},{"type":"Feature","geometry":{"type":"Point","coordinates":[26.12175,44.407102]},"properties":{"line":"97","mode":"bus","color":"#149a3f","colorDark":"#0a5121","band":2,"off":[0,1.1]}},{"type":"Feature","geometry":{"type":"Point","coordinates":[26.072965,44.477582]},"properties":{"name":"Piața Presei","band":2,"modes":"bus","arr":["304","403","441","441B","442","443","443B","444","446","447","447B","448","477","City Tour"],"off":[0,-0.8],"sc":0.95}},{"type":"Feature","geometry":{"type":"Point","coordinates":[26.072965,44.477582]},"properties":{"line":"304","mode":"bus","color":"#0059a9","colorDark":"#00294f","band":2,"sc":0.95,"off":[-6.8,1.1]}},{"type":"Feature","geometry":{"type":"Point","coordinates":[26.072965,44.477582]},"properties":{"line":"403","mode":"bus","color":"#0059a9","colorDark":"#00294f","band":2,"sc":0.95,"off":[-3.4,1.1]}},{"type":"Feature","geometry":{"type":"Point","coordinates":[26.072965,44.477582]},"properties":{"line":"441","mode":"bus","color":"#0059a9","colorDark":"#00294f","band":2,"sc":0.95,"off":[0,1.1]}},{"type":"Feature","geometry":{"type":"Point","coordinates":[26.072965,44.477582]},"properties":{"line":"441B","mode":"bus","color":"#0059a9","colorDark":"#00294f","band":2,"sc":0.95,"off":[3.4,1.1]}},{"type":"Feature","geometry":{"type":"Point","coordinates":[26.072965,44.477582]},"properties":{"line":"442","mode":"bus","color":"#0059a9","colorDark":"#00294f","band":2,"sc":0.95,"off":[6.8,1.1]}},{"type":"Feature","geometry":{"type":"Point","coordinates":[26.072965,44.477582]},"properties":{"line":"443","mode":"bus","color":"#0059a9","colorDark":"#00294f","band":2,"sc":0.95,"off":[-6.8,3.1]}},{"type":"Feature","geometry":{"type":"Point","coordinates":[26.072965,44.477582]},"properties":{"line":"443B","mode":"bus","color":"#0059a9","colorDark":"#00294f","band":2,"sc":0.95,"off":[-3.4,3.1]}},{"type":"Feature","geometry":{"type":"Point","coordinates":[26.072965,44.477582]},"properties":{"line":"444","mode":"bus","color":"#0059a9","colorDark":"#00294f","band":2,"sc":0.95,"off":[0,3.1]}},{"type":"Feature","geometry":{"type":"Point","coordinates":[26.072965,44.477582]},"properties":{"line":"446","mode":"bus","color":"#0059a9","colorDark":"#00294f","band":2,"sc":0.95,"off":[3.4,3.1]}},{"type":"Feature","geometry":{"type":"Point","coordinates":[26.072965,44.477582]},"properties":{"line":"447","mode":"bus","color":"#0059a9","colorDark":"#00294f","band":2,"sc":0.95,"off":[6.8,3.1]}},{"type":"Feature","geometry":{"type":"Point","coordinates":[26.072965,44.477582]},"properties":{"line":"447B","mode":"bus","color":"#0059a9","colorDark":"#00294f","band":2,"sc":0.95,"off":[-5.1,5.1]}},{"type":"Feature","geometry":{"type":"Point","coordinates":[26.072965,44.477582]},"properties":{"line":"448","mode":"bus","color":"#0059a9","colorDark":"#00294f","band":2,"sc":0.95,"off":[-1.7,5.1]}},{"type":"Feature","geometry":{"type":"Point","coordinates":[26.072965,44.477582]},"properties":{"line":"477","mode":"bus","color":"#0059a9","colorDark":"#00294f","band":2,"sc":0.95,"off":[1.7,5.1]}},{"type":"Feature","geometry":{"type":"Point","coordinates":[26.072965,44.477582]},"properties":{"line":"City Tour","mode":"bus","color":"#0059a9","colorDark":"#00294f","band":2,"sc":0.95,"off":[5.1,5.1]}},{"type":"Feature","geometry":{"type":"Point","coordinates":[26.076804,44.571533]},"properties":{"name":"Aeroport Henri Coandă","band":2,"modes":"bus","arr":["100"],"off":[0,-0.8]}},{"type":"Feature","geometry":{"type":"Point","coordinates":[26.076804,44.571533]},"properties":{"line":"100","mode":"bus","color":"#0059a9","colorDark":"#00294f","band":2,"off":[0,1.1]}},{"type":"Feature","geometry":{"type":"Point","coordinates":[26.101828,44.436467]},"properties":{"name":"Piața 21 Decembrie 1989","band":2,"modes":"bus","arr":["122","137"],"off":[0,-0.8]}},{"type":"Feature","geometry":{"type":"Point","coordinates":[26.101828,44.436467]},"properties":{"line":"122","mode":"bus","color":"#0059a9","colorDark":"#00294f","band":2,"off":[-1.7,1.1]}},{"type":"Feature","geometry":{"type":"Point","coordinates":[26.101828,44.436467]},"properties":{"line":"137","mode":"bus","color":"#0059a9","colorDark":"#00294f","band":2,"off":[1.7,1.1]}},{"type":"Feature","geometry":{"type":"Point","coordinates":[26.179279,44.426623]},"properties":{"name":"Faur","band":2,"modes":"tram,bus","arr":["23","27","101","311","335","619","N122"],"off":[0,-0.8]}},{"type":"Feature","geometry":{"type":"Point","coordinates":[26.179279,44.426623]},"properties":{"line":"23","mode":"tram","color":"#d6212b","colorDark":"#7c1116","band":2,"off":[-6.8,1.1]}},{"type":"Feature","geometry":{"type":"Point","coordinates":[26.179279,44.426623]},"properties":{"line":"27","mode":"tram","color":"#d6212b","colorDark":"#7c1116","band":2,"off":[-3.4,1.1]}},{"type":"Feature","geometry":{"type":"Point","coordinates":[26.179279,44.426623]},"properties":{"line":"101","mode":"bus","color":"#0059a9","colorDark":"#00294f","band":2,"off":[0,1.1]}},{"type":"Feature","geometry":{"type":"Point","coordinates":[26.179279,44.426623]},"properties":{"line":"311","mode":"bus","color":"#0059a9","colorDark":"#00294f","band":2,"off":[3.4,1.1]}},{"type":"Feature","geometry":{"type":"Point","coordinates":[26.179279,44.426623]},"properties":{"line":"335","mode":"bus","color":"#0059a9","colorDark":"#00294f","band":2,"off":[6.8,1.1]}},{"type":"Feature","geometry":{"type":"Point","coordinates":[26.179279,44.426623]},"properties":{"line":"619","mode":"bus","color":"#0059a9","colorDark":"#00294f","band":2,"off":[-1.7,3.1]}},{"type":"Feature","geometry":{"type":"Point","coordinates":[26.179279,44.426623]},"properties":{"line":"N122","mode":"bus","color":"#000000","colorDark":"#000000","band":2,"off":[1.7,3.1]}},{"type":"Feature","geometry":{"type":"Point","coordinates":[26.125861,44.448544]},"properties":{"name":"Bucur Obor","band":2,"modes":"bus","arr":["101"],"off":[0,-0.8]}},{"type":"Feature","geometry":{"type":"Point","coordinates":[26.125861,44.448544]},"properties":{"line":"101","mode":"bus","color":"#0059a9","colorDark":"#00294f","band":2,"off":[0,1.1]}},{"type":"Feature","geometry":{"type":"Point","coordinates":[26.188837,44.439296]},"properties":{"name":"Complex Pantelimon","band":2,"modes":"bus","arr":["102","104"],"off":[0,-0.8]}},{"type":"Feature","geometry":{"type":"Point","coordinates":[26.188837,44.439296]},"properties":{"line":"102","mode":"bus","color":"#0059a9","colorDark":"#00294f","band":2,"off":[-1.7,1.1]}},{"type":"Feature","geometry":{"type":"Point","coordinates":[26.188837,44.439296]},"properties":{"line":"104","mode":"bus","color":"#0059a9","colorDark":"#00294f","band":2,"off":[1.7,1.1]}},{"type":"Feature","geometry":{"type":"Point","coordinates":[26.088933,44.369304]},"properties":{"name":"C.F.R. Progresul","band":2,"modes":"tram,bus","arr":["7","25","102","116","418","419","428","465","N107"],"off":[0,-0.8]}},{"type":"Feature","geometry":{"type":"Point","coordinates":[26.088933,44.369304]},"properties":{"name":"C.f.r. Progresul","band":2,"modes":"tram,bus","arr":["7","25","102","116","418","419","428","465","N107"],"off":[0,-1.9]}},{"type":"Feature","geometry":{"type":"Point","coordinates":[26.088933,44.369304]},"properties":{"line":"7","mode":"tram","color":"#d6212b","colorDark":"#7c1116","band":2,"off":[-6.8,1.1]}},{"type":"Feature","geometry":{"type":"Point","coordinates":[26.088933,44.369304]},"properties":{"line":"25","mode":"tram","color":"#d6212b","colorDark":"#7c1116","band":2,"off":[-3.4,1.1]}},{"type":"Feature","geometry":{"type":"Point","coordinates":[26.088933,44.369304]},"properties":{"line":"102","mode":"bus","color":"#0059a9","colorDark":"#00294f","band":2,"off":[0,1.1]}},{"type":"Feature","geometry":{"type":"Point","coordinates":[26.088933,44.369304]},"properties":{"line":"116","mode":"bus","color":"#0059a9","colorDark":"#00294f","band":2,"off":[3.4,1.1]}},{"type":"Feature","geometry":{"type":"Point","coordinates":[26.088933,44.369304]},"properties":{"line":"418","mode":"bus","color":"#0059a9","colorDark":"#00294f","band":2,"off":[6.8,1.1]}},{"type":"Feature","geometry":{"type":"Point","coordinates":[26.088933,44.369304]},"properties":{"line":"419","mode":"bus","color":"#0059a9","colorDark":"#00294f","band":2,"off":[-5.1,3.1]}},{"type":"Feature","geometry":{"type":"Point","coordinates":[26.088933,44.369304]},"properties":{"line":"428","mode":"bus","color":"#0059a9","colorDark":"#00294f","band":2,"off":[-1.7,3.1]}},{"type":"Feature","geometry":{"type":"Point","coordinates":[26.088933,44.369304]},"properties":{"line":"465","mode":"bus","color":"#0059a9","colorDark":"#00294f","band":2,"off":[1.7,3.1]}},{"type":"Feature","geometry":{"type":"Point","coordinates":[26.088933,44.369304]},"properties":{"line":"N107","mode":"bus","color":"#000000","colorDark":"#000000","band":2,"off":[5.1,3.1]}},{"type":"Feature","geometry":{"type":"Point","coordinates":[26.183762,44.440156]},"properties":{"name":"Pantelimon","band":2,"modes":"tram,bus","arr":["5","103","246","407","451","452","454","457","458","N102"],"off":[0,-0.8]}},{"type":"Feature","geometry":{"type":"Point","coordinates":[26.183762,44.440156]},"properties":{"line":"5","mode":"tram","color":"#d6212b","colorDark":"#7c1116","band":2,"off":[-6.8,1.1]}},{"type":"Feature","geometry":{"type":"Point","coordinates":[26.183762,44.440156]},"properties":{"line":"103","mode":"bus","color":"#0059a9","colorDark":"#00294f","band":2,"off":[-3.4,1.1]}},{"type":"Feature","geometry":{"type":"Point","coordinates":[26.183762,44.440156]},"properties":{"line":"246","mode":"bus","color":"#0059a9","colorDark":"#00294f","band":2,"off":[0,1.1]}},{"type":"Feature","geometry":{"type":"Point","coordinates":[26.183762,44.440156]},"properties":{"line":"407","mode":"bus","color":"#0059a9","colorDark":"#00294f","band":2,"off":[3.4,1.1]}},{"type":"Feature","geometry":{"type":"Point","coordinates":[26.183762,44.440156]},"properties":{"line":"451","mode":"bus","color":"#0059a9","colorDark":"#00294f","band":2,"off":[6.8,1.1]}},{"type":"Feature","geometry":{"type":"Point","coordinates":[26.183762,44.440156]},"properties":{"line":"452","mode":"bus","color":"#0059a9","colorDark":"#00294f","band":2,"off":[-6.8,3.1]}},{"type":"Feature","geometry":{"type":"Point","coordinates":[26.183762,44.440156]},"properties":{"line":"454","mode":"bus","color":"#0059a9","colorDark":"#00294f","band":2,"off":[-3.4,3.1]}},{"type":"Feature","geometry":{"type":"Point","coordinates":[26.183762,44.440156]},"properties":{"line":"457","mode":"bus","color":"#0059a9","colorDark":"#00294f","band":2,"off":[0,3.1]}},{"type":"Feature","geometry":{"type":"Point","coordinates":[26.183762,44.440156]},"properties":{"line":"458","mode":"bus","color":"#0059a9","colorDark":"#00294f","band":2,"off":[3.4,3.1]}},{"type":"Feature","geometry":{"type":"Point","coordinates":[26.183762,44.440156]},"properties":{"line":"N102","mode":"bus","color":"#000000","colorDark":"#000000","band":2,"off":[6.8,3.1]}},{"type":"Feature","geometry":{"type":"Point","coordinates":[26.217804,44.415574]},"properties":{"name":"Isovolta","band":2,"modes":"bus","arr":["103"],"off":[0,-0.8]}},{"type":"Feature","geometry":{"type":"Point","coordinates":[26.217804,44.415574]},"properties":{"line":"103","mode":"bus","color":"#0059a9","colorDark":"#00294f","band":2,"off":[0,1.1]}},{"type":"Feature","geometry":{"type":"Point","coordinates":[26.014767,44.413315]},"properties":{"name":"Valea Oltului","band":2,"modes":"bus","arr":["105"],"off":[0,-0.8]}},{"type":"Feature","geometry":{"type":"Point","coordinates":[26.014767,44.413315]},"properties":{"line":"105","mode":"bus","color":"#0059a9","colorDark":"#00294f","band":2,"off":[0,1.1]}},{"type":"Feature","geometry":{"type":"Point","coordinates":[26.068011,44.44944]},"properties":{"name":"Gara Basarab","band":2,"modes":"tram,bus","arr":["44","123","162","282"],"off":[0,-0.8]}},{"type":"Feature","geometry":{"type":"Point","coordinates":[26.068011,44.44944]},"properties":{"line":"44","mode":"tram","color":"#d6212b","colorDark":"#7c1116","band":2,"off":[-5.1,1.1]}},{"type":"Feature","geometry":{"type":"Point","coordinates":[26.068011,44.44944]},"properties":{"line":"123","mode":"bus","color":"#0059a9","colorDark":"#00294f","band":2,"off":[-1.7,1.1]}},{"type":"Feature","geometry":{"type":"Point","coordinates":[26.068011,44.44944]},"properties":{"line":"162","mode":"bus","color":"#0059a9","colorDark":"#00294f","band":2,"off":[1.7,1.1]}},{"type":"Feature","geometry":{"type":"Point","coordinates":[26.068011,44.44944]},"properties":{"line":"282","mode":"bus","color":"#0059a9","colorDark":"#00294f","band":2,"off":[5.1,1.1]}},{"type":"Feature","geometry":{"type":"Point","coordinates":[26.070104,44.45072]},"properties":{"name":"Șoseaua Nicolae Titulescu","band":2,"modes":"bus","arr":["105"],"off":[0,-0.8]}},{"type":"Feature","geometry":{"type":"Point","coordinates":[26.070104,44.45072]},"properties":{"line":"105","mode":"bus","color":"#0059a9","colorDark":"#00294f","band":2,"off":[0,1.1]}},{"type":"Feature","geometry":{"type":"Point","coordinates":[25.982655,44.422207]},"properties":{"name":"C.E.T. Vest Militari","band":2,"modes":"bus","arr":["106","221"],"off":[0,-0.8]}},{"type":"Feature","geometry":{"type":"Point","coordinates":[25.982655,44.422207]},"properties":{"line":"106","mode":"bus","color":"#0059a9","colorDark":"#00294f","band":2,"off":[-1.7,1.1]}},{"type":"Feature","geometry":{"type":"Point","coordinates":[25.982655,44.422207]},"properties":{"line":"221","mode":"bus","color":"#0059a9","colorDark":"#00294f","band":2,"off":[1.7,1.1]}},{"type":"Feature","geometry":{"type":"Point","coordinates":[26.005142,44.43225]},"properties":{"name":"Bd. Preciziei","band":2,"modes":"bus","arr":["322","478"],"off":[0,-0.8]}},{"type":"Feature","geometry":{"type":"Point","coordinates":[26.005142,44.43225]},"properties":{"line":"322","mode":"bus","color":"#0059a9","colorDark":"#00294f","band":2,"off":[-1.7,1.1]}},{"type":"Feature","geometry":{"type":"Point","coordinates":[26.005142,44.43225]},"properties":{"line":"478","mode":"bus","color":"#0059a9","colorDark":"#00294f","band":2,"off":[1.7,1.1]}},{"type":"Feature","geometry":{"type":"Point","coordinates":[26.00366,44.441495]},"properties":{"name":"Cartier Roșu","band":2,"modes":"bus","arr":["106"],"off":[0,-0.8]}},{"type":"Feature","geometry":{"type":"Point","coordinates":[26.00366,44.441495]},"properties":{"line":"106","mode":"bus","color":"#0059a9","colorDark":"#00294f","band":2,"off":[0,1.1]}},{"type":"Feature","geometry":{"type":"Point","coordinates":[26.115663,44.486747]},"properties":{"name":"Pasajul Pipera","band":2,"modes":"bus","arr":["112","135"],"off":[0,-0.8]}},{"type":"Feature","geometry":{"type":"Point","coordinates":[26.115663,44.486747]},"properties":{"line":"112","mode":"bus","color":"#0059a9","colorDark":"#00294f","band":2,"off":[-1.7,1.1]}},{"type":"Feature","geometry":{"type":"Point","coordinates":[26.115663,44.486747]},"properties":{"line":"135","mode":"bus","color":"#0059a9","colorDark":"#00294f","band":2,"off":[1.7,1.1]}},{"type":"Feature","geometry":{"type":"Point","coordinates":[26.013462,44.491525]},"properties":{"name":"Complex Colosseum","band":2,"modes":"bus","arr":["112","470"],"off":[0,-0.8]}},{"type":"Feature","geometry":{"type":"Point","coordinates":[26.013462,44.491525]},"properties":{"line":"112","mode":"bus","color":"#0059a9","colorDark":"#00294f","band":2,"off":[-1.7,1.1]}},{"type":"Feature","geometry":{"type":"Point","coordinates":[26.013462,44.491525]},"properties":{"line":"470","mode":"bus","color":"#0059a9","colorDark":"#00294f","band":2,"off":[1.7,1.1]}},{"type":"Feature","geometry":{"type":"Point","coordinates":[26.059435,44.385785]},"properties":{"name":"Cartier Confort Urban","band":2,"modes":"bus","arr":["117","227"],"off":[0,-0.8]}},{"type":"Feature","geometry":{"type":"Point","coordinates":[26.059435,44.385785]},"properties":{"line":"117","mode":"bus","color":"#0059a9","colorDark":"#00294f","band":2,"off":[-1.7,1.1]}},{"type":"Feature","geometry":{"type":"Point","coordinates":[26.059435,44.385785]},"properties":{"line":"227","mode":"bus","color":"#0059a9","colorDark":"#00294f","band":2,"off":[1.7,1.1]}},{"type":"Feature","geometry":{"type":"Point","coordinates":[25.978781,44.406787]},"properties":{"name":"Pasaj Domnești","band":2,"modes":"bus","arr":["122","222"],"off":[0,-0.8]}},{"type":"Feature","geometry":{"type":"Point","coordinates":[25.978781,44.406787]},"properties":{"line":"122","mode":"bus","color":"#0059a9","colorDark":"#00294f","band":2,"off":[-1.7,1.1]}},{"type":"Feature","geometry":{"type":"Point","coordinates":[25.978781,44.406787]},"properties":{"line":"222","mode":"bus","color":"#0059a9","colorDark":"#00294f","band":2,"off":[1.7,1.1]}},{"type":"Feature","geometry":{"type":"Point","coordinates":[26.017124,44.41197]},"properties":{"name":"Valea Oltului","band":2,"modes":"bus","arr":["368","385","N101"],"off":[0,-0.8]}},{"type":"Feature","geometry":{"type":"Point","coordinates":[26.017124,44.41197]},"properties":{"line":"368","mode":"bus","color":"#0059a9","colorDark":"#00294f","band":2,"off":[-3.4,1.1]}},{"type":"Feature","geometry":{"type":"Point","coordinates":[26.017124,44.41197]},"properties":{"line":"385","mode":"bus","color":"#0059a9","colorDark":"#00294f","band":2,"off":[0,1.1]}},{"type":"Feature","geometry":{"type":"Point","coordinates":[26.017124,44.41197]},"properties":{"line":"N101","mode":"bus","color":"#000000","colorDark":"#000000","band":2,"off":[3.4,1.1]}},{"type":"Feature","geometry":{"type":"Point","coordinates":[26.094131,44.440236]},"properties":{"name":"Luterană","band":2,"modes":"bus","arr":["311"],"off":[0,-0.8]}},{"type":"Feature","geometry":{"type":"Point","coordinates":[26.094131,44.440236]},"properties":{"line":"311","mode":"bus","color":"#0059a9","colorDark":"#00294f","band":2,"off":[0,1.1]}},{"type":"Feature","geometry":{"type":"Point","coordinates":[26.148276,44.405968]},"properties":{"name":"C.E.T. Sud Vitan","band":2,"modes":"bus","arr":["123","135"],"off":[0,-0.8]}},{"type":"Feature","geometry":{"type":"Point","coordinates":[26.148276,44.405968]},"properties":{"line":"123","mode":"bus","color":"#0059a9","colorDark":"#00294f","band":2,"off":[-1.7,1.1]}},{"type":"Feature","geometry":{"type":"Point","coordinates":[26.148276,44.405968]},"properties":{"line":"135","mode":"bus","color":"#0059a9","colorDark":"#00294f","band":2,"off":[1.7,1.1]}},{"type":"Feature","geometry":{"type":"Point","coordinates":[26.138954,44.359518]},"properties":{"name":"Vulcan Berceni","band":2,"modes":"bus","arr":["125","141","220","N105"],"off":[0,-0.8]}},{"type":"Feature","geometry":{"type":"Point","coordinates":[26.138954,44.359518]},"properties":{"line":"125","mode":"bus","color":"#0059a9","colorDark":"#00294f","band":2,"off":[-5.1,1.1]}},{"type":"Feature","geometry":{"type":"Point","coordinates":[26.138954,44.359518]},"properties":{"line":"141","mode":"bus","color":"#0059a9","colorDark":"#00294f","band":2,"off":[-1.7,1.1]}},{"type":"Feature","geometry":{"type":"Point","coordinates":[26.138954,44.359518]},"properties":{"line":"220","mode":"bus","color":"#0059a9","colorDark":"#00294f","band":2,"off":[1.7,1.1]}},{"type":"Feature","geometry":{"type":"Point","coordinates":[26.138954,44.359518]},"properties":{"line":"N105","mode":"bus","color":"#000000","colorDark":"#000000","band":2,"off":[5.1,1.1]}},{"type":"Feature","geometry":{"type":"Point","coordinates":[26.135018,44.379396]},"properties":{"name":"Cartier Apărătorii Patriei","band":2,"modes":"bus","arr":["241"],"off":[0,-0.8]}},{"type":"Feature","geometry":{"type":"Point","coordinates":[26.135018,44.379396]},"properties":{"line":"241","mode":"bus","color":"#0059a9","colorDark":"#00294f","band":2,"off":[0,1.1]}},{"type":"Feature","geometry":{"type":"Point","coordinates":[26.146026,44.337189]},"properties":{"name":"Peco Silflor Move","band":2,"modes":"bus","arr":["125"],"off":[0,-0.8]}},{"type":"Feature","geometry":{"type":"Point","coordinates":[26.146026,44.337189]},"properties":{"line":"125","mode":"bus","color":"#0059a9","colorDark":"#00294f","band":2,"off":[0,1.1]}},{"type":"Feature","geometry":{"type":"Point","coordinates":[25.958592,44.437839]},"properties":{"name":"Carrefour Militari","band":2,"modes":"bus","arr":["137"],"off":[0,-0.8]}},{"type":"Feature","geometry":{"type":"Point","coordinates":[25.958592,44.437839]},"properties":{"line":"137","mode":"bus","color":"#0059a9","colorDark":"#00294f","band":2,"off":[0,1.1]}},{"type":"Feature","geometry":{"type":"Point","coordinates":[26.055557,44.428637]},"properties":{"name":"Bd. G-ral Paul Teodorescu","band":2,"modes":"bus","arr":["487"],"off":[0,-0.8]}},{"type":"Feature","geometry":{"type":"Point","coordinates":[26.055557,44.428637]},"properties":{"line":"487","mode":"bus","color":"#0059a9","colorDark":"#00294f","band":2,"off":[0,1.1]}},{"type":"Feature","geometry":{"type":"Point","coordinates":[25.984923,44.439445]},"properties":{"name":"Complex Militari","band":2,"modes":"bus","arr":["138"],"off":[0,-0.8]}},{"type":"Feature","geometry":{"type":"Point","coordinates":[25.984923,44.439445]},"properties":{"line":"138","mode":"bus","color":"#0059a9","colorDark":"#00294f","band":2,"off":[0,1.1]}},{"type":"Feature","geometry":{"type":"Point","coordinates":[26.034754,44.410268]},"properties":{"name":"Dedeman Ghencea","band":2,"modes":"bus","arr":["138","221"],"off":[0,-0.8]}},{"type":"Feature","geometry":{"type":"Point","coordinates":[26.034754,44.410268]},"properties":{"line":"138","mode":"bus","color":"#0059a9","colorDark":"#00294f","band":2,"off":[-1.7,1.1]}},{"type":"Feature","geometry":{"type":"Point","coordinates":[26.034754,44.410268]},"properties":{"line":"221","mode":"bus","color":"#0059a9","colorDark":"#00294f","band":2,"off":[1.7,1.1]}},{"type":"Feature","geometry":{"type":"Point","coordinates":[26.078301,44.387223]},"properties":{"name":"Zețarilor","band":2,"modes":"bus","arr":["139","141","216","323","N118"],"off":[0,-0.8]}},{"type":"Feature","geometry":{"type":"Point","coordinates":[26.078301,44.387223]},"properties":{"line":"139","mode":"bus","color":"#0059a9","colorDark":"#00294f","band":2,"off":[-6.8,1.1]}},{"type":"Feature","geometry":{"type":"Point","coordinates":[26.078301,44.387223]},"properties":{"line":"141","mode":"bus","color":"#0059a9","colorDark":"#00294f","band":2,"off":[-3.4,1.1]}},{"type":"Feature","geometry":{"type":"Point","coordinates":[26.078301,44.387223]},"properties":{"line":"216","mode":"bus","color":"#0059a9","colorDark":"#00294f","band":2,"off":[0,1.1]}},{"type":"Feature","geometry":{"type":"Point","coordinates":[26.078301,44.387223]},"properties":{"line":"323","mode":"bus","color":"#0059a9","colorDark":"#00294f","band":2,"off":[3.4,1.1]}},{"type":"Feature","geometry":{"type":"Point","coordinates":[26.078301,44.387223]},"properties":{"line":"N118","mode":"bus","color":"#000000","colorDark":"#000000","band":2,"off":[6.8,1.1]}},{"type":"Feature","geometry":{"type":"Point","coordinates":[26.059171,44.434045]},"properties":{"name":"Piața Leul","band":2,"modes":"bus","arr":["139"],"off":[0,-0.8]}},{"type":"Feature","geometry":{"type":"Point","coordinates":[26.059171,44.434045]},"properties":{"line":"139","mode":"bus","color":"#0059a9","colorDark":"#00294f","band":2,"off":[0,1.1]}},{"type":"Feature","geometry":{"type":"Point","coordinates":[26.000667,44.471218]},"properties":{"name":"Giulești Sârbi","band":2,"modes":"bus","arr":["162","163"],"off":[0,-0.8]}},{"type":"Feature","geometry":{"type":"Point","coordinates":[26.000667,44.471218]},"properties":{"line":"162","mode":"bus","color":"#0059a9","colorDark":"#00294f","band":2,"off":[-1.7,1.1]}},{"type":"Feature","geometry":{"type":"Point","coordinates":[26.000667,44.471218]},"properties":{"line":"163","mode":"bus","color":"#0059a9","colorDark":"#00294f","band":2,"off":[1.7,1.1]}},{"type":"Feature","geometry":{"type":"Point","coordinates":[26.022296,44.470095]},"properties":{"name":"Cartier Giulești","band":2,"modes":"tram,bus","arr":["44","N110"],"off":[0,-0.8]}},{"type":"Feature","geometry":{"type":"Point","coordinates":[26.022296,44.470095]},"properties":{"line":"44","mode":"tram","color":"#d6212b","colorDark":"#7c1116","band":2,"off":[-1.7,1.1]}},{"type":"Feature","geometry":{"type":"Point","coordinates":[26.022296,44.470095]},"properties":{"line":"N110","mode":"bus","color":"#000000","colorDark":"#000000","band":2,"off":[1.7,1.1]}},{"type":"Feature","geometry":{"type":"Point","coordinates":[26.097374,44.445885]},"properties":{"name":"Piața Romana","band":2,"modes":"bus","arr":["168","226","301","301B","331","331B","368"],"off":[0,-0.8]}},{"type":"Feature","geometry":{"type":"Point","coordinates":[26.097374,44.445885]},"properties":{"line":"168","mode":"bus","color":"#0059a9","colorDark":"#00294f","band":2,"off":[-6.8,1.1]}},{"type":"Feature","geometry":{"type":"Point","coordinates":[26.097374,44.445885]},"properties":{"line":"226","mode":"bus","color":"#0059a9","colorDark":"#00294f","band":2,"off":[-3.4,1.1]}},{"type":"Feature","geometry":{"type":"Point","coordinates":[26.097374,44.445885]},"properties":{"line":"301","mode":"bus","color":"#0059a9","colorDark":"#00294f","band":2,"off":[0,1.1]}},{"type":"Feature","geometry":{"type":"Point","coordinates":[26.097374,44.445885]},"properties":{"line":"301B","mode":"bus","color":"#0059a9","colorDark":"#00294f","band":2,"off":[3.4,1.1]}},{"type":"Feature","geometry":{"type":"Point","coordinates":[26.097374,44.445885]},"properties":{"line":"331","mode":"bus","color":"#0059a9","colorDark":"#00294f","band":2,"off":[6.8,1.1]}},{"type":"Feature","geometry":{"type":"Point","coordinates":[26.097374,44.445885]},"properties":{"line":"331B","mode":"bus","color":"#0059a9","colorDark":"#00294f","band":2,"off":[-1.7,3.1]}},{"type":"Feature","geometry":{"type":"Point","coordinates":[26.097374,44.445885]},"properties":{"line":"368","mode":"bus","color":"#0059a9","colorDark":"#00294f","band":2,"off":[1.7,3.1]}},{"type":"Feature","geometry":{"type":"Point","coordinates":[26.094969,44.437802]},"properties":{"name":"Sala Palatului","band":2,"modes":"bus","arr":["178","311"],"off":[0,-0.8]}},{"type":"Feature","geometry":{"type":"Point","coordinates":[26.094969,44.437802]},"properties":{"line":"178","mode":"bus","color":"#0059a9","colorDark":"#00294f","band":2,"off":[-1.7,1.1]}},{"type":"Feature","geometry":{"type":"Point","coordinates":[26.094969,44.437802]},"properties":{"line":"311","mode":"bus","color":"#0059a9","colorDark":"#00294f","band":2,"off":[1.7,1.1]}},{"type":"Feature","geometry":{"type":"Point","coordinates":[26.176953,44.475906]},"properties":{"name":"Dragonul Roșu","band":2,"modes":"bus","arr":["182"],"off":[0,-0.8]}},{"type":"Feature","geometry":{"type":"Point","coordinates":[26.176953,44.475906]},"properties":{"line":"182","mode":"bus","color":"#0059a9","colorDark":"#00294f","band":2,"off":[0,1.1]}},{"type":"Feature","geometry":{"type":"Point","coordinates":[26.155423,44.462967]},"properties":{"name":"Institutul Oncologic","band":2,"modes":"bus","arr":["N103"],"off":[0,-0.8]}},{"type":"Feature","geometry":{"type":"Point","coordinates":[26.155423,44.462967]},"properties":{"line":"N103","mode":"bus","color":"#000000","colorDark":"#000000","band":2,"off":[0,1.1]}},{"type":"Feature","geometry":{"type":"Point","coordinates":[26.045803,44.414915]},"properties":{"name":"Ghencea","band":2,"modes":"tram,bus","arr":["10","41","185","422","423","425","425B","426","427","428","484","610"],"off":[0,-0.8]}},{"type":"Feature","geometry":{"type":"Point","coordinates":[26.045803,44.414915]},"properties":{"line":"10","mode":"tram","color":"#d6212b","colorDark":"#7c1116","band":2,"off":[-6.8,1.1]}},{"type":"Feature","geometry":{"type":"Point","coordinates":[26.045803,44.414915]},"properties":{"line":"41","mode":"tram","color":"#d6212b","colorDark":"#7c1116","band":2,"off":[-3.4,1.1]}},{"type":"Feature","geometry":{"type":"Point","coordinates":[26.045803,44.414915]},"properties":{"line":"185","mode":"bus","color":"#0059a9","colorDark":"#00294f","band":2,"off":[0,1.1]}},{"type":"Feature","geometry":{"type":"Point","coordinates":[26.045803,44.414915]},"properties":{"line":"422","mode":"bus","color":"#0059a9","colorDark":"#00294f","band":2,"off":[3.4,1.1]}},{"type":"Feature","geometry":{"type":"Point","coordinates":[26.045803,44.414915]},"properties":{"line":"423","mode":"bus","color":"#0059a9","colorDark":"#00294f","band":2,"off":[6.8,1.1]}},{"type":"Feature","geometry":{"type":"Point","coordinates":[26.045803,44.414915]},"properties":{"line":"425","mode":"bus","color":"#0059a9","colorDark":"#00294f","band":2,"off":[-6.8,3.1]}},{"type":"Feature","geometry":{"type":"Point","coordinates":[26.045803,44.414915]},"properties":{"line":"425B","mode":"bus","color":"#0059a9","colorDark":"#00294f","band":2,"off":[-3.4,3.1]}},{"type":"Feature","geometry":{"type":"Point","coordinates":[26.045803,44.414915]},"properties":{"line":"426","mode":"bus","color":"#0059a9","colorDark":"#00294f","band":2,"off":[0,3.1]}},{"type":"Feature","geometry":{"type":"Point","coordinates":[26.045803,44.414915]},"properties":{"line":"427","mode":"bus","color":"#0059a9","colorDark":"#00294f","band":2,"off":[3.4,3.1]}},{"type":"Feature","geometry":{"type":"Point","coordinates":[26.045803,44.414915]},"properties":{"line":"428","mode":"bus","color":"#0059a9","colorDark":"#00294f","band":2,"off":[6.8,3.1]}},{"type":"Feature","geometry":{"type":"Point","coordinates":[26.045803,44.414915]},"properties":{"line":"484","mode":"bus","color":"#0059a9","colorDark":"#00294f","band":2,"off":[-1.7,5.1]}},{"type":"Feature","geometry":{"type":"Point","coordinates":[26.045803,44.414915]},"properties":{"line":"610","mode":"bus","color":"#0059a9","colorDark":"#00294f","band":2,"off":[1.7,5.1]}},{"type":"Feature","geometry":{"type":"Point","coordinates":[26.0215,44.403975]},"properties":{"name":"Cimitirul Ghencea 3","band":2,"modes":"bus","arr":["185"],"off":[0,-0.8]}},{"type":"Feature","geometry":{"type":"Point","coordinates":[26.0215,44.403975]},"properties":{"line":"185","mode":"bus","color":"#0059a9","colorDark":"#00294f","band":2,"off":[0,1.1]}},{"type":"Feature","geometry":{"type":"Point","coordinates":[26.081136,44.496195]},"properties":{"name":"Aeroport Băneasa","band":2,"modes":"bus","arr":["196"],"off":[0,-0.8]}},{"type":"Feature","geometry":{"type":"Point","coordinates":[26.081136,44.496195]},"properties":{"line":"196","mode":"bus","color":"#0059a9","colorDark":"#00294f","band":2,"off":[0,1.1]}},{"type":"Feature","geometry":{"type":"Point","coordinates":[26.092421,44.41536]},"properties":{"name":"Autogara Filaret","band":2,"modes":"bus","arr":["196"],"off":[0,-0.8]}},{"type":"Feature","geometry":{"type":"Point","coordinates":[26.092421,44.41536]},"properties":{"line":"196","mode":"bus","color":"#0059a9","colorDark":"#00294f","band":2,"off":[0,1.1]}},{"type":"Feature","geometry":{"type":"Point","coordinates":[26.094873,44.53807]},"properties":{"name":"Cartier Greenfield","band":2,"modes":"bus","arr":["203"],"off":[0,-0.8]}},{"type":"Feature","geometry":{"type":"Point","coordinates":[26.094873,44.53807]},"properties":{"line":"203","mode":"bus","color":"#0059a9","colorDark":"#00294f","band":2,"off":[0,1.1]}},{"type":"Feature","geometry":{"type":"Point","coordinates":[26.084405,44.454842]},"properties":{"name":"Piața Victoriei","band":2,"modes":"bus","arr":["203"],"off":[0,-0.8]}},{"type":"Feature","geometry":{"type":"Point","coordinates":[26.084405,44.454842]},"properties":{"line":"203","mode":"bus","color":"#0059a9","colorDark":"#00294f","band":2,"off":[0,1.1]}},{"type":"Feature","geometry":{"type":"Point","coordinates":[26.064835,44.406747]},"properties":{"name":"Piața Rahova","band":2,"modes":"bus","arr":["220"],"off":[0,-0.8]}},{"type":"Feature","geometry":{"type":"Point","coordinates":[26.064835,44.406747]},"properties":{"line":"220","mode":"bus","color":"#0059a9","colorDark":"#00294f","band":2,"off":[0,1.1]}},{"type":"Feature","geometry":{"type":"Point","coordinates":[26.113813,44.416466]},"properties":{"name":"Univ. Creștină Dimitrie Cantemir","band":2,"modes":"bus","arr":["223"],"off":[0,-0.8]}},{"type":"Feature","geometry":{"type":"Point","coordinates":[26.113813,44.416466]},"properties":{"line":"223","mode":"bus","color":"#0059a9","colorDark":"#00294f","band":2,"off":[0,1.1]}},{"type":"Feature","geometry":{"type":"Point","coordinates":[26.218552,44.395888]},"properties":{"name":"Pasarela","band":2,"modes":"bus","arr":["223"],"off":[0,-0.8]}},{"type":"Feature","geometry":{"type":"Point","coordinates":[26.218552,44.395888]},"properties":{"line":"223","mode":"bus","color":"#0059a9","colorDark":"#00294f","band":2,"off":[0,1.1]}},{"type":"Feature","geometry":{"type":"Point","coordinates":[26.113073,44.363484]},"properties":{"name":"Biserica Sfinții Brâncoveni","band":2,"modes":"bus","arr":["241"],"off":[0,-0.8]}},{"type":"Feature","geometry":{"type":"Point","coordinates":[26.113073,44.363484]},"properties":{"line":"241","mode":"bus","color":"#0059a9","colorDark":"#00294f","band":2,"off":[0,1.1]}},{"type":"Feature","geometry":{"type":"Point","coordinates":[26.131806,44.462921]},"properties":{"name":"Șoseaua Colentina","band":2,"modes":"bus","arr":["290"],"off":[0,-0.8]}},{"type":"Feature","geometry":{"type":"Point","coordinates":[26.131806,44.462921]},"properties":{"line":"290","mode":"bus","color":"#0059a9","colorDark":"#00294f","band":2,"off":[0,1.1]}},{"type":"Feature","geometry":{"type":"Point","coordinates":[26.127674,44.465359]},"properties":{"name":"Bd. Lacul Tei","band":2,"modes":"bus","arr":["243"],"off":[0,-0.8]}},{"type":"Feature","geometry":{"type":"Point","coordinates":[26.127674,44.465359]},"properties":{"line":"243","mode":"bus","color":"#0059a9","colorDark":"#00294f","band":2,"off":[0,1.1]}},{"type":"Feature","geometry":{"type":"Point","coordinates":[26.195382,44.40721]},"properties":{"name":"M Nicolae Teclu","band":2,"modes":"bus","arr":["246","405","408","472","480","627"],"off":[0,-0.8]}},{"type":"Feature","geometry":{"type":"Point","coordinates":[26.195382,44.40721]},"properties":{"line":"246","mode":"bus","color":"#0059a9","colorDark":"#00294f","band":2,"off":[-6.8,1.1]}},{"type":"Feature","geometry":{"type":"Point","coordinates":[26.195382,44.40721]},"properties":{"line":"405","mode":"bus","color":"#0059a9","colorDark":"#00294f","band":2,"off":[-3.4,1.1]}},{"type":"Feature","geometry":{"type":"Point","coordinates":[26.195382,44.40721]},"properties":{"line":"408","mode":"bus","color":"#0059a9","colorDark":"#00294f","band":2,"off":[0,1.1]}},{"type":"Feature","geometry":{"type":"Point","coordinates":[26.195382,44.40721]},"properties":{"line":"472","mode":"bus","color":"#0059a9","colorDark":"#00294f","band":2,"off":[3.4,1.1]}},{"type":"Feature","geometry":{"type":"Point","coordinates":[26.195382,44.40721]},"properties":{"line":"480","mode":"bus","color":"#0059a9","colorDark":"#00294f","band":2,"off":[6.8,1.1]}},{"type":"Feature","geometry":{"type":"Point","coordinates":[26.195382,44.40721]},"properties":{"line":"627","mode":"bus","color":"#0059a9","colorDark":"#00294f","band":2,"off":[0,3.1]}},{"type":"Feature","geometry":{"type":"Point","coordinates":[26.200912,44.406178]},"properties":{"name":"Complex Titan","band":2,"modes":"bus","arr":["N111"],"off":[0,-0.8]}},{"type":"Feature","geometry":{"type":"Point","coordinates":[26.200912,44.406178]},"properties":{"line":"N111","mode":"bus","color":"#000000","colorDark":"#000000","band":2,"off":[0,1.1]}},{"type":"Feature","geometry":{"type":"Point","coordinates":[26.193718,44.422966]},"properties":{"name":"Parcul Teilor","band":2,"modes":"bus","arr":["253","330","N104"],"off":[0,-0.8]}},{"type":"Feature","geometry":{"type":"Point","coordinates":[26.193718,44.422966]},"properties":{"line":"253","mode":"bus","color":"#0059a9","colorDark":"#00294f","band":2,"off":[-3.4,1.1]}},{"type":"Feature","geometry":{"type":"Point","coordinates":[26.193718,44.422966]},"properties":{"line":"330","mode":"bus","color":"#0059a9","colorDark":"#00294f","band":2,"off":[0,1.1]}},{"type":"Feature","geometry":{"type":"Point","coordinates":[26.193718,44.422966]},"properties":{"line":"N104","mode":"bus","color":"#000000","colorDark":"#000000","band":2,"off":[3.4,1.1]}},{"type":"Feature","geometry":{"type":"Point","coordinates":[26.148218,44.464363]},"properties":{"name":"Șoseaua Fundeni","band":2,"modes":"bus","arr":["282","N120"],"off":[0,-0.8]}},{"type":"Feature","geometry":{"type":"Point","coordinates":[26.148218,44.464363]},"properties":{"line":"282","mode":"bus","color":"#0059a9","colorDark":"#00294f","band":2,"off":[-1.7,1.1]}},{"type":"Feature","geometry":{"type":"Point","coordinates":[26.148218,44.464363]},"properties":{"line":"N120","mode":"bus","color":"#000000","colorDark":"#000000","band":2,"off":[1.7,1.1]}},{"type":"Feature","geometry":{"type":"Point","coordinates":[26.085992,44.508092]},"properties":{"name":"Complex Băneasa","band":2,"modes":"bus","arr":["290","335","435","450","473","N119"],"off":[0,-0.8]}},{"type":"Feature","geometry":{"type":"Point","coordinates":[26.085992,44.508092]},"properties":{"line":"290","mode":"bus","color":"#0059a9","colorDark":"#00294f","band":2,"off":[-6.8,1.1]}},{"type":"Feature","geometry":{"type":"Point","coordinates":[26.085992,44.508092]},"properties":{"line":"335","mode":"bus","color":"#0059a9","colorDark":"#00294f","band":2,"off":[-3.4,1.1]}},{"type":"Feature","geometry":{"type":"Point","coordinates":[26.085992,44.508092]},"properties":{"line":"435","mode":"bus","color":"#0059a9","colorDark":"#00294f","band":2,"off":[0,1.1]}},{"type":"Feature","geometry":{"type":"Point","coordinates":[26.085992,44.508092]},"properties":{"line":"450","mode":"bus","color":"#0059a9","colorDark":"#00294f","band":2,"off":[3.4,1.1]}},{"type":"Feature","geometry":{"type":"Point","coordinates":[26.085992,44.508092]},"properties":{"line":"473","mode":"bus","color":"#0059a9","colorDark":"#00294f","band":2,"off":[6.8,1.1]}},{"type":"Feature","geometry":{"type":"Point","coordinates":[26.085992,44.508092]},"properties":{"line":"N119","mode":"bus","color":"#000000","colorDark":"#000000","band":2,"off":[0,3.1]}},{"type":"Feature","geometry":{"type":"Point","coordinates":[26.142701,44.534744]},"properties":{"name":"Pasaj CFR Tunari","band":2,"modes":"bus","arr":["301"],"off":[0,-0.8]}},{"type":"Feature","geometry":{"type":"Point","coordinates":[26.142701,44.534744]},"properties":{"line":"301","mode":"bus","color":"#0059a9","colorDark":"#00294f","band":2,"off":[0,1.1]}},{"type":"Feature","geometry":{"type":"Point","coordinates":[26.142005,44.550082]},"properties":{"name":"Tunari","band":2,"modes":"bus","arr":["301B"],"off":[0,-0.8]}},{"type":"Feature","geometry":{"type":"Point","coordinates":[26.142005,44.550082]},"properties":{"line":"301B","mode":"bus","color":"#0059a9","colorDark":"#00294f","band":2,"off":[0,1.1]}},{"type":"Feature","geometry":{"type":"Point","coordinates":[26.138864,44.419785]},"properties":{"name":"Dristorului","band":2,"modes":"bus","arr":["330","627"],"off":[0,-0.8]}},{"type":"Feature","geometry":{"type":"Point","coordinates":[26.138864,44.419785]},"properties":{"line":"330","mode":"bus","color":"#0059a9","colorDark":"#00294f","band":2,"off":[-1.7,1.1]}},{"type":"Feature","geometry":{"type":"Point","coordinates":[26.138864,44.419785]},"properties":{"line":"627","mode":"bus","color":"#0059a9","colorDark":"#00294f","band":2,"off":[1.7,1.1]}},{"type":"Feature","geometry":{"type":"Point","coordinates":[26.051457,44.488246]},"properties":{"name":"Cartier Dămăroaia","band":2,"modes":"bus","arr":["331"],"off":[0,-0.8]}},{"type":"Feature","geometry":{"type":"Point","coordinates":[26.051457,44.488246]},"properties":{"line":"331","mode":"bus","color":"#0059a9","colorDark":"#00294f","band":2,"off":[0,1.1]}},{"type":"Feature","geometry":{"type":"Point","coordinates":[26.062245,44.490688]},"properties":{"name":"Petrom City","band":2,"modes":"bus","arr":["331B"],"off":[0,-0.8]}},{"type":"Feature","geometry":{"type":"Point","coordinates":[26.062245,44.490688]},"properties":{"line":"331B","mode":"bus","color":"#0059a9","colorDark":"#00294f","band":2,"off":[0,1.1]}},{"type":"Feature","geometry":{"type":"Point","coordinates":[26.176185,44.470448]},"properties":{"name":"Fundeni","band":2,"modes":"bus","arr":["343"],"off":[0,-0.8]}},{"type":"Feature","geometry":{"type":"Point","coordinates":[26.176185,44.470448]},"properties":{"line":"343","mode":"bus","color":"#0059a9","colorDark":"#00294f","band":2,"off":[0,1.1]}},{"type":"Feature","geometry":{"type":"Point","coordinates":[26.097353,44.497582]},"properties":{"name":"Cartier Henri Coandă","band":2,"modes":"bus","arr":["343"],"off":[0,-0.8]}},{"type":"Feature","geometry":{"type":"Point","coordinates":[26.097353,44.497582]},"properties":{"line":"343","mode":"bus","color":"#0059a9","colorDark":"#00294f","band":2,"off":[0,1.1]}},{"type":"Feature","geometry":{"type":"Point","coordinates":[26.147529,44.48163]},"properties":{"name":"Escalei","band":2,"modes":"bus","arr":["382"],"off":[0,-0.8]}},{"type":"Feature","geometry":{"type":"Point","coordinates":[26.147529,44.48163]},"properties":{"line":"382","mode":"bus","color":"#0059a9","colorDark":"#00294f","band":2,"off":[0,1.1]}},{"type":"Feature","geometry":{"type":"Point","coordinates":[26.125219,44.549023]},"properties":{"name":"Tunari (1 Decembrie)","band":2,"modes":"bus","arr":["459"],"off":[0,-0.8]}},{"type":"Feature","geometry":{"type":"Point","coordinates":[26.125219,44.549023]},"properties":{"line":"459","mode":"bus","color":"#0059a9","colorDark":"#00294f","band":2,"off":[0,1.1]}},{"type":"Feature","geometry":{"type":"Point","coordinates":[26.353751,44.424339]},"properties":{"name":"Vadu Anei","band":2,"modes":"bus","arr":["403"],"off":[0,-0.8]}},{"type":"Feature","geometry":{"type":"Point","coordinates":[26.353751,44.424339]},"properties":{"line":"403","mode":"bus","color":"#0059a9","colorDark":"#00294f","band":2,"off":[0,1.1]}},{"type":"Feature","geometry":{"type":"Point","coordinates":[26.349513,44.445026]},"properties":{"name":"Brănești","band":2,"modes":"bus","arr":["458"],"off":[0,-0.8]}},{"type":"Feature","geometry":{"type":"Point","coordinates":[26.349513,44.445026]},"properties":{"line":"458","mode":"bus","color":"#0059a9","colorDark":"#00294f","band":2,"off":[0,1.1]}},{"type":"Feature","geometry":{"type":"Point","coordinates":[26.290014,44.392616]},"properties":{"name":"Spital Bălăceanca","band":2,"modes":"bus","arr":["405"],"off":[0,-0.8]}},{"type":"Feature","geometry":{"type":"Point","coordinates":[26.290014,44.392616]},"properties":{"line":"405","mode":"bus","color":"#0059a9","colorDark":"#00294f","band":2,"off":[0,1.1]}},{"type":"Feature","geometry":{"type":"Point","coordinates":[26.315281,44.371368]},"properties":{"name":"Sat Poșta","band":2,"modes":"bus","arr":["407"],"off":[0,-0.8]}},{"type":"Feature","geometry":{"type":"Point","coordinates":[26.315281,44.371368]},"properties":{"line":"407","mode":"bus","color":"#0059a9","colorDark":"#00294f","band":2,"off":[0,1.1]}},{"type":"Feature","geometry":{"type":"Point","coordinates":[26.24799,44.403277]},"properties":{"name":"Manolache","band":2,"modes":"bus","arr":["408"],"off":[0,-0.8]}},{"type":"Feature","geometry":{"type":"Point","coordinates":[26.24799,44.403277]},"properties":{"line":"408","mode":"bus","color":"#0059a9","colorDark":"#00294f","band":2,"off":[0,1.1]}},{"type":"Feature","geometry":{"type":"Point","coordinates":[26.218866,44.606725]},"properties":{"name":"Crizantemelor","band":2,"modes":"bus","arr":["409B"],"off":[0,-0.8]}},{"type":"Feature","geometry":{"type":"Point","coordinates":[26.218866,44.606725]},"properties":{"line":"409B","mode":"bus","color":"#0059a9","colorDark":"#00294f","band":2,"off":[0,1.1]}},{"type":"Feature","geometry":{"type":"Point","coordinates":[26.30936,44.741376]},"properties":{"name":"Merii Petchii Sosiri","band":2,"modes":"bus","arr":["409"],"off":[0,-0.8]}},{"type":"Feature","geometry":{"type":"Point","coordinates":[26.30936,44.741376]},"properties":{"name":"Merii Petchii","band":2,"modes":"bus","arr":["409"],"off":[0,-3]}},{"type":"Feature","geometry":{"type":"Point","coordinates":[26.30936,44.741376]},"properties":{"line":"409","mode":"bus","color":"#0059a9","colorDark":"#00294f","band":2,"off":[0,1.1]}},{"type":"Feature","geometry":{"type":"Point","coordinates":[26.243629,44.602365]},"properties":{"name":"Gagu","band":2,"modes":"bus","arr":["411","468"],"off":[0,-0.8]}},{"type":"Feature","geometry":{"type":"Point","coordinates":[26.243629,44.602365]},"properties":{"line":"411","mode":"bus","color":"#0059a9","colorDark":"#00294f","band":2,"off":[-1.7,1.1]}},{"type":"Feature","geometry":{"type":"Point","coordinates":[26.243629,44.602365]},"properties":{"line":"468","mode":"bus","color":"#0059a9","colorDark":"#00294f","band":2,"off":[1.7,1.1]}},{"type":"Feature","geometry":{"type":"Point","coordinates":[26.360723,44.573215]},"properties":{"name":"Măineasca","band":2,"modes":"bus","arr":["412"],"off":[0,-0.8]}},{"type":"Feature","geometry":{"type":"Point","coordinates":[26.360723,44.573215]},"properties":{"line":"412","mode":"bus","color":"#0059a9","colorDark":"#00294f","band":2,"off":[0,1.1]}},{"type":"Feature","geometry":{"type":"Point","coordinates":[26.335711,44.503075]},"properties":{"name":"Piteasca","band":2,"modes":"bus","arr":["413","417","457"],"off":[0,-0.8]}},{"type":"Feature","geometry":{"type":"Point","coordinates":[26.335711,44.503075]},"properties":{"line":"413","mode":"bus","color":"#0059a9","colorDark":"#00294f","band":2,"off":[-3.4,1.1]}},{"type":"Feature","geometry":{"type":"Point","coordinates":[26.335711,44.503075]},"properties":{"line":"417","mode":"bus","color":"#0059a9","colorDark":"#00294f","band":2,"off":[0,1.1]}},{"type":"Feature","geometry":{"type":"Point","coordinates":[26.335711,44.503075]},"properties":{"line":"457","mode":"bus","color":"#0059a9","colorDark":"#00294f","band":2,"off":[3.4,1.1]}},{"type":"Feature","geometry":{"type":"Point","coordinates":[26.115943,44.480665]},"properties":{"name":"Pipera","band":2,"modes":"bus,metro","arr":["416","450","488","M2"],"off":[0,-0.8]}},{"type":"Feature","geometry":{"type":"Point","coordinates":[26.115943,44.480665]},"properties":{"name":"M Pipera","band":2,"modes":"bus,metro","arr":["416","450","488","M2"],"off":[0,-1.9]}},{"type":"Feature","geometry":{"type":"Point","coordinates":[26.115943,44.480665]},"properties":{"line":"416","mode":"bus","color":"#0059a9","colorDark":"#00294f","band":2,"off":[-5.1,1.1]}},{"type":"Feature","geometry":{"type":"Point","coordinates":[26.115943,44.480665]},"properties":{"line":"450","mode":"bus","color":"#0059a9","colorDark":"#00294f","band":2,"off":[-1.7,1.1]}},{"type":"Feature","geometry":{"type":"Point","coordinates":[26.115943,44.480665]},"properties":{"line":"488","mode":"bus","color":"#0059a9","colorDark":"#00294f","band":2,"off":[1.7,1.1]}},{"type":"Feature","geometry":{"type":"Point","coordinates":[26.115943,44.480665]},"properties":{"line":"M2","mode":"tram","color":"#495676","colorDark":"#282f41","band":2,"metro":1,"off":[5.1,1.1]}},{"type":"Feature","geometry":{"type":"Point","coordinates":[26.186424,44.480592]},"properties":{"name":"Strada Gării Pantelimon","band":2,"modes":"bus","arr":["416","473"],"off":[0,-0.8]}},{"type":"Feature","geometry":{"type":"Point","coordinates":[26.186424,44.480592]},"properties":{"line":"416","mode":"bus","color":"#0059a9","colorDark":"#00294f","band":2,"off":[-1.7,1.1]}},{"type":"Feature","geometry":{"type":"Point","coordinates":[26.186424,44.480592]},"properties":{"line":"473","mode":"bus","color":"#0059a9","colorDark":"#00294f","band":2,"off":[1.7,1.1]}},{"type":"Feature","geometry":{"type":"Point","coordinates":[26.11838,44.265427]},"properties":{"name":"Copăceni","band":2,"modes":"bus","arr":["418"],"off":[0,-0.8]}},{"type":"Feature","geometry":{"type":"Point","coordinates":[26.11838,44.265427]},"properties":{"line":"418","mode":"bus","color":"#0059a9","colorDark":"#00294f","band":2,"off":[0,1.1]}},{"type":"Feature","geometry":{"type":"Point","coordinates":[26.104985,44.343034]},"properties":{"name":"Bumbăcăria Jilava","band":2,"modes":"bus","arr":["419"],"off":[0,-0.8]}},{"type":"Feature","geometry":{"type":"Point","coordinates":[26.104985,44.343034]},"properties":{"line":"419","mode":"bus","color":"#0059a9","colorDark":"#00294f","band":2,"off":[0,1.1]}},{"type":"Feature","geometry":{"type":"Point","coordinates":[25.952908,44.330297]},"properties":{"name":"Cornetu","band":2,"modes":"bus","arr":["421"],"off":[0,-0.8]}},{"type":"Feature","geometry":{"type":"Point","coordinates":[25.952908,44.330297]},"properties":{"line":"421","mode":"bus","color":"#0059a9","colorDark":"#00294f","band":2,"off":[0,1.1]}},{"type":"Feature","geometry":{"type":"Point","coordinates":[25.877664,44.414136]},"properties":{"name":"Dârvari","band":2,"modes":"bus","arr":["422","431"],"off":[0,-0.8]}},{"type":"Feature","geometry":{"type":"Point","coordinates":[25.877664,44.414136]},"properties":{"line":"422","mode":"bus","color":"#0059a9","colorDark":"#00294f","band":2,"off":[-1.7,1.1]}},{"type":"Feature","geometry":{"type":"Point","coordinates":[25.877664,44.414136]},"properties":{"line":"431","mode":"bus","color":"#0059a9","colorDark":"#00294f","band":2,"off":[1.7,1.1]}},{"type":"Feature","geometry":{"type":"Point","coordinates":[25.870102,44.379336]},"properties":{"name":"Țegheș","band":2,"modes":"bus","arr":["423"],"off":[0,-0.8]}},{"type":"Feature","geometry":{"type":"Point","coordinates":[25.870102,44.379336]},"properties":{"line":"423","mode":"bus","color":"#0059a9","colorDark":"#00294f","band":2,"off":[0,1.1]}},{"type":"Feature","geometry":{"type":"Point","coordinates":[25.938284,44.37634]},"properties":{"name":"Clinceni","band":2,"modes":"bus","arr":["424","425B"],"off":[0,-0.8]}},{"type":"Feature","geometry":{"type":"Point","coordinates":[25.938284,44.37634]},"properties":{"line":"424","mode":"bus","color":"#0059a9","colorDark":"#00294f","band":2,"off":[-1.7,1.1]}},{"type":"Feature","geometry":{"type":"Point","coordinates":[25.938284,44.37634]},"properties":{"line":"425B","mode":"bus","color":"#0059a9","colorDark":"#00294f","band":2,"off":[1.7,1.1]}},{"type":"Feature","geometry":{"type":"Point","coordinates":[25.88365,44.36044]},"properties":{"name":"Ordoreanu","band":2,"modes":"bus","arr":["425"],"off":[0,-0.8]}},{"type":"Feature","geometry":{"type":"Point","coordinates":[25.88365,44.36044]},"properties":{"line":"425","mode":"bus","color":"#0059a9","colorDark":"#00294f","band":2,"off":[0,1.1]}},{"type":"Feature","geometry":{"type":"Point","coordinates":[25.886612,44.361169]},"properties":{"name":"Ordoreanu","band":2,"modes":"bus","arr":["425"],"off":[0,-0.8]}},{"type":"Feature","geometry":{"type":"Point","coordinates":[25.886612,44.361169]},"properties":{"line":"425","mode":"bus","color":"#0059a9","colorDark":"#00294f","band":2,"off":[0,1.1]}},{"type":"Feature","geometry":{"type":"Point","coordinates":[25.989116,44.329691]},"properties":{"name":"Pruni","band":2,"modes":"bus","arr":["426"],"off":[0,-0.8]}},{"type":"Feature","geometry":{"type":"Point","coordinates":[25.989116,44.329691]},"properties":{"line":"426","mode":"bus","color":"#0059a9","colorDark":"#00294f","band":2,"off":[0,1.1]}},{"type":"Feature","geometry":{"type":"Point","coordinates":[26.028043,44.307343]},"properties":{"name":"Dărăști","band":2,"modes":"bus","arr":["427"],"off":[0,-0.8]}},{"type":"Feature","geometry":{"type":"Point","coordinates":[26.028043,44.307343]},"properties":{"line":"427","mode":"bus","color":"#0059a9","colorDark":"#00294f","band":2,"off":[0,1.1]}},{"type":"Feature","geometry":{"type":"Point","coordinates":[25.981305,44.508641]},"properties":{"name":"Primăria Chitila","band":2,"modes":"bus","arr":["462","466"],"off":[0,-0.8]}},{"type":"Feature","geometry":{"type":"Point","coordinates":[25.981305,44.508641]},"properties":{"line":"462","mode":"bus","color":"#0059a9","colorDark":"#00294f","band":2,"off":[-1.7,1.1]}},{"type":"Feature","geometry":{"type":"Point","coordinates":[25.981305,44.508641]},"properties":{"line":"466","mode":"bus","color":"#0059a9","colorDark":"#00294f","band":2,"off":[1.7,1.1]}},{"type":"Feature","geometry":{"type":"Point","coordinates":[25.970651,44.515303]},"properties":{"name":"Pasaj Cfr Chitila","band":2,"modes":"bus","arr":["429","435","476"],"off":[0,-0.8]}},{"type":"Feature","geometry":{"type":"Point","coordinates":[25.970651,44.515303]},"properties":{"line":"429","mode":"bus","color":"#0059a9","colorDark":"#00294f","band":2,"off":[-3.4,1.1]}},{"type":"Feature","geometry":{"type":"Point","coordinates":[25.970651,44.515303]},"properties":{"line":"435","mode":"bus","color":"#0059a9","colorDark":"#00294f","band":2,"off":[0,1.1]}},{"type":"Feature","geometry":{"type":"Point","coordinates":[25.970651,44.515303]},"properties":{"line":"476","mode":"bus","color":"#0059a9","colorDark":"#00294f","band":2,"off":[3.4,1.1]}},{"type":"Feature","geometry":{"type":"Point","coordinates":[25.909742,44.493602]},"properties":{"name":"Zurbaua","band":2,"modes":"bus","arr":["432"],"off":[0,-0.8]}},{"type":"Feature","geometry":{"type":"Point","coordinates":[25.909742,44.493602]},"properties":{"line":"432","mode":"bus","color":"#0059a9","colorDark":"#00294f","band":2,"off":[0,1.1]}},{"type":"Feature","geometry":{"type":"Point","coordinates":[25.912239,44.472357]},"properties":{"name":"Dragomirești Deal","band":2,"modes":"bus","arr":["433"],"off":[0,-0.8]}},{"type":"Feature","geometry":{"type":"Point","coordinates":[25.912239,44.472357]},"properties":{"line":"433","mode":"bus","color":"#0059a9","colorDark":"#00294f","band":2,"off":[0,1.1]}},{"type":"Feature","geometry":{"type":"Point","coordinates":[25.97254,44.441486]},"properties":{"name":"Chiajna-Stelelor","band":2,"modes":"bus","arr":["434","483"],"off":[0,-0.8]}},{"type":"Feature","geometry":{"type":"Point","coordinates":[25.97254,44.441486]},"properties":{"line":"434","mode":"bus","color":"#0059a9","colorDark":"#00294f","band":2,"off":[-1.7,1.1]}},{"type":"Feature","geometry":{"type":"Point","coordinates":[25.97254,44.441486]},"properties":{"line":"483","mode":"bus","color":"#0059a9","colorDark":"#00294f","band":2,"off":[1.7,1.1]}},{"type":"Feature","geometry":{"type":"Point","coordinates":[26.033671,44.43433]},"properties":{"name":"M Lujerului","band":2,"modes":"bus","arr":["434","483"],"off":[0,-0.8]}},{"type":"Feature","geometry":{"type":"Point","coordinates":[26.033671,44.43433]},"properties":{"line":"434","mode":"bus","color":"#0059a9","colorDark":"#00294f","band":2,"off":[-1.7,1.1]}},{"type":"Feature","geometry":{"type":"Point","coordinates":[26.033671,44.43433]},"properties":{"line":"483","mode":"bus","color":"#0059a9","colorDark":"#00294f","band":2,"off":[1.7,1.1]}},{"type":"Feature","geometry":{"type":"Point","coordinates":[25.94096,44.575587]},"properties":{"name":"Oraș Buftea","band":2,"modes":"bus","arr":["436"],"off":[0,-0.8]}},{"type":"Feature","geometry":{"type":"Point","coordinates":[25.94096,44.575587]},"properties":{"line":"436","mode":"bus","color":"#0059a9","colorDark":"#00294f","band":2,"off":[0,1.1]}},{"type":"Feature","geometry":{"type":"Point","coordinates":[26.188984,44.259428]},"properties":{"name":"Vidra","band":2,"modes":"bus","arr":["438"],"off":[0,-0.8]}},{"type":"Feature","geometry":{"type":"Point","coordinates":[26.188984,44.259428]},"properties":{"line":"438","mode":"bus","color":"#0059a9","colorDark":"#00294f","band":2,"off":[0,1.1]}},{"type":"Feature","geometry":{"type":"Point","coordinates":[26.195781,44.367136]},"properties":{"name":"Danubiana","band":2,"modes":"bus","arr":["439"],"off":[0,-0.8]}},{"type":"Feature","geometry":{"type":"Point","coordinates":[26.195781,44.367136]},"properties":{"line":"439","mode":"bus","color":"#0059a9","colorDark":"#00294f","band":2,"off":[0,1.1]}},{"type":"Feature","geometry":{"type":"Point","coordinates":[26.221789,44.378706]},"properties":{"name":"Leordeni","band":2,"modes":"bus","arr":["440"],"off":[0,-0.8]}},{"type":"Feature","geometry":{"type":"Point","coordinates":[26.221789,44.378706]},"properties":{"line":"440","mode":"bus","color":"#0059a9","colorDark":"#00294f","band":2,"off":[0,1.1]}},{"type":"Feature","geometry":{"type":"Point","coordinates":[26.014985,44.614253]},"properties":{"name":"Ostratu","band":2,"modes":"bus","arr":["441"],"off":[0,-0.8]}},{"type":"Feature","geometry":{"type":"Point","coordinates":[26.014985,44.614253]},"properties":{"line":"441","mode":"bus","color":"#0059a9","colorDark":"#00294f","band":2,"off":[0,1.1]}},{"type":"Feature","geometry":{"type":"Point","coordinates":[25.998536,44.577751]},"properties":{"name":"Tamași","band":2,"modes":"bus","arr":["441B"],"off":[0,-0.8]}},{"type":"Feature","geometry":{"type":"Point","coordinates":[25.998536,44.577751]},"properties":{"line":"441B","mode":"bus","color":"#0059a9","colorDark":"#00294f","band":2,"off":[0,1.1]}},{"type":"Feature","geometry":{"type":"Point","coordinates":[26.087139,44.606075]},"properties":{"name":"Therme București","band":2,"modes":"bus","arr":["442"],"off":[0,-0.8]}},{"type":"Feature","geometry":{"type":"Point","coordinates":[26.087139,44.606075]},"properties":{"line":"442","mode":"bus","color":"#0059a9","colorDark":"#00294f","band":2,"off":[0,1.1]}},{"type":"Feature","geometry":{"type":"Point","coordinates":[25.997377,44.677974]},"properties":{"name":"Periș","band":2,"modes":"bus","arr":["443"],"off":[0,-0.8]}},{"type":"Feature","geometry":{"type":"Point","coordinates":[25.997377,44.677974]},"properties":{"line":"443","mode":"bus","color":"#0059a9","colorDark":"#00294f","band":2,"off":[0,1.1]}},{"type":"Feature","geometry":{"type":"Point","coordinates":[25.976546,44.687678]},"properties":{"name":"Periș Sat","band":2,"modes":"bus","arr":["443B"],"off":[0,-0.8]}},{"type":"Feature","geometry":{"type":"Point","coordinates":[25.976546,44.687678]},"properties":{"line":"443B","mode":"bus","color":"#0059a9","colorDark":"#00294f","band":2,"off":[0,1.1]}},{"type":"Feature","geometry":{"type":"Point","coordinates":[26.071213,44.743572]},"properties":{"name":"Piscu","band":2,"modes":"bus","arr":["444"],"off":[0,-0.8]}},{"type":"Feature","geometry":{"type":"Point","coordinates":[26.071213,44.743572]},"properties":{"line":"444","mode":"bus","color":"#0059a9","colorDark":"#00294f","band":2,"off":[0,1.1]}},{"type":"Feature","geometry":{"type":"Point","coordinates":[26.273115,44.712182]},"properties":{"name":"Gruiu-Lipia","band":2,"modes":"bus","arr":["446","447"],"off":[0,-0.8]}},{"type":"Feature","geometry":{"type":"Point","coordinates":[26.273115,44.712182]},"properties":{"name":"Gruiu Lipia Urcare","band":2,"modes":"bus","arr":["446","447"],"off":[0,-1.9]}},{"type":"Feature","geometry":{"type":"Point","coordinates":[26.273115,44.712182]},"properties":{"line":"446","mode":"bus","color":"#0059a9","colorDark":"#00294f","band":2,"off":[-1.7,1.1]}},{"type":"Feature","geometry":{"type":"Point","coordinates":[26.273115,44.712182]},"properties":{"line":"447","mode":"bus","color":"#0059a9","colorDark":"#00294f","band":2,"off":[1.7,1.1]}},{"type":"Feature","geometry":{"type":"Point","coordinates":[26.359744,44.693384]},"properties":{"name":"Micșuneștii Mari","band":2,"modes":"bus","arr":["447B"],"off":[0,-0.8]}},{"type":"Feature","geometry":{"type":"Point","coordinates":[26.359744,44.693384]},"properties":{"line":"447B","mode":"bus","color":"#0059a9","colorDark":"#00294f","band":2,"off":[0,1.1]}},{"type":"Feature","geometry":{"type":"Point","coordinates":[26.231157,44.64512]},"properties":{"name":"Moara Vlăsiei","band":2,"modes":"bus","arr":["448"],"off":[0,-0.8]}},{"type":"Feature","geometry":{"type":"Point","coordinates":[26.231157,44.64512]},"properties":{"line":"448","mode":"bus","color":"#0059a9","colorDark":"#00294f","band":2,"off":[0,1.1]}},{"type":"Feature","geometry":{"type":"Point","coordinates":[26.101787,44.478947]},"properties":{"name":"M Aurel Vlaicu","band":2,"modes":"bus","arr":["449","459"],"off":[0,-0.8]}},{"type":"Feature","geometry":{"type":"Point","coordinates":[26.101787,44.478947]},"properties":{"line":"449","mode":"bus","color":"#0059a9","colorDark":"#00294f","band":2,"off":[-1.7,1.1]}},{"type":"Feature","geometry":{"type":"Point","coordinates":[26.101787,44.478947]},"properties":{"line":"459","mode":"bus","color":"#0059a9","colorDark":"#00294f","band":2,"off":[1.7,1.1]}},{"type":"Feature","geometry":{"type":"Point","coordinates":[26.115595,44.646383]},"properties":{"name":"Dumbrăveni Spital Sri","band":2,"modes":"bus","arr":["449"],"off":[0,-0.8]}},{"type":"Feature","geometry":{"type":"Point","coordinates":[26.115595,44.646383]},"properties":{"line":"449","mode":"bus","color":"#0059a9","colorDark":"#00294f","band":2,"off":[0,1.1]}},{"type":"Feature","geometry":{"type":"Point","coordinates":[26.320419,44.386177]},"properties":{"name":"Tânganu","band":2,"modes":"bus","arr":["451"],"off":[0,-0.8]}},{"type":"Feature","geometry":{"type":"Point","coordinates":[26.320419,44.386177]},"properties":{"line":"451","mode":"bus","color":"#0059a9","colorDark":"#00294f","band":2,"off":[0,1.1]}},{"type":"Feature","geometry":{"type":"Point","coordinates":[26.385727,44.457653]},"properties":{"name":"Islaz","band":2,"modes":"bus","arr":["452"],"off":[0,-0.8]}},{"type":"Feature","geometry":{"type":"Point","coordinates":[26.385727,44.457653]},"properties":{"line":"452","mode":"bus","color":"#0059a9","colorDark":"#00294f","band":2,"off":[0,1.1]}},{"type":"Feature","geometry":{"type":"Point","coordinates":[26.212125,44.464956]},"properties":{"name":"Ferma Pantelimon","band":2,"modes":"bus","arr":["454"],"off":[0,-0.8]}},{"type":"Feature","geometry":{"type":"Point","coordinates":[26.212125,44.464956]},"properties":{"line":"454","mode":"bus","color":"#0059a9","colorDark":"#00294f","band":2,"off":[0,1.1]}},{"type":"Feature","geometry":{"type":"Point","coordinates":[26.18538,44.459147]},"properties":{"name":"Victor Dumitrescu","band":2,"modes":"bus","arr":["455"],"off":[0,-0.8]}},{"type":"Feature","geometry":{"type":"Point","coordinates":[26.18538,44.459147]},"properties":{"line":"455","mode":"bus","color":"#0059a9","colorDark":"#00294f","band":2,"off":[0,1.1]}},{"type":"Feature","geometry":{"type":"Point","coordinates":[25.936698,44.573519]},"properties":{"name":"Studiourile Buftea","band":2,"modes":"bus","arr":["462","466"],"off":[0,-0.8]}},{"type":"Feature","geometry":{"type":"Point","coordinates":[25.936698,44.573519]},"properties":{"line":"462","mode":"bus","color":"#0059a9","colorDark":"#00294f","band":2,"off":[-1.7,1.1]}},{"type":"Feature","geometry":{"type":"Point","coordinates":[25.936698,44.573519]},"properties":{"line":"466","mode":"bus","color":"#0059a9","colorDark":"#00294f","band":2,"off":[1.7,1.1]}},{"type":"Feature","geometry":{"type":"Point","coordinates":[25.98576,44.362099]},"properties":{"name":"Vârteju","band":2,"modes":"bus","arr":["464"],"off":[0,-0.8]}},{"type":"Feature","geometry":{"type":"Point","coordinates":[25.98576,44.362099]},"properties":{"line":"464","mode":"bus","color":"#0059a9","colorDark":"#00294f","band":2,"off":[0,1.1]}},{"type":"Feature","geometry":{"type":"Point","coordinates":[26.054016,44.284275]},"properties":{"name":"1 Decembrie","band":2,"modes":"bus","arr":["465"],"off":[0,-0.8]}},{"type":"Feature","geometry":{"type":"Point","coordinates":[26.054016,44.284275]},"properties":{"line":"465","mode":"bus","color":"#0059a9","colorDark":"#00294f","band":2,"off":[0,1.1]}},{"type":"Feature","geometry":{"type":"Point","coordinates":[26.20381,44.4985]},"properties":{"name":"Pod Cfr Afumați","band":2,"modes":"bus","arr":["467"],"off":[0,-0.8]}},{"type":"Feature","geometry":{"type":"Point","coordinates":[26.20381,44.4985]},"properties":{"line":"467","mode":"bus","color":"#0059a9","colorDark":"#00294f","band":2,"off":[0,1.1]}},{"type":"Feature","geometry":{"type":"Point","coordinates":[26.343811,44.669188]},"properties":{"name":"Sitaru","band":2,"modes":"bus","arr":["468B","477"],"off":[0,-0.8]}},{"type":"Feature","geometry":{"type":"Point","coordinates":[26.343811,44.669188]},"properties":{"line":"468B","mode":"bus","color":"#0059a9","colorDark":"#00294f","band":2,"off":[-1.7,1.1]}},{"type":"Feature","geometry":{"type":"Point","coordinates":[26.343811,44.669188]},"properties":{"line":"477","mode":"bus","color":"#0059a9","colorDark":"#00294f","band":2,"off":[1.7,1.1]}},{"type":"Feature","geometry":{"type":"Point","coordinates":[25.976874,44.532294]},"properties":{"name":"Tudor Arghezi","band":2,"modes":"bus","arr":["470"],"off":[0,-0.8]}},{"type":"Feature","geometry":{"type":"Point","coordinates":[25.976874,44.532294]},"properties":{"line":"470","mode":"bus","color":"#0059a9","colorDark":"#00294f","band":2,"off":[0,1.1]}},{"type":"Feature","geometry":{"type":"Point","coordinates":[26.25311,44.416923]},"properties":{"name":"Căldăraru","band":2,"modes":"bus","arr":["472"],"off":[0,-0.8]}},{"type":"Feature","geometry":{"type":"Point","coordinates":[26.25311,44.416923]},"properties":{"line":"472","mode":"bus","color":"#0059a9","colorDark":"#00294f","band":2,"off":[0,1.1]}},{"type":"Feature","geometry":{"type":"Point","coordinates":[26.200211,44.2765]},"properties":{"name":"Mega Parc","band":2,"modes":"bus","arr":["475"],"off":[0,-0.8]}},{"type":"Feature","geometry":{"type":"Point","coordinates":[26.200211,44.2765]},"properties":{"line":"475","mode":"bus","color":"#0059a9","colorDark":"#00294f","band":2,"off":[0,1.1]}},{"type":"Feature","geometry":{"type":"Point","coordinates":[25.982563,44.446406]},"properties":{"name":"Chiajna-Militari","band":2,"modes":"bus","arr":["478"],"off":[0,-0.8]}},{"type":"Feature","geometry":{"type":"Point","coordinates":[25.982563,44.446406]},"properties":{"line":"478","mode":"bus","color":"#0059a9","colorDark":"#00294f","band":2,"off":[0,1.1]}},{"type":"Feature","geometry":{"type":"Point","coordinates":[26.239988,44.337284]},"properties":{"name":"Complex Rezidențial Allegria","band":2,"modes":"bus","arr":["479"],"off":[0,-0.8]}},{"type":"Feature","geometry":{"type":"Point","coordinates":[26.239988,44.337284]},"properties":{"line":"479","mode":"bus","color":"#0059a9","colorDark":"#00294f","band":2,"off":[0,1.1]}},{"type":"Feature","geometry":{"type":"Point","coordinates":[26.150952,44.360365]},"properties":{"name":"Pasarela M Berceni","band":2,"modes":"bus","arr":["480"],"off":[0,-0.8]}},{"type":"Feature","geometry":{"type":"Point","coordinates":[26.150952,44.360365]},"properties":{"line":"480","mode":"bus","color":"#0059a9","colorDark":"#00294f","band":2,"off":[0,1.1]}},{"type":"Feature","geometry":{"type":"Point","coordinates":[26.006088,44.378164]},"properties":{"name":"Școala Gimnazială Nr. 1","band":2,"modes":"bus","arr":["481","482"],"off":[0,-0.8]}},{"type":"Feature","geometry":{"type":"Point","coordinates":[26.006088,44.378164]},"properties":{"line":"481","mode":"bus","color":"#0059a9","colorDark":"#00294f","band":2,"off":[-1.7,1.1]}},{"type":"Feature","geometry":{"type":"Point","coordinates":[26.006088,44.378164]},"properties":{"line":"482","mode":"bus","color":"#0059a9","colorDark":"#00294f","band":2,"off":[1.7,1.1]}},{"type":"Feature","geometry":{"type":"Point","coordinates":[26.000571,44.388559]},"properties":{"name":"Bragadiru Diamantului","band":2,"modes":"bus","arr":["481","482","484","484B","485"],"off":[0,-0.8]}},{"type":"Feature","geometry":{"type":"Point","coordinates":[26.000571,44.388559]},"properties":{"line":"481","mode":"bus","color":"#0059a9","colorDark":"#00294f","band":2,"off":[-6.8,1.1]}},{"type":"Feature","geometry":{"type":"Point","coordinates":[26.000571,44.388559]},"properties":{"line":"482","mode":"bus","color":"#0059a9","colorDark":"#00294f","band":2,"off":[-3.4,1.1]}},{"type":"Feature","geometry":{"type":"Point","coordinates":[26.000571,44.388559]},"properties":{"line":"484","mode":"bus","color":"#0059a9","colorDark":"#00294f","band":2,"off":[0,1.1]}},{"type":"Feature","geometry":{"type":"Point","coordinates":[26.000571,44.388559]},"properties":{"line":"484B","mode":"bus","color":"#0059a9","colorDark":"#00294f","band":2,"off":[3.4,1.1]}},{"type":"Feature","geometry":{"type":"Point","coordinates":[26.000571,44.388559]},"properties":{"line":"485","mode":"bus","color":"#0059a9","colorDark":"#00294f","band":2,"off":[6.8,1.1]}},{"type":"Feature","geometry":{"type":"Point","coordinates":[26.050609,44.348218]},"properties":{"name":"ELI-NP Măgurele","band":2,"modes":"bus","arr":["487"],"off":[0,-0.8]}},{"type":"Feature","geometry":{"type":"Point","coordinates":[26.050609,44.348218]},"properties":{"line":"487","mode":"bus","color":"#0059a9","colorDark":"#00294f","band":2,"off":[0,1.1]}},{"type":"Feature","geometry":{"type":"Point","coordinates":[26.154354,44.514352]},"properties":{"name":"Elisabeta Rizea","band":2,"modes":"bus","arr":["488"],"off":[0,-0.8]}},{"type":"Feature","geometry":{"type":"Point","coordinates":[26.154354,44.514352]},"properties":{"line":"488","mode":"bus","color":"#0059a9","colorDark":"#00294f","band":2,"off":[0,1.1]}},{"type":"Feature","geometry":{"type":"Point","coordinates":[26.105146,44.452641]},"properties":{"name":"Șoseaua Ștefan cel Mare","band":2,"modes":"bus","arr":["605"],"off":[0,-0.8]}},{"type":"Feature","geometry":{"type":"Point","coordinates":[26.105146,44.452641]},"properties":{"line":"605","mode":"bus","color":"#0059a9","colorDark":"#00294f","band":2,"off":[0,1.1]}},{"type":"Feature","geometry":{"type":"Point","coordinates":[26.074059,44.452825]},"properties":{"name":"Bd. Banu Manta","band":2,"modes":"tram,bus","arr":["1","610","N1","N10"],"off":[0,-0.8]}},{"type":"Feature","geometry":{"type":"Point","coordinates":[26.074059,44.452825]},"properties":{"line":"1","mode":"tram","color":"#d6212b","colorDark":"#7c1116","band":2,"off":[-5.1,1.1]}},{"type":"Feature","geometry":{"type":"Point","coordinates":[26.074059,44.452825]},"properties":{"line":"610","mode":"bus","color":"#0059a9","colorDark":"#00294f","band":2,"off":[-1.7,1.1]}},{"type":"Feature","geometry":{"type":"Point","coordinates":[26.074059,44.452825]},"properties":{"line":"N1","mode":"bus","color":"#000000","colorDark":"#000000","band":2,"off":[1.7,1.1]}},{"type":"Feature","geometry":{"type":"Point","coordinates":[26.074059,44.452825]},"properties":{"line":"N10","mode":"bus","color":"#000000","colorDark":"#000000","band":2,"off":[5.1,1.1]}},{"type":"Feature","geometry":{"type":"Point","coordinates":[26.098388,44.401386]},"properties":{"name":"Șura Mare","band":2,"modes":"tram,bus","arr":["1","54","619"],"off":[0,-0.8]}},{"type":"Feature","geometry":{"type":"Point","coordinates":[26.098388,44.401386]},"properties":{"name":"Cimitirul Șerban Vodă","band":2,"modes":"tram,bus","arr":["1","54","619"],"off":[0,-1.9]}},{"type":"Feature","geometry":{"type":"Point","coordinates":[26.098388,44.401386]},"properties":{"line":"1","mode":"tram","color":"#d6212b","colorDark":"#7c1116","band":2,"off":[-3.4,1.1]}},{"type":"Feature","geometry":{"type":"Point","coordinates":[26.098388,44.401386]},"properties":{"line":"54","mode":"tram","color":"#d6212b","colorDark":"#7c1116","band":2,"off":[0,1.1]}},{"type":"Feature","geometry":{"type":"Point","coordinates":[26.098388,44.401386]},"properties":{"line":"619","mode":"bus","color":"#0059a9","colorDark":"#00294f","band":2,"off":[3.4,1.1]}},{"type":"Feature","geometry":{"type":"Point","coordinates":[26.185522,44.434135]},"properties":{"name":"Republica","band":2,"modes":"bus,metro","arr":["640","M1","N109"],"off":[0,-0.8]}},{"type":"Feature","geometry":{"type":"Point","coordinates":[26.185522,44.434135]},"properties":{"name":"M Republica","band":2,"modes":"bus,metro","arr":["640","M1","N109"],"off":[0,-1.9]}},{"type":"Feature","geometry":{"type":"Point","coordinates":[26.185522,44.434135]},"properties":{"line":"640","mode":"bus","color":"#0059a9","colorDark":"#00294f","band":2,"off":[-3.4,1.1]}},{"type":"Feature","geometry":{"type":"Point","coordinates":[26.185522,44.434135]},"properties":{"line":"M1","mode":"tram","color":"#F8C301","colorDark":"#886b01","band":2,"metro":1,"off":[0,1.1]}},{"type":"Feature","geometry":{"type":"Point","coordinates":[26.185522,44.434135]},"properties":{"line":"N109","mode":"bus","color":"#000000","colorDark":"#000000","band":2,"off":[3.4,1.1]}},{"type":"Feature","geometry":{"type":"Point","coordinates":[26.145641,44.383979]},"properties":{"name":"Romprim","band":2,"modes":"tram,bus","arr":["1","10","N1","N10"],"off":[0,-0.8]}},{"type":"Feature","geometry":{"type":"Point","coordinates":[26.145641,44.383979]},"properties":{"line":"1","mode":"tram","color":"#d6212b","colorDark":"#7c1116","band":2,"off":[-5.1,1.1]}},{"type":"Feature","geometry":{"type":"Point","coordinates":[26.145641,44.383979]},"properties":{"line":"10","mode":"tram","color":"#d6212b","colorDark":"#7c1116","band":2,"off":[-1.7,1.1]}},{"type":"Feature","geometry":{"type":"Point","coordinates":[26.145641,44.383979]},"properties":{"line":"N1","mode":"bus","color":"#000000","colorDark":"#000000","band":2,"off":[1.7,1.1]}},{"type":"Feature","geometry":{"type":"Point","coordinates":[26.145641,44.383979]},"properties":{"line":"N10","mode":"bus","color":"#000000","colorDark":"#000000","band":2,"off":[5.1,1.1]}},{"type":"Feature","geometry":{"type":"Point","coordinates":[26.163229,44.477659]},"properties":{"name":"Pasaj Colentina","band":2,"modes":"tram,bus","arr":["21","N108"],"off":[0,-0.8]}},{"type":"Feature","geometry":{"type":"Point","coordinates":[26.163229,44.477659]},"properties":{"line":"21","mode":"tram","color":"#d6212b","colorDark":"#7c1116","band":2,"off":[-1.7,1.1]}},{"type":"Feature","geometry":{"type":"Point","coordinates":[26.163229,44.477659]},"properties":{"line":"N108","mode":"bus","color":"#000000","colorDark":"#000000","band":2,"off":[1.7,1.1]}},{"type":"Feature","geometry":{"type":"Point","coordinates":[26.023189,44.484991]},"properties":{"name":"Mezeș","band":2,"modes":"tram,bus","arr":["53","N113"],"off":[0,-0.8]}},{"type":"Feature","geometry":{"type":"Point","coordinates":[26.023189,44.484991]},"properties":{"line":"53","mode":"tram","color":"#d6212b","colorDark":"#7c1116","band":2,"off":[-1.7,1.1]}},{"type":"Feature","geometry":{"type":"Point","coordinates":[26.023189,44.484991]},"properties":{"line":"N113","mode":"bus","color":"#000000","colorDark":"#000000","band":2,"off":[1.7,1.1]}},{"type":"Feature","geometry":{"type":"Point","coordinates":[26.040759,44.398976]},"properties":{"name":"Autobaza Alexandria","band":2,"modes":"bus","arr":["N114"],"off":[0,-0.8]}},{"type":"Feature","geometry":{"type":"Point","coordinates":[26.040759,44.398976]},"properties":{"line":"N114","mode":"bus","color":"#000000","colorDark":"#000000","band":2,"off":[0,1.1]}},{"type":"Feature","geometry":{"type":"Point","coordinates":[26.080652,44.495126]},"properties":{"name":"Aeroport Băneasa","band":2,"modes":"tram","arr":["5"],"off":[0,-0.8]}},{"type":"Feature","geometry":{"type":"Point","coordinates":[26.080652,44.495126]},"properties":{"line":"5","mode":"tram","color":"#d6212b","colorDark":"#7c1116","band":2,"off":[0,1.1]}},{"type":"Feature","geometry":{"type":"Point","coordinates":[26.103907,44.432542]},"properties":{"name":"Piața Sf. Gheorghe","band":2,"modes":"tram","arr":["21"],"off":[0,-0.8]}},{"type":"Feature","geometry":{"type":"Point","coordinates":[26.103907,44.432542]},"properties":{"line":"21","mode":"tram","color":"#d6212b","colorDark":"#7c1116","band":2,"off":[0,1.1]}},{"type":"Feature","geometry":{"type":"Point","coordinates":[26.077958,44.386196]},"properties":{"name":"Zețarilor","band":2,"modes":"tram","arr":["23"],"off":[0,-0.8]}},{"type":"Feature","geometry":{"type":"Point","coordinates":[26.077958,44.386196]},"properties":{"line":"23","mode":"tram","color":"#d6212b","colorDark":"#7c1116","band":2,"off":[0,1.1]}},{"type":"Feature","geometry":{"type":"Point","coordinates":[25.977501,44.429551]},"properties":{"name":"Depoul Militari","band":2,"modes":"tram","arr":["25"],"off":[0,-0.8]}},{"type":"Feature","geometry":{"type":"Point","coordinates":[25.977501,44.429551]},"properties":{"line":"25","mode":"tram","color":"#d6212b","colorDark":"#7c1116","band":2,"off":[0,1.1]}},{"type":"Feature","geometry":{"type":"Point","coordinates":[26.044933,44.477677]},"properties":{"name":"Depoul Bucureștii Noi","band":2,"modes":"tram","arr":["53"],"off":[0,-0.8]}},{"type":"Feature","geometry":{"type":"Point","coordinates":[26.044933,44.477677]},"properties":{"line":"53","mode":"tram","color":"#d6212b","colorDark":"#7c1116","band":2,"off":[0,1.1]}},{"type":"Feature","geometry":{"type":"Point","coordinates":[26.139225,44.421157]},"properties":{"name":"Dristor 2","band":2,"modes":"metro","arr":["M1"],"off":[0,-0.8]}},{"type":"Feature","geometry":{"type":"Point","coordinates":[26.139225,44.421157]},"properties":{"line":"M1","mode":"tram","color":"#F8C301","colorDark":"#886b01","band":2,"metro":1,"off":[0,1.1]}},{"type":"Feature","geometry":{"type":"Point","coordinates":[26.192663,44.440506]},"properties":{"name":"Pantelimon","band":2,"modes":"metro","arr":["M1"],"off":[0,-0.8]}},{"type":"Feature","geometry":{"type":"Point","coordinates":[26.192663,44.440506]},"properties":{"line":"M1","mode":"tram","color":"#F8C301","colorDark":"#886b01","band":2,"metro":1,"off":[0,1.1]}},{"type":"Feature","geometry":{"type":"Point","coordinates":[26.158461,44.349187]},"properties":{"name":"Tudor Arghezi","band":2,"modes":"metro","arr":["M2"],"off":[0,-0.8]}},{"type":"Feature","geometry":{"type":"Point","coordinates":[26.158461,44.349187]},"properties":{"line":"M2","mode":"tram","color":"#495676","colorDark":"#282f41","band":2,"metro":1,"off":[0,1.1]}},{"type":"Feature","geometry":{"type":"Point","coordinates":[26.208381,44.405395]},"properties":{"name":"Anghel Saligny","band":2,"modes":"metro","arr":["M3"],"off":[0,-0.8]}},{"type":"Feature","geometry":{"type":"Point","coordinates":[26.208381,44.405395]},"properties":{"line":"M3","mode":"tram","color":"#DA251C","colorDark":"#78140f","band":2,"metro":1,"off":[0,1.1]}},{"type":"Feature","geometry":{"type":"Point","coordinates":[25.99097,44.43056]},"properties":{"name":"Preciziei","band":2,"modes":"metro","arr":["M3"],"off":[0,-0.8]}},{"type":"Feature","geometry":{"type":"Point","coordinates":[25.99097,44.43056]},"properties":{"line":"M3","mode":"tram","color":"#DA251C","colorDark":"#78140f","band":2,"metro":1,"off":[0,1.1]}},{"type":"Feature","geometry":{"type":"Point","coordinates":[26.07311,44.44786]},"properties":{"name":"Gara de Nord 2 (M4)","band":2,"modes":"metro","arr":["M4"],"off":[0,-0.8]}},{"type":"Feature","geometry":{"type":"Point","coordinates":[26.07311,44.44786]},"properties":{"line":"M4","mode":"tram","color":"#3C746B","colorDark":"#21403b","band":2,"metro":1,"off":[0,1.1]}},{"type":"Feature","geometry":{"type":"Point","coordinates":[26.023038,44.41632]},"properties":{"name":"Râul Doamnei","band":2,"modes":"metro","arr":["M5"],"off":[0,-0.8]}},{"type":"Feature","geometry":{"type":"Point","coordinates":[26.023038,44.41632]},"properties":{"line":"M5","mode":"tram","color":"#F7951E","colorDark":"#885211","band":2,"metro":1,"off":[0,1.1]}},{"type":"Feature","geometry":{"type":"Point","coordinates":[26.014361,44.437943]},"properties":{"name":"Complex Apusului","band":3,"modes":"bus","arr":["61","178"],"off":[0,-0.8]}},{"type":"Feature","geometry":{"type":"Point","coordinates":[26.014361,44.437943]},"properties":{"line":"61","mode":"bus","color":"#149a3f","colorDark":"#0a5121","band":3,"off":[-1.7,1.1]}},{"type":"Feature","geometry":{"type":"Point","coordinates":[26.014361,44.437943]},"properties":{"line":"178","mode":"bus","color":"#0059a9","colorDark":"#00294f","band":3,"off":[1.7,1.1]}},{"type":"Feature","geometry":{"type":"Point","coordinates":[26.105234,44.436059]},"properties":{"name":"Piața Rosetti","band":3,"modes":"bus","arr":["61"],"off":[0,-0.8]}},{"type":"Feature","geometry":{"type":"Point","coordinates":[26.105234,44.436059]},"properties":{"line":"61","mode":"bus","color":"#149a3f","colorDark":"#0a5121","band":3,"off":[0,1.1]}},{"type":"Feature","geometry":{"type":"Point","coordinates":[26.076445,44.434479]},"properties":{"name":"Piața Operei","band":3,"modes":"bus,metro","arr":["104","163","M5"],"off":[0,-0.8]}},{"type":"Feature","geometry":{"type":"Point","coordinates":[26.076445,44.434479]},"properties":{"name":"Eroilor 2 (M5)","band":3,"modes":"bus,metro","arr":["104","163","M5"],"off":[0,-1.9]}},{"type":"Feature","geometry":{"type":"Point","coordinates":[26.076445,44.434479]},"properties":{"line":"104","mode":"bus","color":"#0059a9","colorDark":"#00294f","band":3,"off":[-3.4,1.1]}},{"type":"Feature","geometry":{"type":"Point","coordinates":[26.076445,44.434479]},"properties":{"line":"163","mode":"bus","color":"#0059a9","colorDark":"#00294f","band":3,"off":[0,1.1]}},{"type":"Feature","geometry":{"type":"Point","coordinates":[26.076445,44.434479]},"properties":{"line":"M5","mode":"tram","color":"#F7951E","colorDark":"#885211","band":3,"metro":1,"off":[3.4,1.1]}},{"type":"Feature","geometry":{"type":"Point","coordinates":[25.976223,44.435477]},"properties":{"name":"Colegiul Tehnic Iuliu Maniu","band":3,"modes":"bus","arr":["62","N115"],"off":[0,-0.8]}},{"type":"Feature","geometry":{"type":"Point","coordinates":[25.976223,44.435477]},"properties":{"line":"62","mode":"bus","color":"#149a3f","colorDark":"#0a5121","band":3,"off":[-1.7,1.1]}},{"type":"Feature","geometry":{"type":"Point","coordinates":[25.976223,44.435477]},"properties":{"line":"N115","mode":"bus","color":"#000000","colorDark":"#000000","band":3,"off":[1.7,1.1]}},{"type":"Feature","geometry":{"type":"Point","coordinates":[25.998279,44.433713]},"properties":{"name":"Master","band":3,"modes":"bus","arr":["63"],"off":[0,-0.8]}},{"type":"Feature","geometry":{"type":"Point","coordinates":[25.998279,44.433713]},"properties":{"line":"63","mode":"bus","color":"#149a3f","colorDark":"#0a5121","band":3,"off":[0,1.1]}},{"type":"Feature","geometry":{"type":"Point","coordinates":[26.074937,44.445684]},"properties":{"name":"Gara de Nord","band":3,"modes":"bus","arr":["62","85","96","182"],"off":[0,-0.8]}},{"type":"Feature","geometry":{"type":"Point","coordinates":[26.074937,44.445684]},"properties":{"line":"62","mode":"bus","color":"#149a3f","colorDark":"#0a5121","band":3,"off":[-5.1,1.1]}},{"type":"Feature","geometry":{"type":"Point","coordinates":[26.074937,44.445684]},"properties":{"line":"85","mode":"bus","color":"#149a3f","colorDark":"#0a5121","band":3,"off":[-1.7,1.1]}},{"type":"Feature","geometry":{"type":"Point","coordinates":[26.074937,44.445684]},"properties":{"line":"96","mode":"bus","color":"#149a3f","colorDark":"#0a5121","band":3,"off":[1.7,1.1]}},{"type":"Feature","geometry":{"type":"Point","coordinates":[26.074937,44.445684]},"properties":{"line":"182","mode":"bus","color":"#0059a9","colorDark":"#00294f","band":3,"off":[5.1,1.1]}},{"type":"Feature","geometry":{"type":"Point","coordinates":[26.004791,44.433892]},"properties":{"name":"Valea Cascadelor","band":3,"modes":"bus","arr":["429","431","432","433"],"off":[0,-0.8]}},{"type":"Feature","geometry":{"type":"Point","coordinates":[26.004791,44.433892]},"properties":{"line":"429","mode":"bus","color":"#0059a9","colorDark":"#00294f","band":3,"off":[-5.1,1.1]}},{"type":"Feature","geometry":{"type":"Point","coordinates":[26.004791,44.433892]},"properties":{"line":"431","mode":"bus","color":"#0059a9","colorDark":"#00294f","band":3,"off":[-1.7,1.1]}},{"type":"Feature","geometry":{"type":"Point","coordinates":[26.004791,44.433892]},"properties":{"line":"432","mode":"bus","color":"#0059a9","colorDark":"#00294f","band":3,"off":[1.7,1.1]}},{"type":"Feature","geometry":{"type":"Point","coordinates":[26.004791,44.433892]},"properties":{"line":"433","mode":"bus","color":"#0059a9","colorDark":"#00294f","band":3,"off":[5.1,1.1]}},{"type":"Feature","geometry":{"type":"Point","coordinates":[26.090694,44.43302]},"properties":{"name":"Pod Izvor","band":3,"modes":"bus","arr":["63"],"off":[0,-0.8]}},{"type":"Feature","geometry":{"type":"Point","coordinates":[26.090694,44.43302]},"properties":{"line":"63","mode":"bus","color":"#149a3f","colorDark":"#0a5121","band":3,"off":[0,1.1]}},{"type":"Feature","geometry":{"type":"Point","coordinates":[26.156195,44.466775]},"properties":{"name":"Spitalul Fundeni","band":3,"modes":"bus","arr":["66","253"],"off":[0,-0.8]}},{"type":"Feature","geometry":{"type":"Point","coordinates":[26.156195,44.466775]},"properties":{"line":"66","mode":"bus","color":"#149a3f","colorDark":"#0a5121","band":3,"off":[-1.7,1.1]}},{"type":"Feature","geometry":{"type":"Point","coordinates":[26.156195,44.466775]},"properties":{"line":"253","mode":"bus","color":"#0059a9","colorDark":"#00294f","band":3,"off":[1.7,1.1]}},{"type":"Feature","geometry":{"type":"Point","coordinates":[26.125494,44.450847]},"properties":{"name":"Bucur Obor","band":3,"modes":"bus","arr":["143","409","409B","411","412","413","417","467","468","468B"],"off":[0,-0.8]}},{"type":"Feature","geometry":{"type":"Point","coordinates":[26.125494,44.450847]},"properties":{"line":"143","mode":"bus","color":"#0059a9","colorDark":"#00294f","band":3,"off":[-6.8,1.1]}},{"type":"Feature","geometry":{"type":"Point","coordinates":[26.125494,44.450847]},"properties":{"line":"409","mode":"bus","color":"#0059a9","colorDark":"#00294f","band":3,"off":[-3.4,1.1]}},{"type":"Feature","geometry":{"type":"Point","coordinates":[26.125494,44.450847]},"properties":{"line":"409B","mode":"bus","color":"#0059a9","colorDark":"#00294f","band":3,"off":[0,1.1]}},{"type":"Feature","geometry":{"type":"Point","coordinates":[26.125494,44.450847]},"properties":{"line":"411","mode":"bus","color":"#0059a9","colorDark":"#00294f","band":3,"off":[3.4,1.1]}},{"type":"Feature","geometry":{"type":"Point","coordinates":[26.125494,44.450847]},"properties":{"line":"412","mode":"bus","color":"#0059a9","colorDark":"#00294f","band":3,"off":[6.8,1.1]}},{"type":"Feature","geometry":{"type":"Point","coordinates":[26.125494,44.450847]},"properties":{"line":"413","mode":"bus","color":"#0059a9","colorDark":"#00294f","band":3,"off":[-6.8,3.1]}},{"type":"Feature","geometry":{"type":"Point","coordinates":[26.125494,44.450847]},"properties":{"line":"417","mode":"bus","color":"#0059a9","colorDark":"#00294f","band":3,"off":[-3.4,3.1]}},{"type":"Feature","geometry":{"type":"Point","coordinates":[26.125494,44.450847]},"properties":{"line":"467","mode":"bus","color":"#0059a9","colorDark":"#00294f","band":3,"off":[0,3.1]}},{"type":"Feature","geometry":{"type":"Point","coordinates":[26.125494,44.450847]},"properties":{"line":"468","mode":"bus","color":"#0059a9","colorDark":"#00294f","band":3,"off":[3.4,3.1]}},{"type":"Feature","geometry":{"type":"Point","coordinates":[26.125494,44.450847]},"properties":{"line":"468B","mode":"bus","color":"#0059a9","colorDark":"#00294f","band":3,"off":[6.8,3.1]}},{"type":"Feature","geometry":{"type":"Point","coordinates":[26.083946,44.436241]},"properties":{"name":"Vasile Pârvan","band":3,"modes":"bus","arr":["66","642"],"off":[0,-0.8]}},{"type":"Feature","geometry":{"type":"Point","coordinates":[26.083946,44.436241]},"properties":{"line":"66","mode":"bus","color":"#149a3f","colorDark":"#0a5121","band":3,"off":[-1.7,1.1]}},{"type":"Feature","geometry":{"type":"Point","coordinates":[26.083946,44.436241]},"properties":{"line":"642","mode":"bus","color":"#0059a9","colorDark":"#00294f","band":3,"off":[1.7,1.1]}},{"type":"Feature","geometry":{"type":"Point","coordinates":[26.015671,44.415739]},"properties":{"name":"Valea Argeșului","band":3,"modes":"bus","arr":["69","N121"],"off":[0,-0.8]}},{"type":"Feature","geometry":{"type":"Point","coordinates":[26.015671,44.415739]},"properties":{"line":"69","mode":"bus","color":"#149a3f","colorDark":"#0a5121","band":3,"off":[-1.7,1.1]}},{"type":"Feature","geometry":{"type":"Point","coordinates":[26.015671,44.415739]},"properties":{"line":"N121","mode":"bus","color":"#000000","colorDark":"#000000","band":3,"off":[1.7,1.1]}},{"type":"Feature","geometry":{"type":"Point","coordinates":[26.169542,44.436129]},"properties":{"name":"Bd. Basarabia","band":3,"modes":"bus","arr":["69","455"],"off":[0,-0.8]}},{"type":"Feature","geometry":{"type":"Point","coordinates":[26.169542,44.436129]},"properties":{"line":"69","mode":"bus","color":"#149a3f","colorDark":"#0a5121","band":3,"off":[-1.7,1.1]}},{"type":"Feature","geometry":{"type":"Point","coordinates":[26.169542,44.436129]},"properties":{"line":"455","mode":"bus","color":"#0059a9","colorDark":"#00294f","band":3,"off":[1.7,1.1]}},{"type":"Feature","geometry":{"type":"Point","coordinates":[26.033525,44.418157]},"properties":{"name":"Parcul Drumul Taberei","band":3,"modes":"bus","arr":["222","322","485"],"off":[0,-0.8]}},{"type":"Feature","geometry":{"type":"Point","coordinates":[26.033525,44.418157]},"properties":{"line":"222","mode":"bus","color":"#0059a9","colorDark":"#00294f","band":3,"off":[-3.4,1.1]}},{"type":"Feature","geometry":{"type":"Point","coordinates":[26.033525,44.418157]},"properties":{"line":"322","mode":"bus","color":"#0059a9","colorDark":"#00294f","band":3,"off":[0,1.1]}},{"type":"Feature","geometry":{"type":"Point","coordinates":[26.033525,44.418157]},"properties":{"line":"485","mode":"bus","color":"#0059a9","colorDark":"#00294f","band":3,"off":[3.4,1.1]}},{"type":"Feature","geometry":{"type":"Point","coordinates":[26.119837,44.377431]},"properties":{"name":"Turnu Măgurele","band":3,"modes":"bus","arr":["72","N106"],"off":[0,-0.8]}},{"type":"Feature","geometry":{"type":"Point","coordinates":[26.119837,44.377431]},"properties":{"line":"72","mode":"bus","color":"#149a3f","colorDark":"#0a5121","band":3,"off":[-1.7,1.1]}},{"type":"Feature","geometry":{"type":"Point","coordinates":[26.119837,44.377431]},"properties":{"line":"N106","mode":"bus","color":"#000000","colorDark":"#000000","band":3,"off":[1.7,1.1]}},{"type":"Feature","geometry":{"type":"Point","coordinates":[26.120801,44.392563]},"properties":{"name":"Piața Sudului","band":3,"modes":"bus","arr":["216","438","440","475","479"],"off":[0,-0.8]}},{"type":"Feature","geometry":{"type":"Point","coordinates":[26.120801,44.392563]},"properties":{"line":"216","mode":"bus","color":"#0059a9","colorDark":"#00294f","band":3,"off":[-6.8,1.1]}},{"type":"Feature","geometry":{"type":"Point","coordinates":[26.120801,44.392563]},"properties":{"line":"438","mode":"bus","color":"#0059a9","colorDark":"#00294f","band":3,"off":[-3.4,1.1]}},{"type":"Feature","geometry":{"type":"Point","coordinates":[26.120801,44.392563]},"properties":{"line":"440","mode":"bus","color":"#0059a9","colorDark":"#00294f","band":3,"off":[0,1.1]}},{"type":"Feature","geometry":{"type":"Point","coordinates":[26.120801,44.392563]},"properties":{"line":"475","mode":"bus","color":"#0059a9","colorDark":"#00294f","band":3,"off":[3.4,1.1]}},{"type":"Feature","geometry":{"type":"Point","coordinates":[26.120801,44.392563]},"properties":{"line":"479","mode":"bus","color":"#0059a9","colorDark":"#00294f","band":3,"off":[6.8,1.1]}},{"type":"Feature","geometry":{"type":"Point","coordinates":[26.121214,44.403972]},"properties":{"name":"Costache Stamate","band":3,"modes":"bus","arr":["72","76"],"off":[0,-0.8]}},{"type":"Feature","geometry":{"type":"Point","coordinates":[26.121214,44.403972]},"properties":{"line":"72","mode":"bus","color":"#149a3f","colorDark":"#0a5121","band":3,"off":[-1.7,1.1]}},{"type":"Feature","geometry":{"type":"Point","coordinates":[26.121214,44.403972]},"properties":{"line":"76","mode":"bus","color":"#149a3f","colorDark":"#0a5121","band":3,"off":[1.7,1.1]}},{"type":"Feature","geometry":{"type":"Point","coordinates":[26.130201,44.360991]},"properties":{"name":"Piața de Gros","band":3,"modes":"bus","arr":["73"],"off":[0,-0.8]}},{"type":"Feature","geometry":{"type":"Point","coordinates":[26.130201,44.360991]},"properties":{"line":"73","mode":"bus","color":"#149a3f","colorDark":"#0a5121","band":3,"off":[0,1.1]}},{"type":"Feature","geometry":{"type":"Point","coordinates":[26.106403,44.429895]},"properties":{"name":"Piața Sf. Vineri","band":3,"modes":"bus","arr":["73","116","117","385","605","640","655"],"off":[0,-0.8]}},{"type":"Feature","geometry":{"type":"Point","coordinates":[26.106403,44.429895]},"properties":{"line":"73","mode":"bus","color":"#149a3f","colorDark":"#0a5121","band":3,"off":[-6.8,1.1]}},{"type":"Feature","geometry":{"type":"Point","coordinates":[26.106403,44.429895]},"properties":{"line":"116","mode":"bus","color":"#0059a9","colorDark":"#00294f","band":3,"off":[-3.4,1.1]}},{"type":"Feature","geometry":{"type":"Point","coordinates":[26.106403,44.429895]},"properties":{"line":"117","mode":"bus","color":"#0059a9","colorDark":"#00294f","band":3,"off":[0,1.1]}},{"type":"Feature","geometry":{"type":"Point","coordinates":[26.106403,44.429895]},"properties":{"line":"385","mode":"bus","color":"#0059a9","colorDark":"#00294f","band":3,"off":[3.4,1.1]}},{"type":"Feature","geometry":{"type":"Point","coordinates":[26.106403,44.429895]},"properties":{"line":"605","mode":"bus","color":"#0059a9","colorDark":"#00294f","band":3,"off":[6.8,1.1]}},{"type":"Feature","geometry":{"type":"Point","coordinates":[26.106403,44.429895]},"properties":{"line":"640","mode":"bus","color":"#0059a9","colorDark":"#00294f","band":3,"off":[-1.7,3.1]}},{"type":"Feature","geometry":{"type":"Point","coordinates":[26.106403,44.429895]},"properties":{"line":"655","mode":"bus","color":"#0059a9","colorDark":"#00294f","band":3,"off":[1.7,3.1]}},{"type":"Feature","geometry":{"type":"Point","coordinates":[26.101026,44.427386]},"properties":{"name":"Piața Unirii 1","band":3,"modes":"bus","arr":["312","323"],"off":[0,-0.8]}},{"type":"Feature","geometry":{"type":"Point","coordinates":[26.101026,44.427386]},"properties":{"line":"312","mode":"bus","color":"#0059a9","colorDark":"#00294f","band":3,"off":[-1.7,1.1]}},{"type":"Feature","geometry":{"type":"Point","coordinates":[26.101026,44.427386]},"properties":{"line":"323","mode":"bus","color":"#0059a9","colorDark":"#00294f","band":3,"off":[1.7,1.1]}},{"type":"Feature","geometry":{"type":"Point","coordinates":[26.103945,44.424793]},"properties":{"name":"Piața Unirii","band":3,"modes":"bus","arr":["74"],"off":[0,-0.8]}},{"type":"Feature","geometry":{"type":"Point","coordinates":[26.103945,44.424793]},"properties":{"line":"74","mode":"bus","color":"#149a3f","colorDark":"#0a5121","band":3,"off":[0,1.1]}},{"type":"Feature","geometry":{"type":"Point","coordinates":[26.123391,44.362651]},"properties":{"name":"Arcade Berceni","band":3,"modes":"bus","arr":["74","232"],"off":[0,-0.8]}},{"type":"Feature","geometry":{"type":"Point","coordinates":[26.123391,44.362651]},"properties":{"line":"74","mode":"bus","color":"#149a3f","colorDark":"#0a5121","band":3,"off":[-1.7,1.1]}},{"type":"Feature","geometry":{"type":"Point","coordinates":[26.123391,44.362651]},"properties":{"line":"232","mode":"bus","color":"#0059a9","colorDark":"#00294f","band":3,"off":[1.7,1.1]}},{"type":"Feature","geometry":{"type":"Point","coordinates":[26.12132,44.377151]},"properties":{"name":"Bd. Alexandru Obregia","band":3,"modes":"bus","arr":["312"],"off":[0,-0.8]}},{"type":"Feature","geometry":{"type":"Point","coordinates":[26.12132,44.377151]},"properties":{"line":"312","mode":"bus","color":"#0059a9","colorDark":"#00294f","band":3,"off":[0,1.1]}},{"type":"Feature","geometry":{"type":"Point","coordinates":[26.11904,44.388312]},"properties":{"name":"Emil Racoviță","band":3,"modes":"bus","arr":["243"],"off":[0,-0.8]}},{"type":"Feature","geometry":{"type":"Point","coordinates":[26.11904,44.388312]},"properties":{"line":"243","mode":"bus","color":"#0059a9","colorDark":"#00294f","band":3,"off":[0,1.1]}},{"type":"Feature","geometry":{"type":"Point","coordinates":[26.099131,44.379819]},"properties":{"name":"Piața Reșița","band":3,"modes":"bus","arr":["76","381","N112"],"off":[0,-0.8]}},{"type":"Feature","geometry":{"type":"Point","coordinates":[26.099131,44.379819]},"properties":{"line":"76","mode":"bus","color":"#149a3f","colorDark":"#0a5121","band":3,"off":[-3.4,1.1]}},{"type":"Feature","geometry":{"type":"Point","coordinates":[26.099131,44.379819]},"properties":{"line":"381","mode":"bus","color":"#0059a9","colorDark":"#00294f","band":3,"off":[0,1.1]}},{"type":"Feature","geometry":{"type":"Point","coordinates":[26.099131,44.379819]},"properties":{"line":"N112","mode":"bus","color":"#000000","colorDark":"#000000","band":3,"off":[3.4,1.1]}},{"type":"Feature","geometry":{"type":"Point","coordinates":[26.050476,44.470526]},"properties":{"name":"Clăbucet","band":3,"modes":"bus","arr":["79","97","381"],"off":[0,-0.8]}},{"type":"Feature","geometry":{"type":"Point","coordinates":[26.050476,44.470526]},"properties":{"line":"79","mode":"bus","color":"#149a3f","colorDark":"#0a5121","band":3,"off":[-3.4,1.1]}},{"type":"Feature","geometry":{"type":"Point","coordinates":[26.050476,44.470526]},"properties":{"line":"97","mode":"bus","color":"#149a3f","colorDark":"#0a5121","band":3,"off":[0,1.1]}},{"type":"Feature","geometry":{"type":"Point","coordinates":[26.050476,44.470526]},"properties":{"line":"381","mode":"bus","color":"#0059a9","colorDark":"#00294f","band":3,"off":[3.4,1.1]}},{"type":"Feature","geometry":{"type":"Point","coordinates":[26.11874,44.443717]},"properties":{"name":"Calea Moșilor","band":3,"modes":"bus","arr":["79"],"off":[0,-0.8]}},{"type":"Feature","geometry":{"type":"Point","coordinates":[26.11874,44.443717]},"properties":{"line":"79","mode":"bus","color":"#149a3f","colorDark":"#0a5121","band":3,"off":[0,1.1]}},{"type":"Feature","geometry":{"type":"Point","coordinates":[26.150868,44.439699]},"properties":{"name":"Arena Națională","band":3,"modes":"bus","arr":["85","90","143"],"off":[0,-0.8]}},{"type":"Feature","geometry":{"type":"Point","coordinates":[26.150868,44.439699]},"properties":{"line":"85","mode":"bus","color":"#149a3f","colorDark":"#0a5121","band":3,"off":[-3.4,1.1]}},{"type":"Feature","geometry":{"type":"Point","coordinates":[26.150868,44.439699]},"properties":{"line":"90","mode":"bus","color":"#149a3f","colorDark":"#0a5121","band":3,"off":[0,1.1]}},{"type":"Feature","geometry":{"type":"Point","coordinates":[26.150868,44.439699]},"properties":{"line":"143","mode":"bus","color":"#0059a9","colorDark":"#00294f","band":3,"off":[3.4,1.1]}},{"type":"Feature","geometry":{"type":"Point","coordinates":[26.055303,44.482825]},"properties":{"name":"Cartier Pajura","band":3,"modes":"bus","arr":["86","95"],"off":[0,-0.8]}},{"type":"Feature","geometry":{"type":"Point","coordinates":[26.055303,44.482825]},"properties":{"line":"86","mode":"bus","color":"#149a3f","colorDark":"#0a5121","band":3,"off":[-1.7,1.1]}},{"type":"Feature","geometry":{"type":"Point","coordinates":[26.055303,44.482825]},"properties":{"line":"95","mode":"bus","color":"#149a3f","colorDark":"#0a5121","band":3,"off":[1.7,1.1]}},{"type":"Feature","geometry":{"type":"Point","coordinates":[26.13248,44.441115]},"properties":{"name":"Piața Iancului","band":3,"modes":"bus","arr":["655"],"off":[0,-0.8]}},{"type":"Feature","geometry":{"type":"Point","coordinates":[26.13248,44.441115]},"properties":{"line":"655","mode":"bus","color":"#0059a9","colorDark":"#00294f","band":3,"off":[0,1.1]}},{"type":"Feature","geometry":{"type":"Point","coordinates":[26.142844,44.447409]},"properties":{"name":"Baicului","band":3,"modes":"bus","arr":["86","382"],"off":[0,-0.8]}},{"type":"Feature","geometry":{"type":"Point","coordinates":[26.142844,44.447409]},"properties":{"line":"86","mode":"bus","color":"#149a3f","colorDark":"#0a5121","band":3,"off":[-1.7,1.1]}},{"type":"Feature","geometry":{"type":"Point","coordinates":[26.142844,44.447409]},"properties":{"line":"382","mode":"bus","color":"#0059a9","colorDark":"#00294f","band":3,"off":[1.7,1.1]}},{"type":"Feature","geometry":{"type":"Point","coordinates":[26.046365,44.44553]},"properties":{"name":"M Petrache Poenaru","band":3,"modes":"bus","arr":["90"],"off":[0,-0.8]}},{"type":"Feature","geometry":{"type":"Point","coordinates":[26.046365,44.44553]},"properties":{"line":"90","mode":"bus","color":"#149a3f","colorDark":"#0a5121","band":3,"off":[0,1.1]}},{"type":"Feature","geometry":{"type":"Point","coordinates":[26.00242,44.41853]},"properties":{"name":"Cartier Constantin Brâncuși","band":3,"modes":"bus","arr":["93"],"off":[0,-0.8]}},{"type":"Feature","geometry":{"type":"Point","coordinates":[26.00242,44.41853]},"properties":{"line":"93","mode":"bus","color":"#149a3f","colorDark":"#0a5121","band":3,"off":[0,1.1]}},{"type":"Feature","geometry":{"type":"Point","coordinates":[26.072123,44.475676]},"properties":{"name":"Piața Presei","band":3,"modes":"bus,tram","arr":["93","41","642","City Tour"],"off":[0,-0.8]}},{"type":"Feature","geometry":{"type":"Point","coordinates":[26.072123,44.475676]},"properties":{"line":"93","mode":"bus","color":"#149a3f","colorDark":"#0a5121","band":3,"off":[-5.1,1.1]}},{"type":"Feature","geometry":{"type":"Point","coordinates":[26.072123,44.475676]},"properties":{"line":"41","mode":"tram","color":"#d6212b","colorDark":"#7c1116","band":3,"off":[-1.7,1.1]}},{"type":"Feature","geometry":{"type":"Point","coordinates":[26.072123,44.475676]},"properties":{"line":"642","mode":"bus","color":"#0059a9","colorDark":"#00294f","band":3,"off":[1.7,1.1]}},{"type":"Feature","geometry":{"type":"Point","coordinates":[26.072123,44.475676]},"properties":{"line":"City Tour","mode":"bus","color":"#0059a9","colorDark":"#00294f","band":3,"off":[5.1,1.1]}},{"type":"Feature","geometry":{"type":"Point","coordinates":[26.014102,44.42115]},"properties":{"name":"Valea Ialomiței","band":3,"modes":"bus","arr":["168","232","N116"],"off":[0,-0.8]}},{"type":"Feature","geometry":{"type":"Point","coordinates":[26.014102,44.42115]},"properties":{"line":"168","mode":"bus","color":"#0059a9","colorDark":"#00294f","band":3,"off":[-3.4,1.1]}},{"type":"Feature","geometry":{"type":"Point","coordinates":[26.014102,44.42115]},"properties":{"line":"232","mode":"bus","color":"#0059a9","colorDark":"#00294f","band":3,"off":[0,1.1]}},{"type":"Feature","geometry":{"type":"Point","coordinates":[26.014102,44.42115]},"properties":{"line":"N116","mode":"bus","color":"#000000","colorDark":"#000000","band":3,"off":[3.4,1.1]}},{"type":"Feature","geometry":{"type":"Point","coordinates":[26.02425,44.503345]},"properties":{"name":"M Străulești","band":3,"modes":"bus","arr":["95","205","304","436","476","N117"],"off":[0,-0.8]}},{"type":"Feature","geometry":{"type":"Point","coordinates":[26.02425,44.503345]},"properties":{"line":"95","mode":"bus","color":"#149a3f","colorDark":"#0a5121","band":3,"off":[-6.8,1.1]}},{"type":"Feature","geometry":{"type":"Point","coordinates":[26.02425,44.503345]},"properties":{"line":"205","mode":"bus","color":"#0059a9","colorDark":"#00294f","band":3,"off":[-3.4,1.1]}},{"type":"Feature","geometry":{"type":"Point","coordinates":[26.02425,44.503345]},"properties":{"line":"304","mode":"bus","color":"#0059a9","colorDark":"#00294f","band":3,"off":[0,1.1]}},{"type":"Feature","geometry":{"type":"Point","coordinates":[26.02425,44.503345]},"properties":{"line":"436","mode":"bus","color":"#0059a9","colorDark":"#00294f","band":3,"off":[3.4,1.1]}},{"type":"Feature","geometry":{"type":"Point","coordinates":[26.02425,44.503345]},"properties":{"line":"476","mode":"bus","color":"#0059a9","colorDark":"#00294f","band":3,"off":[6.8,1.1]}},{"type":"Feature","geometry":{"type":"Point","coordinates":[26.02425,44.503345]},"properties":{"line":"N117","mode":"bus","color":"#000000","colorDark":"#000000","band":3,"off":[0,3.1]}},{"type":"Feature","geometry":{"type":"Point","coordinates":[26.044496,44.398674]},"properties":{"name":"Depoul Alexandria","band":3,"modes":"bus","arr":["96","226","227","421","424","464","484B"],"off":[0,-0.8]}},{"type":"Feature","geometry":{"type":"Point","coordinates":[26.044496,44.398674]},"properties":{"line":"96","mode":"bus","color":"#149a3f","colorDark":"#0a5121","band":3,"off":[-6.8,1.1]}},{"type":"Feature","geometry":{"type":"Point","coordinates":[26.044496,44.398674]},"properties":{"line":"226","mode":"bus","color":"#0059a9","colorDark":"#00294f","band":3,"off":[-3.4,1.1]}},{"type":"Feature","geometry":{"type":"Point","coordinates":[26.044496,44.398674]},"properties":{"line":"227","mode":"bus","color":"#0059a9","colorDark":"#00294f","band":3,"off":[0,1.1]}},{"type":"Feature","geometry":{"type":"Point","coordinates":[26.044496,44.398674]},"properties":{"line":"421","mode":"bus","color":"#0059a9","colorDark":"#00294f","band":3,"off":[3.4,1.1]}},{"type":"Feature","geometry":{"type":"Point","coordinates":[26.044496,44.398674]},"properties":{"line":"424","mode":"bus","color":"#0059a9","colorDark":"#00294f","band":3,"off":[6.8,1.1]}},{"type":"Feature","geometry":{"type":"Point","coordinates":[26.044496,44.398674]},"properties":{"line":"464","mode":"bus","color":"#0059a9","colorDark":"#00294f","band":3,"off":[-1.7,3.1]}},{"type":"Feature","geometry":{"type":"Point","coordinates":[26.044496,44.398674]},"properties":{"line":"484B","mode":"bus","color":"#0059a9","colorDark":"#00294f","band":3,"off":[1.7,3.1]}},{"type":"Feature","geometry":{"type":"Point","coordinates":[26.12175,44.407102]},"properties":{"name":"Pasaj Mihai Bravu","band":3,"modes":"bus","arr":["97"],"off":[0,-0.8]}},{"type":"Feature","geometry":{"type":"Point","coordinates":[26.12175,44.407102]},"properties":{"line":"97","mode":"bus","color":"#149a3f","colorDark":"#0a5121","band":3,"off":[0,1.1]}},{"type":"Feature","geometry":{"type":"Point","coordinates":[26.102825,44.42586]},"properties":{"name":"Piața Unirii 2","band":3,"modes":"bus","arr":["100","205","City Tour","N101","N102","N103","N106","N108","N109","N110","N113","N114","N115","N116","N117","N118","N119","N120","N121"],"off":[0,-0.8]}},{"type":"Feature","geometry":{"type":"Point","coordinates":[26.102825,44.42586]},"properties":{"line":"100","mode":"bus","color":"#0059a9","colorDark":"#00294f","band":3,"off":[-6.8,1.1]}},{"type":"Feature","geometry":{"type":"Point","coordinates":[26.102825,44.42586]},"properties":{"line":"205","mode":"bus","color":"#0059a9","colorDark":"#00294f","band":3,"off":[-3.4,1.1]}},{"type":"Feature","geometry":{"type":"Point","coordinates":[26.102825,44.42586]},"properties":{"line":"City Tour","mode":"bus","color":"#0059a9","colorDark":"#00294f","band":3,"off":[0,1.1]}},{"type":"Feature","geometry":{"type":"Point","coordinates":[26.102825,44.42586]},"properties":{"line":"N101","mode":"bus","color":"#000000","colorDark":"#000000","band":3,"off":[3.4,1.1]}},{"type":"Feature","geometry":{"type":"Point","coordinates":[26.102825,44.42586]},"properties":{"line":"N102","mode":"bus","color":"#000000","colorDark":"#000000","band":3,"off":[6.8,1.1]}},{"type":"Feature","geometry":{"type":"Point","coordinates":[26.102825,44.42586]},"properties":{"line":"N103","mode":"bus","color":"#000000","colorDark":"#000000","band":3,"off":[-6.8,3.1]}},{"type":"Feature","geometry":{"type":"Point","coordinates":[26.102825,44.42586]},"properties":{"line":"N106","mode":"bus","color":"#000000","colorDark":"#000000","band":3,"off":[-3.4,3.1]}},{"type":"Feature","geometry":{"type":"Point","coordinates":[26.102825,44.42586]},"properties":{"line":"N108","mode":"bus","color":"#000000","colorDark":"#000000","band":3,"off":[0,3.1]}},{"type":"Feature","geometry":{"type":"Point","coordinates":[26.102825,44.42586]},"properties":{"line":"N109","mode":"bus","color":"#000000","colorDark":"#000000","band":3,"off":[3.4,3.1]}},{"type":"Feature","geometry":{"type":"Point","coordinates":[26.102825,44.42586]},"properties":{"line":"N110","mode":"bus","color":"#000000","colorDark":"#000000","band":3,"off":[6.8,3.1]}},{"type":"Feature","geometry":{"type":"Point","coordinates":[26.102825,44.42586]},"properties":{"line":"N113","mode":"bus","color":"#000000","colorDark":"#000000","band":3,"off":[-6.8,5.1]}},{"type":"Feature","geometry":{"type":"Point","coordinates":[26.102825,44.42586]},"properties":{"line":"N114","mode":"bus","color":"#000000","colorDark":"#000000","band":3,"off":[-3.4,5.1]}},{"type":"Feature","geometry":{"type":"Point","coordinates":[26.102825,44.42586]},"properties":{"line":"N115","mode":"bus","color":"#000000","colorDark":"#000000","band":3,"off":[0,5.1]}},{"type":"Feature","geometry":{"type":"Point","coordinates":[26.102825,44.42586]},"properties":{"line":"N116","mode":"bus","color":"#000000","colorDark":"#000000","band":3,"off":[3.4,5.1]}},{"type":"Feature","geometry":{"type":"Point","coordinates":[26.102825,44.42586]},"properties":{"line":"N117","mode":"bus","color":"#000000","colorDark":"#000000","band":3,"off":[6.8,5.1]}},{"type":"Feature","geometry":{"type":"Point","coordinates":[26.102825,44.42586]},"properties":{"line":"N118","mode":"bus","color":"#000000","colorDark":"#000000","band":3,"off":[-5.1,7.1]}},{"type":"Feature","geometry":{"type":"Point","coordinates":[26.102825,44.42586]},"properties":{"line":"N119","mode":"bus","color":"#000000","colorDark":"#000000","band":3,"off":[-1.7,7.1]}},{"type":"Feature","geometry":{"type":"Point","coordinates":[26.102825,44.42586]},"properties":{"line":"N120","mode":"bus","color":"#000000","colorDark":"#000000","band":3,"off":[1.7,7.1]}},{"type":"Feature","geometry":{"type":"Point","coordinates":[26.102825,44.42586]},"properties":{"line":"N121","mode":"bus","color":"#000000","colorDark":"#000000","band":3,"off":[5.1,7.1]}},{"type":"Feature","geometry":{"type":"Point","coordinates":[26.10388,44.427801]},"properties":{"name":"Piața Unirii 4","band":3,"modes":"bus","arr":["N104","N105","N107","N111","N112","N122"],"off":[0,-0.8]}},{"type":"Feature","geometry":{"type":"Point","coordinates":[26.10388,44.427801]},"properties":{"line":"N104","mode":"bus","color":"#000000","colorDark":"#000000","band":3,"off":[-6.8,1.1]}},{"type":"Feature","geometry":{"type":"Point","coordinates":[26.10388,44.427801]},"properties":{"line":"N105","mode":"bus","color":"#000000","colorDark":"#000000","band":3,"off":[-3.4,1.1]}},{"type":"Feature","geometry":{"type":"Point","coordinates":[26.10388,44.427801]},"properties":{"line":"N107","mode":"bus","color":"#000000","colorDark":"#000000","band":3,"off":[0,1.1]}},{"type":"Feature","geometry":{"type":"Point","coordinates":[26.10388,44.427801]},"properties":{"line":"N111","mode":"bus","color":"#000000","colorDark":"#000000","band":3,"off":[3.4,1.1]}},{"type":"Feature","geometry":{"type":"Point","coordinates":[26.10388,44.427801]},"properties":{"line":"N112","mode":"bus","color":"#000000","colorDark":"#000000","band":3,"off":[6.8,1.1]}},{"type":"Feature","geometry":{"type":"Point","coordinates":[26.10388,44.427801]},"properties":{"line":"N122","mode":"bus","color":"#000000","colorDark":"#000000","band":3,"off":[0,3.1]}},{"type":"Feature","geometry":{"type":"Point","coordinates":[26.072965,44.477582]},"properties":{"name":"Piața Presei","band":3,"modes":"bus","arr":["304","403","441","441B","442","443","443B","444","446","447","447B","448","477","City Tour"],"off":[0,-0.8]}},{"type":"Feature","geometry":{"type":"Point","coordinates":[26.072965,44.477582]},"properties":{"line":"304","mode":"bus","color":"#0059a9","colorDark":"#00294f","band":3,"off":[-6.8,1.1]}},{"type":"Feature","geometry":{"type":"Point","coordinates":[26.072965,44.477582]},"properties":{"line":"403","mode":"bus","color":"#0059a9","colorDark":"#00294f","band":3,"off":[-3.4,1.1]}},{"type":"Feature","geometry":{"type":"Point","coordinates":[26.072965,44.477582]},"properties":{"line":"441","mode":"bus","color":"#0059a9","colorDark":"#00294f","band":3,"off":[0,1.1]}},{"type":"Feature","geometry":{"type":"Point","coordinates":[26.072965,44.477582]},"properties":{"line":"441B","mode":"bus","color":"#0059a9","colorDark":"#00294f","band":3,"off":[3.4,1.1]}},{"type":"Feature","geometry":{"type":"Point","coordinates":[26.072965,44.477582]},"properties":{"line":"442","mode":"bus","color":"#0059a9","colorDark":"#00294f","band":3,"off":[6.8,1.1]}},{"type":"Feature","geometry":{"type":"Point","coordinates":[26.072965,44.477582]},"properties":{"line":"443","mode":"bus","color":"#0059a9","colorDark":"#00294f","band":3,"off":[-6.8,3.1]}},{"type":"Feature","geometry":{"type":"Point","coordinates":[26.072965,44.477582]},"properties":{"line":"443B","mode":"bus","color":"#0059a9","colorDark":"#00294f","band":3,"off":[-3.4,3.1]}},{"type":"Feature","geometry":{"type":"Point","coordinates":[26.072965,44.477582]},"properties":{"line":"444","mode":"bus","color":"#0059a9","colorDark":"#00294f","band":3,"off":[0,3.1]}},{"type":"Feature","geometry":{"type":"Point","coordinates":[26.072965,44.477582]},"properties":{"line":"446","mode":"bus","color":"#0059a9","colorDark":"#00294f","band":3,"off":[3.4,3.1]}},{"type":"Feature","geometry":{"type":"Point","coordinates":[26.072965,44.477582]},"properties":{"line":"447","mode":"bus","color":"#0059a9","colorDark":"#00294f","band":3,"off":[6.8,3.1]}},{"type":"Feature","geometry":{"type":"Point","coordinates":[26.072965,44.477582]},"properties":{"line":"447B","mode":"bus","color":"#0059a9","colorDark":"#00294f","band":3,"off":[-5.1,5.1]}},{"type":"Feature","geometry":{"type":"Point","coordinates":[26.072965,44.477582]},"properties":{"line":"448","mode":"bus","color":"#0059a9","colorDark":"#00294f","band":3,"off":[-1.7,5.1]}},{"type":"Feature","geometry":{"type":"Point","coordinates":[26.072965,44.477582]},"properties":{"line":"477","mode":"bus","color":"#0059a9","colorDark":"#00294f","band":3,"off":[1.7,5.1]}},{"type":"Feature","geometry":{"type":"Point","coordinates":[26.072965,44.477582]},"properties":{"line":"City Tour","mode":"bus","color":"#0059a9","colorDark":"#00294f","band":3,"off":[5.1,5.1]}},{"type":"Feature","geometry":{"type":"Point","coordinates":[26.076804,44.571533]},"properties":{"name":"Aeroport Henri Coandă","band":3,"modes":"bus","arr":["100"],"off":[0,-0.8]}},{"type":"Feature","geometry":{"type":"Point","coordinates":[26.076804,44.571533]},"properties":{"line":"100","mode":"bus","color":"#0059a9","colorDark":"#00294f","band":3,"off":[0,1.1]}},{"type":"Feature","geometry":{"type":"Point","coordinates":[26.101828,44.436467]},"properties":{"name":"Piața 21 Decembrie 1989","band":3,"modes":"bus","arr":["122","137"],"off":[0,-0.8]}},{"type":"Feature","geometry":{"type":"Point","coordinates":[26.101828,44.436467]},"properties":{"line":"122","mode":"bus","color":"#0059a9","colorDark":"#00294f","band":3,"off":[-1.7,1.1]}},{"type":"Feature","geometry":{"type":"Point","coordinates":[26.101828,44.436467]},"properties":{"line":"137","mode":"bus","color":"#0059a9","colorDark":"#00294f","band":3,"off":[1.7,1.1]}},{"type":"Feature","geometry":{"type":"Point","coordinates":[26.178968,44.426241]},"properties":{"name":"Faur","band":3,"modes":"bus","arr":["101","311","335","619","N122"],"off":[0,-0.8]}},{"type":"Feature","geometry":{"type":"Point","coordinates":[26.178968,44.426241]},"properties":{"line":"101","mode":"bus","color":"#0059a9","colorDark":"#00294f","band":3,"off":[-6.8,1.1]}},{"type":"Feature","geometry":{"type":"Point","coordinates":[26.178968,44.426241]},"properties":{"line":"311","mode":"bus","color":"#0059a9","colorDark":"#00294f","band":3,"off":[-3.4,1.1]}},{"type":"Feature","geometry":{"type":"Point","coordinates":[26.178968,44.426241]},"properties":{"line":"335","mode":"bus","color":"#0059a9","colorDark":"#00294f","band":3,"off":[0,1.1]}},{"type":"Feature","geometry":{"type":"Point","coordinates":[26.178968,44.426241]},"properties":{"line":"619","mode":"bus","color":"#0059a9","colorDark":"#00294f","band":3,"off":[3.4,1.1]}},{"type":"Feature","geometry":{"type":"Point","coordinates":[26.178968,44.426241]},"properties":{"line":"N122","mode":"bus","color":"#000000","colorDark":"#000000","band":3,"off":[6.8,1.1]}},{"type":"Feature","geometry":{"type":"Point","coordinates":[26.125861,44.448544]},"properties":{"name":"Bucur Obor","band":3,"modes":"bus","arr":["101"],"off":[0,-0.8]}},{"type":"Feature","geometry":{"type":"Point","coordinates":[26.125861,44.448544]},"properties":{"line":"101","mode":"bus","color":"#0059a9","colorDark":"#00294f","band":3,"off":[0,1.1]}},{"type":"Feature","geometry":{"type":"Point","coordinates":[26.188837,44.439296]},"properties":{"name":"Complex Pantelimon","band":3,"modes":"bus","arr":["102","104"],"off":[0,-0.8]}},{"type":"Feature","geometry":{"type":"Point","coordinates":[26.188837,44.439296]},"properties":{"line":"102","mode":"bus","color":"#0059a9","colorDark":"#00294f","band":3,"off":[-1.7,1.1]}},{"type":"Feature","geometry":{"type":"Point","coordinates":[26.188837,44.439296]},"properties":{"line":"104","mode":"bus","color":"#0059a9","colorDark":"#00294f","band":3,"off":[1.7,1.1]}},{"type":"Feature","geometry":{"type":"Point","coordinates":[26.089251,44.369771]},"properties":{"name":"C.F.R. Progresul","band":3,"modes":"bus","arr":["102","116","N107"],"off":[0,-0.8]}},{"type":"Feature","geometry":{"type":"Point","coordinates":[26.089251,44.369771]},"properties":{"line":"102","mode":"bus","color":"#0059a9","colorDark":"#00294f","band":3,"off":[-3.4,1.1]}},{"type":"Feature","geometry":{"type":"Point","coordinates":[26.089251,44.369771]},"properties":{"line":"116","mode":"bus","color":"#0059a9","colorDark":"#00294f","band":3,"off":[0,1.1]}},{"type":"Feature","geometry":{"type":"Point","coordinates":[26.089251,44.369771]},"properties":{"line":"N107","mode":"bus","color":"#000000","colorDark":"#000000","band":3,"off":[3.4,1.1]}},{"type":"Feature","geometry":{"type":"Point","coordinates":[26.183762,44.440156]},"properties":{"name":"Pantelimon","band":3,"modes":"tram,bus","arr":["5","103","246","407","451","452","454","457","458","N102"],"off":[0,-0.8]}},{"type":"Feature","geometry":{"type":"Point","coordinates":[26.183762,44.440156]},"properties":{"line":"5","mode":"tram","color":"#d6212b","colorDark":"#7c1116","band":3,"off":[-6.8,1.1]}},{"type":"Feature","geometry":{"type":"Point","coordinates":[26.183762,44.440156]},"properties":{"line":"103","mode":"bus","color":"#0059a9","colorDark":"#00294f","band":3,"off":[-3.4,1.1]}},{"type":"Feature","geometry":{"type":"Point","coordinates":[26.183762,44.440156]},"properties":{"line":"246","mode":"bus","color":"#0059a9","colorDark":"#00294f","band":3,"off":[0,1.1]}},{"type":"Feature","geometry":{"type":"Point","coordinates":[26.183762,44.440156]},"properties":{"line":"407","mode":"bus","color":"#0059a9","colorDark":"#00294f","band":3,"off":[3.4,1.1]}},{"type":"Feature","geometry":{"type":"Point","coordinates":[26.183762,44.440156]},"properties":{"line":"451","mode":"bus","color":"#0059a9","colorDark":"#00294f","band":3,"off":[6.8,1.1]}},{"type":"Feature","geometry":{"type":"Point","coordinates":[26.183762,44.440156]},"properties":{"line":"452","mode":"bus","color":"#0059a9","colorDark":"#00294f","band":3,"off":[-6.8,3.1]}},{"type":"Feature","geometry":{"type":"Point","coordinates":[26.183762,44.440156]},"properties":{"line":"454","mode":"bus","color":"#0059a9","colorDark":"#00294f","band":3,"off":[-3.4,3.1]}},{"type":"Feature","geometry":{"type":"Point","coordinates":[26.183762,44.440156]},"properties":{"line":"457","mode":"bus","color":"#0059a9","colorDark":"#00294f","band":3,"off":[0,3.1]}},{"type":"Feature","geometry":{"type":"Point","coordinates":[26.183762,44.440156]},"properties":{"line":"458","mode":"bus","color":"#0059a9","colorDark":"#00294f","band":3,"off":[3.4,3.1]}},{"type":"Feature","geometry":{"type":"Point","coordinates":[26.183762,44.440156]},"properties":{"line":"N102","mode":"bus","color":"#000000","colorDark":"#000000","band":3,"off":[6.8,3.1]}},{"type":"Feature","geometry":{"type":"Point","coordinates":[26.217804,44.415574]},"properties":{"name":"Isovolta","band":3,"modes":"bus","arr":["103"],"off":[0,-0.8]}},{"type":"Feature","geometry":{"type":"Point","coordinates":[26.217804,44.415574]},"properties":{"line":"103","mode":"bus","color":"#0059a9","colorDark":"#00294f","band":3,"off":[0,1.1]}},{"type":"Feature","geometry":{"type":"Point","coordinates":[26.014767,44.413315]},"properties":{"name":"Valea Oltului","band":3,"modes":"bus","arr":["105"],"off":[0,-0.8]}},{"type":"Feature","geometry":{"type":"Point","coordinates":[26.014767,44.413315]},"properties":{"line":"105","mode":"bus","color":"#0059a9","colorDark":"#00294f","band":3,"off":[0,1.1]}},{"type":"Feature","geometry":{"type":"Point","coordinates":[26.068011,44.44944]},"properties":{"name":"Gara Basarab","band":3,"modes":"tram,bus","arr":["44","123","162","282"],"off":[0,-0.8]}},{"type":"Feature","geometry":{"type":"Point","coordinates":[26.068011,44.44944]},"properties":{"line":"44","mode":"tram","color":"#d6212b","colorDark":"#7c1116","band":3,"off":[-5.1,1.1]}},{"type":"Feature","geometry":{"type":"Point","coordinates":[26.068011,44.44944]},"properties":{"line":"123","mode":"bus","color":"#0059a9","colorDark":"#00294f","band":3,"off":[-1.7,1.1]}},{"type":"Feature","geometry":{"type":"Point","coordinates":[26.068011,44.44944]},"properties":{"line":"162","mode":"bus","color":"#0059a9","colorDark":"#00294f","band":3,"off":[1.7,1.1]}},{"type":"Feature","geometry":{"type":"Point","coordinates":[26.068011,44.44944]},"properties":{"line":"282","mode":"bus","color":"#0059a9","colorDark":"#00294f","band":3,"off":[5.1,1.1]}},{"type":"Feature","geometry":{"type":"Point","coordinates":[26.070104,44.45072]},"properties":{"name":"Șoseaua Nicolae Titulescu","band":3,"modes":"bus","arr":["105"],"off":[0,-0.8]}},{"type":"Feature","geometry":{"type":"Point","coordinates":[26.070104,44.45072]},"properties":{"line":"105","mode":"bus","color":"#0059a9","colorDark":"#00294f","band":3,"off":[0,1.1]}},{"type":"Feature","geometry":{"type":"Point","coordinates":[25.982655,44.422207]},"properties":{"name":"C.E.T. Vest Militari","band":3,"modes":"bus","arr":["106","221"],"off":[0,-0.8]}},{"type":"Feature","geometry":{"type":"Point","coordinates":[25.982655,44.422207]},"properties":{"line":"106","mode":"bus","color":"#0059a9","colorDark":"#00294f","band":3,"off":[-1.7,1.1]}},{"type":"Feature","geometry":{"type":"Point","coordinates":[25.982655,44.422207]},"properties":{"line":"221","mode":"bus","color":"#0059a9","colorDark":"#00294f","band":3,"off":[1.7,1.1]}},{"type":"Feature","geometry":{"type":"Point","coordinates":[26.005142,44.43225]},"properties":{"name":"Bd. Preciziei","band":3,"modes":"bus","arr":["322","478"],"off":[0,-0.8]}},{"type":"Feature","geometry":{"type":"Point","coordinates":[26.005142,44.43225]},"properties":{"line":"322","mode":"bus","color":"#0059a9","colorDark":"#00294f","band":3,"off":[-1.7,1.1]}},{"type":"Feature","geometry":{"type":"Point","coordinates":[26.005142,44.43225]},"properties":{"line":"478","mode":"bus","color":"#0059a9","colorDark":"#00294f","band":3,"off":[1.7,1.1]}},{"type":"Feature","geometry":{"type":"Point","coordinates":[26.00366,44.441495]},"properties":{"name":"Cartier Roșu","band":3,"modes":"bus","arr":["106"],"off":[0,-0.8]}},{"type":"Feature","geometry":{"type":"Point","coordinates":[26.00366,44.441495]},"properties":{"line":"106","mode":"bus","color":"#0059a9","colorDark":"#00294f","band":3,"off":[0,1.1]}},{"type":"Feature","geometry":{"type":"Point","coordinates":[26.115663,44.486747]},"properties":{"name":"Pasajul Pipera","band":3,"modes":"bus","arr":["112","135"],"off":[0,-0.8]}},{"type":"Feature","geometry":{"type":"Point","coordinates":[26.115663,44.486747]},"properties":{"line":"112","mode":"bus","color":"#0059a9","colorDark":"#00294f","band":3,"off":[-1.7,1.1]}},{"type":"Feature","geometry":{"type":"Point","coordinates":[26.115663,44.486747]},"properties":{"line":"135","mode":"bus","color":"#0059a9","colorDark":"#00294f","band":3,"off":[1.7,1.1]}},{"type":"Feature","geometry":{"type":"Point","coordinates":[26.013462,44.491525]},"properties":{"name":"Complex Colosseum","band":3,"modes":"bus","arr":["112","470"],"off":[0,-0.8]}},{"type":"Feature","geometry":{"type":"Point","coordinates":[26.013462,44.491525]},"properties":{"line":"112","mode":"bus","color":"#0059a9","colorDark":"#00294f","band":3,"off":[-1.7,1.1]}},{"type":"Feature","geometry":{"type":"Point","coordinates":[26.013462,44.491525]},"properties":{"line":"470","mode":"bus","color":"#0059a9","colorDark":"#00294f","band":3,"off":[1.7,1.1]}},{"type":"Feature","geometry":{"type":"Point","coordinates":[26.059435,44.385785]},"properties":{"name":"Cartier Confort Urban","band":3,"modes":"bus","arr":["117","227"],"off":[0,-0.8]}},{"type":"Feature","geometry":{"type":"Point","coordinates":[26.059435,44.385785]},"properties":{"line":"117","mode":"bus","color":"#0059a9","colorDark":"#00294f","band":3,"off":[-1.7,1.1]}},{"type":"Feature","geometry":{"type":"Point","coordinates":[26.059435,44.385785]},"properties":{"line":"227","mode":"bus","color":"#0059a9","colorDark":"#00294f","band":3,"off":[1.7,1.1]}},{"type":"Feature","geometry":{"type":"Point","coordinates":[25.978781,44.406787]},"properties":{"name":"Pasaj Domnești","band":3,"modes":"bus","arr":["122","222"],"off":[0,-0.8]}},{"type":"Feature","geometry":{"type":"Point","coordinates":[25.978781,44.406787]},"properties":{"line":"122","mode":"bus","color":"#0059a9","colorDark":"#00294f","band":3,"off":[-1.7,1.1]}},{"type":"Feature","geometry":{"type":"Point","coordinates":[25.978781,44.406787]},"properties":{"line":"222","mode":"bus","color":"#0059a9","colorDark":"#00294f","band":3,"off":[1.7,1.1]}},{"type":"Feature","geometry":{"type":"Point","coordinates":[26.017124,44.41197]},"properties":{"name":"Valea Oltului","band":3,"modes":"bus","arr":["368","385","N101"],"off":[0,-0.8]}},{"type":"Feature","geometry":{"type":"Point","coordinates":[26.017124,44.41197]},"properties":{"line":"368","mode":"bus","color":"#0059a9","colorDark":"#00294f","band":3,"off":[-3.4,1.1]}},{"type":"Feature","geometry":{"type":"Point","coordinates":[26.017124,44.41197]},"properties":{"line":"385","mode":"bus","color":"#0059a9","colorDark":"#00294f","band":3,"off":[0,1.1]}},{"type":"Feature","geometry":{"type":"Point","coordinates":[26.017124,44.41197]},"properties":{"line":"N101","mode":"bus","color":"#000000","colorDark":"#000000","band":3,"off":[3.4,1.1]}},{"type":"Feature","geometry":{"type":"Point","coordinates":[26.094131,44.440236]},"properties":{"name":"Luterană","band":3,"modes":"bus","arr":["311"],"off":[0,-0.8]}},{"type":"Feature","geometry":{"type":"Point","coordinates":[26.094131,44.440236]},"properties":{"line":"311","mode":"bus","color":"#0059a9","colorDark":"#00294f","band":3,"off":[0,1.1]}},{"type":"Feature","geometry":{"type":"Point","coordinates":[26.148276,44.405968]},"properties":{"name":"C.E.T. Sud Vitan","band":3,"modes":"bus","arr":["123","135"],"off":[0,-0.8]}},{"type":"Feature","geometry":{"type":"Point","coordinates":[26.148276,44.405968]},"properties":{"line":"123","mode":"bus","color":"#0059a9","colorDark":"#00294f","band":3,"off":[-1.7,1.1]}},{"type":"Feature","geometry":{"type":"Point","coordinates":[26.148276,44.405968]},"properties":{"line":"135","mode":"bus","color":"#0059a9","colorDark":"#00294f","band":3,"off":[1.7,1.1]}},{"type":"Feature","geometry":{"type":"Point","coordinates":[26.138954,44.359518]},"properties":{"name":"Vulcan Berceni","band":3,"modes":"bus","arr":["125","141","220","N105"],"off":[0,-0.8]}},{"type":"Feature","geometry":{"type":"Point","coordinates":[26.138954,44.359518]},"properties":{"line":"125","mode":"bus","color":"#0059a9","colorDark":"#00294f","band":3,"off":[-5.1,1.1]}},{"type":"Feature","geometry":{"type":"Point","coordinates":[26.138954,44.359518]},"properties":{"line":"141","mode":"bus","color":"#0059a9","colorDark":"#00294f","band":3,"off":[-1.7,1.1]}},{"type":"Feature","geometry":{"type":"Point","coordinates":[26.138954,44.359518]},"properties":{"line":"220","mode":"bus","color":"#0059a9","colorDark":"#00294f","band":3,"off":[1.7,1.1]}},{"type":"Feature","geometry":{"type":"Point","coordinates":[26.138954,44.359518]},"properties":{"line":"N105","mode":"bus","color":"#000000","colorDark":"#000000","band":3,"off":[5.1,1.1]}},{"type":"Feature","geometry":{"type":"Point","coordinates":[26.135018,44.379396]},"properties":{"name":"Cartier Apărătorii Patriei","band":3,"modes":"bus","arr":["241"],"off":[0,-0.8]}},{"type":"Feature","geometry":{"type":"Point","coordinates":[26.135018,44.379396]},"properties":{"line":"241","mode":"bus","color":"#0059a9","colorDark":"#00294f","band":3,"off":[0,1.1]}},{"type":"Feature","geometry":{"type":"Point","coordinates":[26.146026,44.337189]},"properties":{"name":"Peco Silflor Move","band":3,"modes":"bus","arr":["125"],"off":[0,-0.8]}},{"type":"Feature","geometry":{"type":"Point","coordinates":[26.146026,44.337189]},"properties":{"line":"125","mode":"bus","color":"#0059a9","colorDark":"#00294f","band":3,"off":[0,1.1]}},{"type":"Feature","geometry":{"type":"Point","coordinates":[25.958592,44.437839]},"properties":{"name":"Carrefour Militari","band":3,"modes":"bus","arr":["137"],"off":[0,-0.8]}},{"type":"Feature","geometry":{"type":"Point","coordinates":[25.958592,44.437839]},"properties":{"line":"137","mode":"bus","color":"#0059a9","colorDark":"#00294f","band":3,"off":[0,1.1]}},{"type":"Feature","geometry":{"type":"Point","coordinates":[26.055557,44.428637]},"properties":{"name":"Bd. G-ral Paul Teodorescu","band":3,"modes":"bus","arr":["487"],"off":[0,-0.8]}},{"type":"Feature","geometry":{"type":"Point","coordinates":[26.055557,44.428637]},"properties":{"line":"487","mode":"bus","color":"#0059a9","colorDark":"#00294f","band":3,"off":[0,1.1]}},{"type":"Feature","geometry":{"type":"Point","coordinates":[25.984923,44.439445]},"properties":{"name":"Complex Militari","band":3,"modes":"bus","arr":["138"],"off":[0,-0.8]}},{"type":"Feature","geometry":{"type":"Point","coordinates":[25.984923,44.439445]},"properties":{"line":"138","mode":"bus","color":"#0059a9","colorDark":"#00294f","band":3,"off":[0,1.1]}},{"type":"Feature","geometry":{"type":"Point","coordinates":[26.034754,44.410268]},"properties":{"name":"Dedeman Ghencea","band":3,"modes":"bus","arr":["138","221"],"off":[0,-0.8]}},{"type":"Feature","geometry":{"type":"Point","coordinates":[26.034754,44.410268]},"properties":{"line":"138","mode":"bus","color":"#0059a9","colorDark":"#00294f","band":3,"off":[-1.7,1.1]}},{"type":"Feature","geometry":{"type":"Point","coordinates":[26.034754,44.410268]},"properties":{"line":"221","mode":"bus","color":"#0059a9","colorDark":"#00294f","band":3,"off":[1.7,1.1]}},{"type":"Feature","geometry":{"type":"Point","coordinates":[26.078301,44.387223]},"properties":{"name":"Zețarilor","band":3,"modes":"bus","arr":["139","141","216","323","N118"],"off":[0,-0.8]}},{"type":"Feature","geometry":{"type":"Point","coordinates":[26.078301,44.387223]},"properties":{"line":"139","mode":"bus","color":"#0059a9","colorDark":"#00294f","band":3,"off":[-6.8,1.1]}},{"type":"Feature","geometry":{"type":"Point","coordinates":[26.078301,44.387223]},"properties":{"line":"141","mode":"bus","color":"#0059a9","colorDark":"#00294f","band":3,"off":[-3.4,1.1]}},{"type":"Feature","geometry":{"type":"Point","coordinates":[26.078301,44.387223]},"properties":{"line":"216","mode":"bus","color":"#0059a9","colorDark":"#00294f","band":3,"off":[0,1.1]}},{"type":"Feature","geometry":{"type":"Point","coordinates":[26.078301,44.387223]},"properties":{"line":"323","mode":"bus","color":"#0059a9","colorDark":"#00294f","band":3,"off":[3.4,1.1]}},{"type":"Feature","geometry":{"type":"Point","coordinates":[26.078301,44.387223]},"properties":{"line":"N118","mode":"bus","color":"#000000","colorDark":"#000000","band":3,"off":[6.8,1.1]}},{"type":"Feature","geometry":{"type":"Point","coordinates":[26.059171,44.434045]},"properties":{"name":"Piața Leul","band":3,"modes":"bus","arr":["139"],"off":[0,-0.8]}},{"type":"Feature","geometry":{"type":"Point","coordinates":[26.059171,44.434045]},"properties":{"line":"139","mode":"bus","color":"#0059a9","colorDark":"#00294f","band":3,"off":[0,1.1]}},{"type":"Feature","geometry":{"type":"Point","coordinates":[26.000667,44.471218]},"properties":{"name":"Giulești Sârbi","band":3,"modes":"bus","arr":["162","163"],"off":[0,-0.8]}},{"type":"Feature","geometry":{"type":"Point","coordinates":[26.000667,44.471218]},"properties":{"line":"162","mode":"bus","color":"#0059a9","colorDark":"#00294f","band":3,"off":[-1.7,1.1]}},{"type":"Feature","geometry":{"type":"Point","coordinates":[26.000667,44.471218]},"properties":{"line":"163","mode":"bus","color":"#0059a9","colorDark":"#00294f","band":3,"off":[1.7,1.1]}},{"type":"Feature","geometry":{"type":"Point","coordinates":[26.022296,44.470095]},"properties":{"name":"Cartier Giulești","band":3,"modes":"tram,bus","arr":["44","N110"],"off":[0,-0.8]}},{"type":"Feature","geometry":{"type":"Point","coordinates":[26.022296,44.470095]},"properties":{"line":"44","mode":"tram","color":"#d6212b","colorDark":"#7c1116","band":3,"off":[-1.7,1.1]}},{"type":"Feature","geometry":{"type":"Point","coordinates":[26.022296,44.470095]},"properties":{"line":"N110","mode":"bus","color":"#000000","colorDark":"#000000","band":3,"off":[1.7,1.1]}},{"type":"Feature","geometry":{"type":"Point","coordinates":[26.097524,44.445581]},"properties":{"name":"Piața Romana","band":3,"modes":"bus","arr":["168","226","368"],"off":[0,-0.8]}},{"type":"Feature","geometry":{"type":"Point","coordinates":[26.097524,44.445581]},"properties":{"line":"168","mode":"bus","color":"#0059a9","colorDark":"#00294f","band":3,"off":[-3.4,1.1]}},{"type":"Feature","geometry":{"type":"Point","coordinates":[26.097524,44.445581]},"properties":{"line":"226","mode":"bus","color":"#0059a9","colorDark":"#00294f","band":3,"off":[0,1.1]}},{"type":"Feature","geometry":{"type":"Point","coordinates":[26.097524,44.445581]},"properties":{"line":"368","mode":"bus","color":"#0059a9","colorDark":"#00294f","band":3,"off":[3.4,1.1]}},{"type":"Feature","geometry":{"type":"Point","coordinates":[26.094969,44.437802]},"properties":{"name":"Sala Palatului","band":3,"modes":"bus","arr":["178","311"],"off":[0,-0.8]}},{"type":"Feature","geometry":{"type":"Point","coordinates":[26.094969,44.437802]},"properties":{"line":"178","mode":"bus","color":"#0059a9","colorDark":"#00294f","band":3,"off":[-1.7,1.1]}},{"type":"Feature","geometry":{"type":"Point","coordinates":[26.094969,44.437802]},"properties":{"line":"311","mode":"bus","color":"#0059a9","colorDark":"#00294f","band":3,"off":[1.7,1.1]}},{"type":"Feature","geometry":{"type":"Point","coordinates":[26.176953,44.475906]},"properties":{"name":"Dragonul Roșu","band":3,"modes":"bus","arr":["182"],"off":[0,-0.8]}},{"type":"Feature","geometry":{"type":"Point","coordinates":[26.176953,44.475906]},"properties":{"line":"182","mode":"bus","color":"#0059a9","colorDark":"#00294f","band":3,"off":[0,1.1]}},{"type":"Feature","geometry":{"type":"Point","coordinates":[26.155423,44.462967]},"properties":{"name":"Institutul Oncologic","band":3,"modes":"bus","arr":["N103"],"off":[0,-0.8]}},{"type":"Feature","geometry":{"type":"Point","coordinates":[26.155423,44.462967]},"properties":{"line":"N103","mode":"bus","color":"#000000","colorDark":"#000000","band":3,"off":[0,1.1]}},{"type":"Feature","geometry":{"type":"Point","coordinates":[26.045803,44.414915]},"properties":{"name":"Ghencea","band":3,"modes":"tram,bus","arr":["10","41","185","422","423","425","425B","426","427","428","484","610"],"off":[0,-0.8]}},{"type":"Feature","geometry":{"type":"Point","coordinates":[26.045803,44.414915]},"properties":{"line":"10","mode":"tram","color":"#d6212b","colorDark":"#7c1116","band":3,"off":[-6.8,1.1]}},{"type":"Feature","geometry":{"type":"Point","coordinates":[26.045803,44.414915]},"properties":{"line":"41","mode":"tram","color":"#d6212b","colorDark":"#7c1116","band":3,"off":[-3.4,1.1]}},{"type":"Feature","geometry":{"type":"Point","coordinates":[26.045803,44.414915]},"properties":{"line":"185","mode":"bus","color":"#0059a9","colorDark":"#00294f","band":3,"off":[0,1.1]}},{"type":"Feature","geometry":{"type":"Point","coordinates":[26.045803,44.414915]},"properties":{"line":"422","mode":"bus","color":"#0059a9","colorDark":"#00294f","band":3,"off":[3.4,1.1]}},{"type":"Feature","geometry":{"type":"Point","coordinates":[26.045803,44.414915]},"properties":{"line":"423","mode":"bus","color":"#0059a9","colorDark":"#00294f","band":3,"off":[6.8,1.1]}},{"type":"Feature","geometry":{"type":"Point","coordinates":[26.045803,44.414915]},"properties":{"line":"425","mode":"bus","color":"#0059a9","colorDark":"#00294f","band":3,"off":[-6.8,3.1]}},{"type":"Feature","geometry":{"type":"Point","coordinates":[26.045803,44.414915]},"properties":{"line":"425B","mode":"bus","color":"#0059a9","colorDark":"#00294f","band":3,"off":[-3.4,3.1]}},{"type":"Feature","geometry":{"type":"Point","coordinates":[26.045803,44.414915]},"properties":{"line":"426","mode":"bus","color":"#0059a9","colorDark":"#00294f","band":3,"off":[0,3.1]}},{"type":"Feature","geometry":{"type":"Point","coordinates":[26.045803,44.414915]},"properties":{"line":"427","mode":"bus","color":"#0059a9","colorDark":"#00294f","band":3,"off":[3.4,3.1]}},{"type":"Feature","geometry":{"type":"Point","coordinates":[26.045803,44.414915]},"properties":{"line":"428","mode":"bus","color":"#0059a9","colorDark":"#00294f","band":3,"off":[6.8,3.1]}},{"type":"Feature","geometry":{"type":"Point","coordinates":[26.045803,44.414915]},"properties":{"line":"484","mode":"bus","color":"#0059a9","colorDark":"#00294f","band":3,"off":[-1.7,5.1]}},{"type":"Feature","geometry":{"type":"Point","coordinates":[26.045803,44.414915]},"properties":{"line":"610","mode":"bus","color":"#0059a9","colorDark":"#00294f","band":3,"off":[1.7,5.1]}},{"type":"Feature","geometry":{"type":"Point","coordinates":[26.0215,44.403975]},"properties":{"name":"Cimitirul Ghencea 3","band":3,"modes":"bus","arr":["185"],"off":[0,-0.8]}},{"type":"Feature","geometry":{"type":"Point","coordinates":[26.0215,44.403975]},"properties":{"line":"185","mode":"bus","color":"#0059a9","colorDark":"#00294f","band":3,"off":[0,1.1]}},{"type":"Feature","geometry":{"type":"Point","coordinates":[26.081136,44.496195]},"properties":{"name":"Aeroport Băneasa","band":3,"modes":"bus","arr":["196"],"off":[0,-0.8]}},{"type":"Feature","geometry":{"type":"Point","coordinates":[26.081136,44.496195]},"properties":{"line":"196","mode":"bus","color":"#0059a9","colorDark":"#00294f","band":3,"off":[0,1.1]}},{"type":"Feature","geometry":{"type":"Point","coordinates":[26.092421,44.41536]},"properties":{"name":"Autogara Filaret","band":3,"modes":"bus","arr":["196"],"off":[0,-0.8]}},{"type":"Feature","geometry":{"type":"Point","coordinates":[26.092421,44.41536]},"properties":{"line":"196","mode":"bus","color":"#0059a9","colorDark":"#00294f","band":3,"off":[0,1.1]}},{"type":"Feature","geometry":{"type":"Point","coordinates":[26.094873,44.53807]},"properties":{"name":"Cartier Greenfield","band":3,"modes":"bus","arr":["203"],"off":[0,-0.8]}},{"type":"Feature","geometry":{"type":"Point","coordinates":[26.094873,44.53807]},"properties":{"line":"203","mode":"bus","color":"#0059a9","colorDark":"#00294f","band":3,"off":[0,1.1]}},{"type":"Feature","geometry":{"type":"Point","coordinates":[26.084405,44.454842]},"properties":{"name":"Piața Victoriei","band":3,"modes":"bus","arr":["203"],"off":[0,-0.8]}},{"type":"Feature","geometry":{"type":"Point","coordinates":[26.084405,44.454842]},"properties":{"line":"203","mode":"bus","color":"#0059a9","colorDark":"#00294f","band":3,"off":[0,1.1]}},{"type":"Feature","geometry":{"type":"Point","coordinates":[26.064835,44.406747]},"properties":{"name":"Piața Rahova","band":3,"modes":"bus","arr":["220"],"off":[0,-0.8]}},{"type":"Feature","geometry":{"type":"Point","coordinates":[26.064835,44.406747]},"properties":{"line":"220","mode":"bus","color":"#0059a9","colorDark":"#00294f","band":3,"off":[0,1.1]}},{"type":"Feature","geometry":{"type":"Point","coordinates":[26.113813,44.416466]},"properties":{"name":"Univ. Creștină Dimitrie Cantemir","band":3,"modes":"bus","arr":["223"],"off":[0,-0.8]}},{"type":"Feature","geometry":{"type":"Point","coordinates":[26.113813,44.416466]},"properties":{"line":"223","mode":"bus","color":"#0059a9","colorDark":"#00294f","band":3,"off":[0,1.1]}},{"type":"Feature","geometry":{"type":"Point","coordinates":[26.218552,44.395888]},"properties":{"name":"Pasarela","band":3,"modes":"bus","arr":["223"],"off":[0,-0.8]}},{"type":"Feature","geometry":{"type":"Point","coordinates":[26.218552,44.395888]},"properties":{"line":"223","mode":"bus","color":"#0059a9","colorDark":"#00294f","band":3,"off":[0,1.1]}},{"type":"Feature","geometry":{"type":"Point","coordinates":[26.113073,44.363484]},"properties":{"name":"Biserica Sfinții Brâncoveni","band":3,"modes":"bus","arr":["241"],"off":[0,-0.8]}},{"type":"Feature","geometry":{"type":"Point","coordinates":[26.113073,44.363484]},"properties":{"line":"241","mode":"bus","color":"#0059a9","colorDark":"#00294f","band":3,"off":[0,1.1]}},{"type":"Feature","geometry":{"type":"Point","coordinates":[26.131806,44.462921]},"properties":{"name":"Șoseaua Colentina","band":3,"modes":"bus","arr":["290"],"off":[0,-0.8]}},{"type":"Feature","geometry":{"type":"Point","coordinates":[26.131806,44.462921]},"properties":{"line":"290","mode":"bus","color":"#0059a9","colorDark":"#00294f","band":3,"off":[0,1.1]}},{"type":"Feature","geometry":{"type":"Point","coordinates":[26.127674,44.465359]},"properties":{"name":"Bd. Lacul Tei","band":3,"modes":"bus","arr":["243"],"off":[0,-0.8]}},{"type":"Feature","geometry":{"type":"Point","coordinates":[26.127674,44.465359]},"properties":{"line":"243","mode":"bus","color":"#0059a9","colorDark":"#00294f","band":3,"off":[0,1.1]}},{"type":"Feature","geometry":{"type":"Point","coordinates":[26.195382,44.40721]},"properties":{"name":"M Nicolae Teclu","band":3,"modes":"bus","arr":["246","405","408","472","480","627"],"off":[0,-0.8]}},{"type":"Feature","geometry":{"type":"Point","coordinates":[26.195382,44.40721]},"properties":{"line":"246","mode":"bus","color":"#0059a9","colorDark":"#00294f","band":3,"off":[-6.8,1.1]}},{"type":"Feature","geometry":{"type":"Point","coordinates":[26.195382,44.40721]},"properties":{"line":"405","mode":"bus","color":"#0059a9","colorDark":"#00294f","band":3,"off":[-3.4,1.1]}},{"type":"Feature","geometry":{"type":"Point","coordinates":[26.195382,44.40721]},"properties":{"line":"408","mode":"bus","color":"#0059a9","colorDark":"#00294f","band":3,"off":[0,1.1]}},{"type":"Feature","geometry":{"type":"Point","coordinates":[26.195382,44.40721]},"properties":{"line":"472","mode":"bus","color":"#0059a9","colorDark":"#00294f","band":3,"off":[3.4,1.1]}},{"type":"Feature","geometry":{"type":"Point","coordinates":[26.195382,44.40721]},"properties":{"line":"480","mode":"bus","color":"#0059a9","colorDark":"#00294f","band":3,"off":[6.8,1.1]}},{"type":"Feature","geometry":{"type":"Point","coordinates":[26.195382,44.40721]},"properties":{"line":"627","mode":"bus","color":"#0059a9","colorDark":"#00294f","band":3,"off":[0,3.1]}},{"type":"Feature","geometry":{"type":"Point","coordinates":[26.200912,44.406178]},"properties":{"name":"Complex Titan","band":3,"modes":"bus","arr":["N111"],"off":[0,-0.8]}},{"type":"Feature","geometry":{"type":"Point","coordinates":[26.200912,44.406178]},"properties":{"line":"N111","mode":"bus","color":"#000000","colorDark":"#000000","band":3,"off":[0,1.1]}},{"type":"Feature","geometry":{"type":"Point","coordinates":[26.193718,44.422966]},"properties":{"name":"Parcul Teilor","band":3,"modes":"bus","arr":["253","330","N104"],"off":[0,-0.8]}},{"type":"Feature","geometry":{"type":"Point","coordinates":[26.193718,44.422966]},"properties":{"line":"253","mode":"bus","color":"#0059a9","colorDark":"#00294f","band":3,"off":[-3.4,1.1]}},{"type":"Feature","geometry":{"type":"Point","coordinates":[26.193718,44.422966]},"properties":{"line":"330","mode":"bus","color":"#0059a9","colorDark":"#00294f","band":3,"off":[0,1.1]}},{"type":"Feature","geometry":{"type":"Point","coordinates":[26.193718,44.422966]},"properties":{"line":"N104","mode":"bus","color":"#000000","colorDark":"#000000","band":3,"off":[3.4,1.1]}},{"type":"Feature","geometry":{"type":"Point","coordinates":[26.148218,44.464363]},"properties":{"name":"Șoseaua Fundeni","band":3,"modes":"bus","arr":["282","N120"],"off":[0,-0.8]}},{"type":"Feature","geometry":{"type":"Point","coordinates":[26.148218,44.464363]},"properties":{"line":"282","mode":"bus","color":"#0059a9","colorDark":"#00294f","band":3,"off":[-1.7,1.1]}},{"type":"Feature","geometry":{"type":"Point","coordinates":[26.148218,44.464363]},"properties":{"line":"N120","mode":"bus","color":"#000000","colorDark":"#000000","band":3,"off":[1.7,1.1]}},{"type":"Feature","geometry":{"type":"Point","coordinates":[26.085992,44.508092]},"properties":{"name":"Complex Băneasa","band":3,"modes":"bus","arr":["290","335","435","450","473","N119"],"off":[0,-0.8]}},{"type":"Feature","geometry":{"type":"Point","coordinates":[26.085992,44.508092]},"properties":{"line":"290","mode":"bus","color":"#0059a9","colorDark":"#00294f","band":3,"off":[-6.8,1.1]}},{"type":"Feature","geometry":{"type":"Point","coordinates":[26.085992,44.508092]},"properties":{"line":"335","mode":"bus","color":"#0059a9","colorDark":"#00294f","band":3,"off":[-3.4,1.1]}},{"type":"Feature","geometry":{"type":"Point","coordinates":[26.085992,44.508092]},"properties":{"line":"435","mode":"bus","color":"#0059a9","colorDark":"#00294f","band":3,"off":[0,1.1]}},{"type":"Feature","geometry":{"type":"Point","coordinates":[26.085992,44.508092]},"properties":{"line":"450","mode":"bus","color":"#0059a9","colorDark":"#00294f","band":3,"off":[3.4,1.1]}},{"type":"Feature","geometry":{"type":"Point","coordinates":[26.085992,44.508092]},"properties":{"line":"473","mode":"bus","color":"#0059a9","colorDark":"#00294f","band":3,"off":[6.8,1.1]}},{"type":"Feature","geometry":{"type":"Point","coordinates":[26.085992,44.508092]},"properties":{"line":"N119","mode":"bus","color":"#000000","colorDark":"#000000","band":3,"off":[0,3.1]}},{"type":"Feature","geometry":{"type":"Point","coordinates":[26.142701,44.534744]},"properties":{"name":"Pasaj CFR Tunari","band":3,"modes":"bus","arr":["301"],"off":[0,-0.8]}},{"type":"Feature","geometry":{"type":"Point","coordinates":[26.142701,44.534744]},"properties":{"line":"301","mode":"bus","color":"#0059a9","colorDark":"#00294f","band":3,"off":[0,1.1]}},{"type":"Feature","geometry":{"type":"Point","coordinates":[26.097224,44.446188]},"properties":{"name":"Piața Romana","band":3,"modes":"bus","arr":["301","301B","331","331B"],"off":[0,-0.8]}},{"type":"Feature","geometry":{"type":"Point","coordinates":[26.097224,44.446188]},"properties":{"line":"301","mode":"bus","color":"#0059a9","colorDark":"#00294f","band":3,"off":[-5.1,1.1]}},{"type":"Feature","geometry":{"type":"Point","coordinates":[26.097224,44.446188]},"properties":{"line":"301B","mode":"bus","color":"#0059a9","colorDark":"#00294f","band":3,"off":[-1.7,1.1]}},{"type":"Feature","geometry":{"type":"Point","coordinates":[26.097224,44.446188]},"properties":{"line":"331","mode":"bus","color":"#0059a9","colorDark":"#00294f","band":3,"off":[1.7,1.1]}},{"type":"Feature","geometry":{"type":"Point","coordinates":[26.097224,44.446188]},"properties":{"line":"331B","mode":"bus","color":"#0059a9","colorDark":"#00294f","band":3,"off":[5.1,1.1]}},{"type":"Feature","geometry":{"type":"Point","coordinates":[26.142005,44.550082]},"properties":{"name":"Tunari","band":3,"modes":"bus","arr":["301B"],"off":[0,-0.8]}},{"type":"Feature","geometry":{"type":"Point","coordinates":[26.142005,44.550082]},"properties":{"line":"301B","mode":"bus","color":"#0059a9","colorDark":"#00294f","band":3,"off":[0,1.1]}},{"type":"Feature","geometry":{"type":"Point","coordinates":[26.138864,44.419785]},"properties":{"name":"Dristorului","band":3,"modes":"bus","arr":["330","627"],"off":[0,-0.8]}},{"type":"Feature","geometry":{"type":"Point","coordinates":[26.138864,44.419785]},"properties":{"line":"330","mode":"bus","color":"#0059a9","colorDark":"#00294f","band":3,"off":[-1.7,1.1]}},{"type":"Feature","geometry":{"type":"Point","coordinates":[26.138864,44.419785]},"properties":{"line":"627","mode":"bus","color":"#0059a9","colorDark":"#00294f","band":3,"off":[1.7,1.1]}},{"type":"Feature","geometry":{"type":"Point","coordinates":[26.051457,44.488246]},"properties":{"name":"Cartier Dămăroaia","band":3,"modes":"bus","arr":["331"],"off":[0,-0.8]}},{"type":"Feature","geometry":{"type":"Point","coordinates":[26.051457,44.488246]},"properties":{"line":"331","mode":"bus","color":"#0059a9","colorDark":"#00294f","band":3,"off":[0,1.1]}},{"type":"Feature","geometry":{"type":"Point","coordinates":[26.062245,44.490688]},"properties":{"name":"Petrom City","band":3,"modes":"bus","arr":["331B"],"off":[0,-0.8]}},{"type":"Feature","geometry":{"type":"Point","coordinates":[26.062245,44.490688]},"properties":{"line":"331B","mode":"bus","color":"#0059a9","colorDark":"#00294f","band":3,"off":[0,1.1]}},{"type":"Feature","geometry":{"type":"Point","coordinates":[26.176185,44.470448]},"properties":{"name":"Fundeni","band":3,"modes":"bus","arr":["343"],"off":[0,-0.8]}},{"type":"Feature","geometry":{"type":"Point","coordinates":[26.176185,44.470448]},"properties":{"line":"343","mode":"bus","color":"#0059a9","colorDark":"#00294f","band":3,"off":[0,1.1]}},{"type":"Feature","geometry":{"type":"Point","coordinates":[26.097353,44.497582]},"properties":{"name":"Cartier Henri Coandă","band":3,"modes":"bus","arr":["343"],"off":[0,-0.8]}},{"type":"Feature","geometry":{"type":"Point","coordinates":[26.097353,44.497582]},"properties":{"line":"343","mode":"bus","color":"#0059a9","colorDark":"#00294f","band":3,"off":[0,1.1]}},{"type":"Feature","geometry":{"type":"Point","coordinates":[26.147529,44.48163]},"properties":{"name":"Escalei","band":3,"modes":"bus","arr":["382"],"off":[0,-0.8]}},{"type":"Feature","geometry":{"type":"Point","coordinates":[26.147529,44.48163]},"properties":{"line":"382","mode":"bus","color":"#0059a9","colorDark":"#00294f","band":3,"off":[0,1.1]}},{"type":"Feature","geometry":{"type":"Point","coordinates":[26.125219,44.549023]},"properties":{"name":"Tunari (1 Decembrie)","band":3,"modes":"bus","arr":["459"],"off":[0,-0.8]}},{"type":"Feature","geometry":{"type":"Point","coordinates":[26.125219,44.549023]},"properties":{"line":"459","mode":"bus","color":"#0059a9","colorDark":"#00294f","band":3,"off":[0,1.1]}},{"type":"Feature","geometry":{"type":"Point","coordinates":[26.353751,44.424339]},"properties":{"name":"Vadu Anei","band":3,"modes":"bus","arr":["403"],"off":[0,-0.8]}},{"type":"Feature","geometry":{"type":"Point","coordinates":[26.353751,44.424339]},"properties":{"line":"403","mode":"bus","color":"#0059a9","colorDark":"#00294f","band":3,"off":[0,1.1]}},{"type":"Feature","geometry":{"type":"Point","coordinates":[26.349513,44.445026]},"properties":{"name":"Brănești","band":3,"modes":"bus","arr":["458"],"off":[0,-0.8]}},{"type":"Feature","geometry":{"type":"Point","coordinates":[26.349513,44.445026]},"properties":{"line":"458","mode":"bus","color":"#0059a9","colorDark":"#00294f","band":3,"off":[0,1.1]}},{"type":"Feature","geometry":{"type":"Point","coordinates":[26.290014,44.392616]},"properties":{"name":"Spital Bălăceanca","band":3,"modes":"bus","arr":["405"],"off":[0,-0.8]}},{"type":"Feature","geometry":{"type":"Point","coordinates":[26.290014,44.392616]},"properties":{"line":"405","mode":"bus","color":"#0059a9","colorDark":"#00294f","band":3,"off":[0,1.1]}},{"type":"Feature","geometry":{"type":"Point","coordinates":[26.315281,44.371368]},"properties":{"name":"Sat Poșta","band":3,"modes":"bus","arr":["407"],"off":[0,-0.8]}},{"type":"Feature","geometry":{"type":"Point","coordinates":[26.315281,44.371368]},"properties":{"line":"407","mode":"bus","color":"#0059a9","colorDark":"#00294f","band":3,"off":[0,1.1]}},{"type":"Feature","geometry":{"type":"Point","coordinates":[26.24799,44.403277]},"properties":{"name":"Manolache","band":3,"modes":"bus","arr":["408"],"off":[0,-0.8]}},{"type":"Feature","geometry":{"type":"Point","coordinates":[26.24799,44.403277]},"properties":{"line":"408","mode":"bus","color":"#0059a9","colorDark":"#00294f","band":3,"off":[0,1.1]}},{"type":"Feature","geometry":{"type":"Point","coordinates":[26.218866,44.606725]},"properties":{"name":"Crizantemelor","band":3,"modes":"bus","arr":["409B"],"off":[0,-0.8]}},{"type":"Feature","geometry":{"type":"Point","coordinates":[26.218866,44.606725]},"properties":{"line":"409B","mode":"bus","color":"#0059a9","colorDark":"#00294f","band":3,"off":[0,1.1]}},{"type":"Feature","geometry":{"type":"Point","coordinates":[26.30936,44.741376]},"properties":{"name":"Merii Petchii Sosiri","band":3,"modes":"bus","arr":["409"],"off":[0,-0.8]}},{"type":"Feature","geometry":{"type":"Point","coordinates":[26.30936,44.741376]},"properties":{"name":"Merii Petchii","band":3,"modes":"bus","arr":["409"],"off":[0,-3]}},{"type":"Feature","geometry":{"type":"Point","coordinates":[26.30936,44.741376]},"properties":{"line":"409","mode":"bus","color":"#0059a9","colorDark":"#00294f","band":3,"off":[0,1.1]}},{"type":"Feature","geometry":{"type":"Point","coordinates":[26.243629,44.602365]},"properties":{"name":"Gagu","band":3,"modes":"bus","arr":["411","468"],"off":[0,-0.8]}},{"type":"Feature","geometry":{"type":"Point","coordinates":[26.243629,44.602365]},"properties":{"line":"411","mode":"bus","color":"#0059a9","colorDark":"#00294f","band":3,"off":[-1.7,1.1]}},{"type":"Feature","geometry":{"type":"Point","coordinates":[26.243629,44.602365]},"properties":{"line":"468","mode":"bus","color":"#0059a9","colorDark":"#00294f","band":3,"off":[1.7,1.1]}},{"type":"Feature","geometry":{"type":"Point","coordinates":[26.360723,44.573215]},"properties":{"name":"Măineasca","band":3,"modes":"bus","arr":["412"],"off":[0,-0.8]}},{"type":"Feature","geometry":{"type":"Point","coordinates":[26.360723,44.573215]},"properties":{"line":"412","mode":"bus","color":"#0059a9","colorDark":"#00294f","band":3,"off":[0,1.1]}},{"type":"Feature","geometry":{"type":"Point","coordinates":[26.335711,44.503075]},"properties":{"name":"Piteasca","band":3,"modes":"bus","arr":["413","417","457"],"off":[0,-0.8]}},{"type":"Feature","geometry":{"type":"Point","coordinates":[26.335711,44.503075]},"properties":{"line":"413","mode":"bus","color":"#0059a9","colorDark":"#00294f","band":3,"off":[-3.4,1.1]}},{"type":"Feature","geometry":{"type":"Point","coordinates":[26.335711,44.503075]},"properties":{"line":"417","mode":"bus","color":"#0059a9","colorDark":"#00294f","band":3,"off":[0,1.1]}},{"type":"Feature","geometry":{"type":"Point","coordinates":[26.335711,44.503075]},"properties":{"line":"457","mode":"bus","color":"#0059a9","colorDark":"#00294f","band":3,"off":[3.4,1.1]}},{"type":"Feature","geometry":{"type":"Point","coordinates":[26.115299,44.480676]},"properties":{"name":"M Pipera","band":3,"modes":"bus","arr":["416","450","488"],"off":[0,-0.8]}},{"type":"Feature","geometry":{"type":"Point","coordinates":[26.115299,44.480676]},"properties":{"line":"416","mode":"bus","color":"#0059a9","colorDark":"#00294f","band":3,"off":[-3.4,1.1]}},{"type":"Feature","geometry":{"type":"Point","coordinates":[26.115299,44.480676]},"properties":{"line":"450","mode":"bus","color":"#0059a9","colorDark":"#00294f","band":3,"off":[0,1.1]}},{"type":"Feature","geometry":{"type":"Point","coordinates":[26.115299,44.480676]},"properties":{"line":"488","mode":"bus","color":"#0059a9","colorDark":"#00294f","band":3,"off":[3.4,1.1]}},{"type":"Feature","geometry":{"type":"Point","coordinates":[26.186424,44.480592]},"properties":{"name":"Strada Gării Pantelimon","band":3,"modes":"bus","arr":["416","473"],"off":[0,-0.8]}},{"type":"Feature","geometry":{"type":"Point","coordinates":[26.186424,44.480592]},"properties":{"line":"416","mode":"bus","color":"#0059a9","colorDark":"#00294f","band":3,"off":[-1.7,1.1]}},{"type":"Feature","geometry":{"type":"Point","coordinates":[26.186424,44.480592]},"properties":{"line":"473","mode":"bus","color":"#0059a9","colorDark":"#00294f","band":3,"off":[1.7,1.1]}},{"type":"Feature","geometry":{"type":"Point","coordinates":[26.088775,44.36907]},"properties":{"name":"C.F.R. Progresul","band":3,"modes":"tram,bus","arr":["7","25","418","419","428","465"],"off":[0,-0.8]}},{"type":"Feature","geometry":{"type":"Point","coordinates":[26.088775,44.36907]},"properties":{"name":"C.f.r. Progresul","band":3,"modes":"tram,bus","arr":["7","25","418","419","428","465"],"off":[0,-1.9]}},{"type":"Feature","geometry":{"type":"Point","coordinates":[26.088775,44.36907]},"properties":{"line":"7","mode":"tram","color":"#d6212b","colorDark":"#7c1116","band":3,"off":[-6.8,1.1]}},{"type":"Feature","geometry":{"type":"Point","coordinates":[26.088775,44.36907]},"properties":{"line":"25","mode":"tram","color":"#d6212b","colorDark":"#7c1116","band":3,"off":[-3.4,1.1]}},{"type":"Feature","geometry":{"type":"Point","coordinates":[26.088775,44.36907]},"properties":{"line":"418","mode":"bus","color":"#0059a9","colorDark":"#00294f","band":3,"off":[0,1.1]}},{"type":"Feature","geometry":{"type":"Point","coordinates":[26.088775,44.36907]},"properties":{"line":"419","mode":"bus","color":"#0059a9","colorDark":"#00294f","band":3,"off":[3.4,1.1]}},{"type":"Feature","geometry":{"type":"Point","coordinates":[26.088775,44.36907]},"properties":{"line":"428","mode":"bus","color":"#0059a9","colorDark":"#00294f","band":3,"off":[6.8,1.1]}},{"type":"Feature","geometry":{"type":"Point","coordinates":[26.088775,44.36907]},"properties":{"line":"465","mode":"bus","color":"#0059a9","colorDark":"#00294f","band":3,"off":[0,3.1]}},{"type":"Feature","geometry":{"type":"Point","coordinates":[26.11838,44.265427]},"properties":{"name":"Copăceni","band":3,"modes":"bus","arr":["418"],"off":[0,-0.8]}},{"type":"Feature","geometry":{"type":"Point","coordinates":[26.11838,44.265427]},"properties":{"line":"418","mode":"bus","color":"#0059a9","colorDark":"#00294f","band":3,"off":[0,1.1]}},{"type":"Feature","geometry":{"type":"Point","coordinates":[26.104985,44.343034]},"properties":{"name":"Bumbăcăria Jilava","band":3,"modes":"bus","arr":["419"],"off":[0,-0.8]}},{"type":"Feature","geometry":{"type":"Point","coordinates":[26.104985,44.343034]},"properties":{"line":"419","mode":"bus","color":"#0059a9","colorDark":"#00294f","band":3,"off":[0,1.1]}},{"type":"Feature","geometry":{"type":"Point","coordinates":[25.952908,44.330297]},"properties":{"name":"Cornetu","band":3,"modes":"bus","arr":["421"],"off":[0,-0.8]}},{"type":"Feature","geometry":{"type":"Point","coordinates":[25.952908,44.330297]},"properties":{"line":"421","mode":"bus","color":"#0059a9","colorDark":"#00294f","band":3,"off":[0,1.1]}},{"type":"Feature","geometry":{"type":"Point","coordinates":[25.877664,44.414136]},"properties":{"name":"Dârvari","band":3,"modes":"bus","arr":["422","431"],"off":[0,-0.8]}},{"type":"Feature","geometry":{"type":"Point","coordinates":[25.877664,44.414136]},"properties":{"line":"422","mode":"bus","color":"#0059a9","colorDark":"#00294f","band":3,"off":[-1.7,1.1]}},{"type":"Feature","geometry":{"type":"Point","coordinates":[25.877664,44.414136]},"properties":{"line":"431","mode":"bus","color":"#0059a9","colorDark":"#00294f","band":3,"off":[1.7,1.1]}},{"type":"Feature","geometry":{"type":"Point","coordinates":[25.870102,44.379336]},"properties":{"name":"Țegheș","band":3,"modes":"bus","arr":["423"],"off":[0,-0.8]}},{"type":"Feature","geometry":{"type":"Point","coordinates":[25.870102,44.379336]},"properties":{"line":"423","mode":"bus","color":"#0059a9","colorDark":"#00294f","band":3,"off":[0,1.1]}},{"type":"Feature","geometry":{"type":"Point","coordinates":[25.938284,44.37634]},"properties":{"name":"Clinceni","band":3,"modes":"bus","arr":["424","425B"],"off":[0,-0.8]}},{"type":"Feature","geometry":{"type":"Point","coordinates":[25.938284,44.37634]},"properties":{"line":"424","mode":"bus","color":"#0059a9","colorDark":"#00294f","band":3,"off":[-1.7,1.1]}},{"type":"Feature","geometry":{"type":"Point","coordinates":[25.938284,44.37634]},"properties":{"line":"425B","mode":"bus","color":"#0059a9","colorDark":"#00294f","band":3,"off":[1.7,1.1]}},{"type":"Feature","geometry":{"type":"Point","coordinates":[25.88365,44.36044]},"properties":{"name":"Ordoreanu","band":3,"modes":"bus","arr":["425"],"off":[0,-0.8]}},{"type":"Feature","geometry":{"type":"Point","coordinates":[25.88365,44.36044]},"properties":{"line":"425","mode":"bus","color":"#0059a9","colorDark":"#00294f","band":3,"off":[0,1.1]}},{"type":"Feature","geometry":{"type":"Point","coordinates":[25.886612,44.361169]},"properties":{"name":"Ordoreanu","band":3,"modes":"bus","arr":["425"],"off":[0,-0.8]}},{"type":"Feature","geometry":{"type":"Point","coordinates":[25.886612,44.361169]},"properties":{"line":"425","mode":"bus","color":"#0059a9","colorDark":"#00294f","band":3,"off":[0,1.1]}},{"type":"Feature","geometry":{"type":"Point","coordinates":[25.989116,44.329691]},"properties":{"name":"Pruni","band":3,"modes":"bus","arr":["426"],"off":[0,-0.8]}},{"type":"Feature","geometry":{"type":"Point","coordinates":[25.989116,44.329691]},"properties":{"line":"426","mode":"bus","color":"#0059a9","colorDark":"#00294f","band":3,"off":[0,1.1]}},{"type":"Feature","geometry":{"type":"Point","coordinates":[26.028043,44.307343]},"properties":{"name":"Dărăști","band":3,"modes":"bus","arr":["427"],"off":[0,-0.8]}},{"type":"Feature","geometry":{"type":"Point","coordinates":[26.028043,44.307343]},"properties":{"line":"427","mode":"bus","color":"#0059a9","colorDark":"#00294f","band":3,"off":[0,1.1]}},{"type":"Feature","geometry":{"type":"Point","coordinates":[25.981305,44.508641]},"properties":{"name":"Primăria Chitila","band":3,"modes":"bus","arr":["462","466"],"off":[0,-0.8]}},{"type":"Feature","geometry":{"type":"Point","coordinates":[25.981305,44.508641]},"properties":{"line":"462","mode":"bus","color":"#0059a9","colorDark":"#00294f","band":3,"off":[-1.7,1.1]}},{"type":"Feature","geometry":{"type":"Point","coordinates":[25.981305,44.508641]},"properties":{"line":"466","mode":"bus","color":"#0059a9","colorDark":"#00294f","band":3,"off":[1.7,1.1]}},{"type":"Feature","geometry":{"type":"Point","coordinates":[25.970651,44.515303]},"properties":{"name":"Pasaj Cfr Chitila","band":3,"modes":"bus","arr":["429","435","476"],"off":[0,-0.8]}},{"type":"Feature","geometry":{"type":"Point","coordinates":[25.970651,44.515303]},"properties":{"line":"429","mode":"bus","color":"#0059a9","colorDark":"#00294f","band":3,"off":[-3.4,1.1]}},{"type":"Feature","geometry":{"type":"Point","coordinates":[25.970651,44.515303]},"properties":{"line":"435","mode":"bus","color":"#0059a9","colorDark":"#00294f","band":3,"off":[0,1.1]}},{"type":"Feature","geometry":{"type":"Point","coordinates":[25.970651,44.515303]},"properties":{"line":"476","mode":"bus","color":"#0059a9","colorDark":"#00294f","band":3,"off":[3.4,1.1]}},{"type":"Feature","geometry":{"type":"Point","coordinates":[25.909742,44.493602]},"properties":{"name":"Zurbaua","band":3,"modes":"bus","arr":["432"],"off":[0,-0.8]}},{"type":"Feature","geometry":{"type":"Point","coordinates":[25.909742,44.493602]},"properties":{"line":"432","mode":"bus","color":"#0059a9","colorDark":"#00294f","band":3,"off":[0,1.1]}},{"type":"Feature","geometry":{"type":"Point","coordinates":[25.912239,44.472357]},"properties":{"name":"Dragomirești Deal","band":3,"modes":"bus","arr":["433"],"off":[0,-0.8]}},{"type":"Feature","geometry":{"type":"Point","coordinates":[25.912239,44.472357]},"properties":{"line":"433","mode":"bus","color":"#0059a9","colorDark":"#00294f","band":3,"off":[0,1.1]}},{"type":"Feature","geometry":{"type":"Point","coordinates":[25.97254,44.441486]},"properties":{"name":"Chiajna-Stelelor","band":3,"modes":"bus","arr":["434","483"],"off":[0,-0.8]}},{"type":"Feature","geometry":{"type":"Point","coordinates":[25.97254,44.441486]},"properties":{"line":"434","mode":"bus","color":"#0059a9","colorDark":"#00294f","band":3,"off":[-1.7,1.1]}},{"type":"Feature","geometry":{"type":"Point","coordinates":[25.97254,44.441486]},"properties":{"line":"483","mode":"bus","color":"#0059a9","colorDark":"#00294f","band":3,"off":[1.7,1.1]}},{"type":"Feature","geometry":{"type":"Point","coordinates":[26.033671,44.43433]},"properties":{"name":"M Lujerului","band":3,"modes":"bus","arr":["434","483"],"off":[0,-0.8]}},{"type":"Feature","geometry":{"type":"Point","coordinates":[26.033671,44.43433]},"properties":{"line":"434","mode":"bus","color":"#0059a9","colorDark":"#00294f","band":3,"off":[-1.7,1.1]}},{"type":"Feature","geometry":{"type":"Point","coordinates":[26.033671,44.43433]},"properties":{"line":"483","mode":"bus","color":"#0059a9","colorDark":"#00294f","band":3,"off":[1.7,1.1]}},{"type":"Feature","geometry":{"type":"Point","coordinates":[25.94096,44.575587]},"properties":{"name":"Oraș Buftea","band":3,"modes":"bus","arr":["436"],"off":[0,-0.8]}},{"type":"Feature","geometry":{"type":"Point","coordinates":[25.94096,44.575587]},"properties":{"line":"436","mode":"bus","color":"#0059a9","colorDark":"#00294f","band":3,"off":[0,1.1]}},{"type":"Feature","geometry":{"type":"Point","coordinates":[26.188984,44.259428]},"properties":{"name":"Vidra","band":3,"modes":"bus","arr":["438"],"off":[0,-0.8]}},{"type":"Feature","geometry":{"type":"Point","coordinates":[26.188984,44.259428]},"properties":{"line":"438","mode":"bus","color":"#0059a9","colorDark":"#00294f","band":3,"off":[0,1.1]}},{"type":"Feature","geometry":{"type":"Point","coordinates":[26.123777,44.392627]},"properties":{"name":"Piața Sudului","band":3,"modes":"bus","arr":["439","440","479"],"off":[0,-0.8]}},{"type":"Feature","geometry":{"type":"Point","coordinates":[26.123777,44.392627]},"properties":{"line":"439","mode":"bus","color":"#0059a9","colorDark":"#00294f","band":3,"off":[-3.4,1.1]}},{"type":"Feature","geometry":{"type":"Point","coordinates":[26.123777,44.392627]},"properties":{"line":"440","mode":"bus","color":"#0059a9","colorDark":"#00294f","band":3,"off":[0,1.1]}},{"type":"Feature","geometry":{"type":"Point","coordinates":[26.123777,44.392627]},"properties":{"line":"479","mode":"bus","color":"#0059a9","colorDark":"#00294f","band":3,"off":[3.4,1.1]}},{"type":"Feature","geometry":{"type":"Point","coordinates":[26.195781,44.367136]},"properties":{"name":"Danubiana","band":3,"modes":"bus","arr":["439"],"off":[0,-0.8]}},{"type":"Feature","geometry":{"type":"Point","coordinates":[26.195781,44.367136]},"properties":{"line":"439","mode":"bus","color":"#0059a9","colorDark":"#00294f","band":3,"off":[0,1.1]}},{"type":"Feature","geometry":{"type":"Point","coordinates":[26.221789,44.378706]},"properties":{"name":"Leordeni","band":3,"modes":"bus","arr":["440"],"off":[0,-0.8]}},{"type":"Feature","geometry":{"type":"Point","coordinates":[26.221789,44.378706]},"properties":{"line":"440","mode":"bus","color":"#0059a9","colorDark":"#00294f","band":3,"off":[0,1.1]}},{"type":"Feature","geometry":{"type":"Point","coordinates":[26.014985,44.614253]},"properties":{"name":"Ostratu","band":3,"modes":"bus","arr":["441"],"off":[0,-0.8]}},{"type":"Feature","geometry":{"type":"Point","coordinates":[26.014985,44.614253]},"properties":{"line":"441","mode":"bus","color":"#0059a9","colorDark":"#00294f","band":3,"off":[0,1.1]}},{"type":"Feature","geometry":{"type":"Point","coordinates":[25.998536,44.577751]},"properties":{"name":"Tamași","band":3,"modes":"bus","arr":["441B"],"off":[0,-0.8]}},{"type":"Feature","geometry":{"type":"Point","coordinates":[25.998536,44.577751]},"properties":{"line":"441B","mode":"bus","color":"#0059a9","colorDark":"#00294f","band":3,"off":[0,1.1]}},{"type":"Feature","geometry":{"type":"Point","coordinates":[26.087139,44.606075]},"properties":{"name":"Therme București","band":3,"modes":"bus","arr":["442"],"off":[0,-0.8]}},{"type":"Feature","geometry":{"type":"Point","coordinates":[26.087139,44.606075]},"properties":{"line":"442","mode":"bus","color":"#0059a9","colorDark":"#00294f","band":3,"off":[0,1.1]}},{"type":"Feature","geometry":{"type":"Point","coordinates":[25.997377,44.677974]},"properties":{"name":"Periș","band":3,"modes":"bus","arr":["443"],"off":[0,-0.8]}},{"type":"Feature","geometry":{"type":"Point","coordinates":[25.997377,44.677974]},"properties":{"line":"443","mode":"bus","color":"#0059a9","colorDark":"#00294f","band":3,"off":[0,1.1]}},{"type":"Feature","geometry":{"type":"Point","coordinates":[25.976546,44.687678]},"properties":{"name":"Periș Sat","band":3,"modes":"bus","arr":["443B"],"off":[0,-0.8]}},{"type":"Feature","geometry":{"type":"Point","coordinates":[25.976546,44.687678]},"properties":{"line":"443B","mode":"bus","color":"#0059a9","colorDark":"#00294f","band":3,"off":[0,1.1]}},{"type":"Feature","geometry":{"type":"Point","coordinates":[26.071213,44.743572]},"properties":{"name":"Piscu","band":3,"modes":"bus","arr":["444"],"off":[0,-0.8]}},{"type":"Feature","geometry":{"type":"Point","coordinates":[26.071213,44.743572]},"properties":{"line":"444","mode":"bus","color":"#0059a9","colorDark":"#00294f","band":3,"off":[0,1.1]}},{"type":"Feature","geometry":{"type":"Point","coordinates":[26.273115,44.712182]},"properties":{"name":"Gruiu-Lipia","band":3,"modes":"bus","arr":["446","447"],"off":[0,-0.8]}},{"type":"Feature","geometry":{"type":"Point","coordinates":[26.273115,44.712182]},"properties":{"name":"Gruiu Lipia Urcare","band":3,"modes":"bus","arr":["446","447"],"off":[0,-1.9]}},{"type":"Feature","geometry":{"type":"Point","coordinates":[26.273115,44.712182]},"properties":{"line":"446","mode":"bus","color":"#0059a9","colorDark":"#00294f","band":3,"off":[-1.7,1.1]}},{"type":"Feature","geometry":{"type":"Point","coordinates":[26.273115,44.712182]},"properties":{"line":"447","mode":"bus","color":"#0059a9","colorDark":"#00294f","band":3,"off":[1.7,1.1]}},{"type":"Feature","geometry":{"type":"Point","coordinates":[26.359744,44.693384]},"properties":{"name":"Micșuneștii Mari","band":3,"modes":"bus","arr":["447B"],"off":[0,-0.8]}},{"type":"Feature","geometry":{"type":"Point","coordinates":[26.359744,44.693384]},"properties":{"line":"447B","mode":"bus","color":"#0059a9","colorDark":"#00294f","band":3,"off":[0,1.1]}},{"type":"Feature","geometry":{"type":"Point","coordinates":[26.231157,44.64512]},"properties":{"name":"Moara Vlăsiei","band":3,"modes":"bus","arr":["448"],"off":[0,-0.8]}},{"type":"Feature","geometry":{"type":"Point","coordinates":[26.231157,44.64512]},"properties":{"line":"448","mode":"bus","color":"#0059a9","colorDark":"#00294f","band":3,"off":[0,1.1]}},{"type":"Feature","geometry":{"type":"Point","coordinates":[26.101787,44.478947]},"properties":{"name":"M Aurel Vlaicu","band":3,"modes":"bus","arr":["449","459"],"off":[0,-0.8]}},{"type":"Feature","geometry":{"type":"Point","coordinates":[26.101787,44.478947]},"properties":{"line":"449","mode":"bus","color":"#0059a9","colorDark":"#00294f","band":3,"off":[-1.7,1.1]}},{"type":"Feature","geometry":{"type":"Point","coordinates":[26.101787,44.478947]},"properties":{"line":"459","mode":"bus","color":"#0059a9","colorDark":"#00294f","band":3,"off":[1.7,1.1]}},{"type":"Feature","geometry":{"type":"Point","coordinates":[26.115595,44.646383]},"properties":{"name":"Dumbrăveni Spital Sri","band":3,"modes":"bus","arr":["449"],"off":[0,-0.8]}},{"type":"Feature","geometry":{"type":"Point","coordinates":[26.115595,44.646383]},"properties":{"line":"449","mode":"bus","color":"#0059a9","colorDark":"#00294f","band":3,"off":[0,1.1]}},{"type":"Feature","geometry":{"type":"Point","coordinates":[26.320419,44.386177]},"properties":{"name":"Tânganu","band":3,"modes":"bus","arr":["451"],"off":[0,-0.8]}},{"type":"Feature","geometry":{"type":"Point","coordinates":[26.320419,44.386177]},"properties":{"line":"451","mode":"bus","color":"#0059a9","colorDark":"#00294f","band":3,"off":[0,1.1]}},{"type":"Feature","geometry":{"type":"Point","coordinates":[26.385727,44.457653]},"properties":{"name":"Islaz","band":3,"modes":"bus","arr":["452"],"off":[0,-0.8]}},{"type":"Feature","geometry":{"type":"Point","coordinates":[26.385727,44.457653]},"properties":{"line":"452","mode":"bus","color":"#0059a9","colorDark":"#00294f","band":3,"off":[0,1.1]}},{"type":"Feature","geometry":{"type":"Point","coordinates":[26.212125,44.464956]},"properties":{"name":"Ferma Pantelimon","band":3,"modes":"bus","arr":["454"],"off":[0,-0.8]}},{"type":"Feature","geometry":{"type":"Point","coordinates":[26.212125,44.464956]},"properties":{"line":"454","mode":"bus","color":"#0059a9","colorDark":"#00294f","band":3,"off":[0,1.1]}},{"type":"Feature","geometry":{"type":"Point","coordinates":[26.18538,44.459147]},"properties":{"name":"Victor Dumitrescu","band":3,"modes":"bus","arr":["455"],"off":[0,-0.8]}},{"type":"Feature","geometry":{"type":"Point","coordinates":[26.18538,44.459147]},"properties":{"line":"455","mode":"bus","color":"#0059a9","colorDark":"#00294f","band":3,"off":[0,1.1]}},{"type":"Feature","geometry":{"type":"Point","coordinates":[25.936698,44.573519]},"properties":{"name":"Studiourile Buftea","band":3,"modes":"bus","arr":["462","466"],"off":[0,-0.8]}},{"type":"Feature","geometry":{"type":"Point","coordinates":[25.936698,44.573519]},"properties":{"line":"462","mode":"bus","color":"#0059a9","colorDark":"#00294f","band":3,"off":[-1.7,1.1]}},{"type":"Feature","geometry":{"type":"Point","coordinates":[25.936698,44.573519]},"properties":{"line":"466","mode":"bus","color":"#0059a9","colorDark":"#00294f","band":3,"off":[1.7,1.1]}},{"type":"Feature","geometry":{"type":"Point","coordinates":[25.98576,44.362099]},"properties":{"name":"Vârteju","band":3,"modes":"bus","arr":["464"],"off":[0,-0.8]}},{"type":"Feature","geometry":{"type":"Point","coordinates":[25.98576,44.362099]},"properties":{"line":"464","mode":"bus","color":"#0059a9","colorDark":"#00294f","band":3,"off":[0,1.1]}},{"type":"Feature","geometry":{"type":"Point","coordinates":[26.054016,44.284275]},"properties":{"name":"1 Decembrie","band":3,"modes":"bus","arr":["465"],"off":[0,-0.8]}},{"type":"Feature","geometry":{"type":"Point","coordinates":[26.054016,44.284275]},"properties":{"line":"465","mode":"bus","color":"#0059a9","colorDark":"#00294f","band":3,"off":[0,1.1]}},{"type":"Feature","geometry":{"type":"Point","coordinates":[26.20381,44.4985]},"properties":{"name":"Pod Cfr Afumați","band":3,"modes":"bus","arr":["467"],"off":[0,-0.8]}},{"type":"Feature","geometry":{"type":"Point","coordinates":[26.20381,44.4985]},"properties":{"line":"467","mode":"bus","color":"#0059a9","colorDark":"#00294f","band":3,"off":[0,1.1]}},{"type":"Feature","geometry":{"type":"Point","coordinates":[26.343811,44.669188]},"properties":{"name":"Sitaru","band":3,"modes":"bus","arr":["468B","477"],"off":[0,-0.8]}},{"type":"Feature","geometry":{"type":"Point","coordinates":[26.343811,44.669188]},"properties":{"line":"468B","mode":"bus","color":"#0059a9","colorDark":"#00294f","band":3,"off":[-1.7,1.1]}},{"type":"Feature","geometry":{"type":"Point","coordinates":[26.343811,44.669188]},"properties":{"line":"477","mode":"bus","color":"#0059a9","colorDark":"#00294f","band":3,"off":[1.7,1.1]}},{"type":"Feature","geometry":{"type":"Point","coordinates":[25.976874,44.532294]},"properties":{"name":"Tudor Arghezi","band":3,"modes":"bus","arr":["470"],"off":[0,-0.8]}},{"type":"Feature","geometry":{"type":"Point","coordinates":[25.976874,44.532294]},"properties":{"line":"470","mode":"bus","color":"#0059a9","colorDark":"#00294f","band":3,"off":[0,1.1]}},{"type":"Feature","geometry":{"type":"Point","coordinates":[26.25311,44.416923]},"properties":{"name":"Căldăraru","band":3,"modes":"bus","arr":["472"],"off":[0,-0.8]}},{"type":"Feature","geometry":{"type":"Point","coordinates":[26.25311,44.416923]},"properties":{"line":"472","mode":"bus","color":"#0059a9","colorDark":"#00294f","band":3,"off":[0,1.1]}},{"type":"Feature","geometry":{"type":"Point","coordinates":[26.200211,44.2765]},"properties":{"name":"Mega Parc","band":3,"modes":"bus","arr":["475"],"off":[0,-0.8]}},{"type":"Feature","geometry":{"type":"Point","coordinates":[26.200211,44.2765]},"properties":{"line":"475","mode":"bus","color":"#0059a9","colorDark":"#00294f","band":3,"off":[0,1.1]}},{"type":"Feature","geometry":{"type":"Point","coordinates":[25.982563,44.446406]},"properties":{"name":"Chiajna-Militari","band":3,"modes":"bus","arr":["478"],"off":[0,-0.8]}},{"type":"Feature","geometry":{"type":"Point","coordinates":[25.982563,44.446406]},"properties":{"line":"478","mode":"bus","color":"#0059a9","colorDark":"#00294f","band":3,"off":[0,1.1]}},{"type":"Feature","geometry":{"type":"Point","coordinates":[26.239988,44.337284]},"properties":{"name":"Complex Rezidențial Allegria","band":3,"modes":"bus","arr":["479"],"off":[0,-0.8]}},{"type":"Feature","geometry":{"type":"Point","coordinates":[26.239988,44.337284]},"properties":{"line":"479","mode":"bus","color":"#0059a9","colorDark":"#00294f","band":3,"off":[0,1.1]}},{"type":"Feature","geometry":{"type":"Point","coordinates":[26.150952,44.360365]},"properties":{"name":"Pasarela M Berceni","band":3,"modes":"bus","arr":["480"],"off":[0,-0.8]}},{"type":"Feature","geometry":{"type":"Point","coordinates":[26.150952,44.360365]},"properties":{"line":"480","mode":"bus","color":"#0059a9","colorDark":"#00294f","band":3,"off":[0,1.1]}},{"type":"Feature","geometry":{"type":"Point","coordinates":[26.006088,44.378164]},"properties":{"name":"Școala Gimnazială Nr. 1","band":3,"modes":"bus","arr":["481","482"],"off":[0,-0.8]}},{"type":"Feature","geometry":{"type":"Point","coordinates":[26.006088,44.378164]},"properties":{"line":"481","mode":"bus","color":"#0059a9","colorDark":"#00294f","band":3,"off":[-1.7,1.1]}},{"type":"Feature","geometry":{"type":"Point","coordinates":[26.006088,44.378164]},"properties":{"line":"482","mode":"bus","color":"#0059a9","colorDark":"#00294f","band":3,"off":[1.7,1.1]}},{"type":"Feature","geometry":{"type":"Point","coordinates":[26.000571,44.388559]},"properties":{"name":"Bragadiru Diamantului","band":3,"modes":"bus","arr":["481","482","484","484B","485"],"off":[0,-0.8]}},{"type":"Feature","geometry":{"type":"Point","coordinates":[26.000571,44.388559]},"properties":{"line":"481","mode":"bus","color":"#0059a9","colorDark":"#00294f","band":3,"off":[-6.8,1.1]}},{"type":"Feature","geometry":{"type":"Point","coordinates":[26.000571,44.388559]},"properties":{"line":"482","mode":"bus","color":"#0059a9","colorDark":"#00294f","band":3,"off":[-3.4,1.1]}},{"type":"Feature","geometry":{"type":"Point","coordinates":[26.000571,44.388559]},"properties":{"line":"484","mode":"bus","color":"#0059a9","colorDark":"#00294f","band":3,"off":[0,1.1]}},{"type":"Feature","geometry":{"type":"Point","coordinates":[26.000571,44.388559]},"properties":{"line":"484B","mode":"bus","color":"#0059a9","colorDark":"#00294f","band":3,"off":[3.4,1.1]}},{"type":"Feature","geometry":{"type":"Point","coordinates":[26.000571,44.388559]},"properties":{"line":"485","mode":"bus","color":"#0059a9","colorDark":"#00294f","band":3,"off":[6.8,1.1]}},{"type":"Feature","geometry":{"type":"Point","coordinates":[26.050609,44.348218]},"properties":{"name":"ELI-NP Măgurele","band":3,"modes":"bus","arr":["487"],"off":[0,-0.8]}},{"type":"Feature","geometry":{"type":"Point","coordinates":[26.050609,44.348218]},"properties":{"line":"487","mode":"bus","color":"#0059a9","colorDark":"#00294f","band":3,"off":[0,1.1]}},{"type":"Feature","geometry":{"type":"Point","coordinates":[26.154354,44.514352]},"properties":{"name":"Elisabeta Rizea","band":3,"modes":"bus","arr":["488"],"off":[0,-0.8]}},{"type":"Feature","geometry":{"type":"Point","coordinates":[26.154354,44.514352]},"properties":{"line":"488","mode":"bus","color":"#0059a9","colorDark":"#00294f","band":3,"off":[0,1.1]}},{"type":"Feature","geometry":{"type":"Point","coordinates":[26.105146,44.452641]},"properties":{"name":"Șoseaua Ștefan cel Mare","band":3,"modes":"bus","arr":["605"],"off":[0,-0.8]}},{"type":"Feature","geometry":{"type":"Point","coordinates":[26.105146,44.452641]},"properties":{"line":"605","mode":"bus","color":"#0059a9","colorDark":"#00294f","band":3,"off":[0,1.1]}},{"type":"Feature","geometry":{"type":"Point","coordinates":[26.074059,44.452825]},"properties":{"name":"Bd. Banu Manta","band":3,"modes":"tram,bus","arr":["1","610","N1","N10"],"off":[0,-0.8]}},{"type":"Feature","geometry":{"type":"Point","coordinates":[26.074059,44.452825]},"properties":{"line":"1","mode":"tram","color":"#d6212b","colorDark":"#7c1116","band":3,"off":[-5.1,1.1]}},{"type":"Feature","geometry":{"type":"Point","coordinates":[26.074059,44.452825]},"properties":{"line":"610","mode":"bus","color":"#0059a9","colorDark":"#00294f","band":3,"off":[-1.7,1.1]}},{"type":"Feature","geometry":{"type":"Point","coordinates":[26.074059,44.452825]},"properties":{"line":"N1","mode":"bus","color":"#000000","colorDark":"#000000","band":3,"off":[1.7,1.1]}},{"type":"Feature","geometry":{"type":"Point","coordinates":[26.074059,44.452825]},"properties":{"line":"N10","mode":"bus","color":"#000000","colorDark":"#000000","band":3,"off":[5.1,1.1]}},{"type":"Feature","geometry":{"type":"Point","coordinates":[26.098149,44.4012]},"properties":{"name":"Șura Mare","band":3,"modes":"tram,bus","arr":["54","619"],"off":[0,-0.8]}},{"type":"Feature","geometry":{"type":"Point","coordinates":[26.098149,44.4012]},"properties":{"line":"54","mode":"tram","color":"#d6212b","colorDark":"#7c1116","band":3,"off":[-1.7,1.1]}},{"type":"Feature","geometry":{"type":"Point","coordinates":[26.098149,44.4012]},"properties":{"line":"619","mode":"bus","color":"#0059a9","colorDark":"#00294f","band":3,"off":[1.7,1.1]}},{"type":"Feature","geometry":{"type":"Point","coordinates":[26.185522,44.434135]},"properties":{"name":"Republica","band":3,"modes":"bus,metro","arr":["640","M1","N109"],"off":[0,-0.8]}},{"type":"Feature","geometry":{"type":"Point","coordinates":[26.185522,44.434135]},"properties":{"name":"M Republica","band":3,"modes":"bus,metro","arr":["640","M1","N109"],"off":[0,-1.9]}},{"type":"Feature","geometry":{"type":"Point","coordinates":[26.185522,44.434135]},"properties":{"line":"640","mode":"bus","color":"#0059a9","colorDark":"#00294f","band":3,"off":[-3.4,1.1]}},{"type":"Feature","geometry":{"type":"Point","coordinates":[26.185522,44.434135]},"properties":{"line":"M1","mode":"tram","color":"#F8C301","colorDark":"#886b01","band":3,"metro":1,"off":[0,1.1]}},{"type":"Feature","geometry":{"type":"Point","coordinates":[26.185522,44.434135]},"properties":{"line":"N109","mode":"bus","color":"#000000","colorDark":"#000000","band":3,"off":[3.4,1.1]}},{"type":"Feature","geometry":{"type":"Point","coordinates":[26.145641,44.383979]},"properties":{"name":"Romprim","band":3,"modes":"tram,bus","arr":["1","10","N1","N10"],"off":[0,-0.8]}},{"type":"Feature","geometry":{"type":"Point","coordinates":[26.145641,44.383979]},"properties":{"line":"1","mode":"tram","color":"#d6212b","colorDark":"#7c1116","band":3,"off":[-5.1,1.1]}},{"type":"Feature","geometry":{"type":"Point","coordinates":[26.145641,44.383979]},"properties":{"line":"10","mode":"tram","color":"#d6212b","colorDark":"#7c1116","band":3,"off":[-1.7,1.1]}},{"type":"Feature","geometry":{"type":"Point","coordinates":[26.145641,44.383979]},"properties":{"line":"N1","mode":"bus","color":"#000000","colorDark":"#000000","band":3,"off":[1.7,1.1]}},{"type":"Feature","geometry":{"type":"Point","coordinates":[26.145641,44.383979]},"properties":{"line":"N10","mode":"bus","color":"#000000","colorDark":"#000000","band":3,"off":[5.1,1.1]}},{"type":"Feature","geometry":{"type":"Point","coordinates":[26.163229,44.477659]},"properties":{"name":"Pasaj Colentina","band":3,"modes":"tram,bus","arr":["21","N108"],"off":[0,-0.8]}},{"type":"Feature","geometry":{"type":"Point","coordinates":[26.163229,44.477659]},"properties":{"line":"21","mode":"tram","color":"#d6212b","colorDark":"#7c1116","band":3,"off":[-1.7,1.1]}},{"type":"Feature","geometry":{"type":"Point","coordinates":[26.163229,44.477659]},"properties":{"line":"N108","mode":"bus","color":"#000000","colorDark":"#000000","band":3,"off":[1.7,1.1]}},{"type":"Feature","geometry":{"type":"Point","coordinates":[26.023189,44.484991]},"properties":{"name":"Mezeș","band":3,"modes":"tram,bus","arr":["53","N113"],"off":[0,-0.8]}},{"type":"Feature","geometry":{"type":"Point","coordinates":[26.023189,44.484991]},"properties":{"line":"53","mode":"tram","color":"#d6212b","colorDark":"#7c1116","band":3,"off":[-1.7,1.1]}},{"type":"Feature","geometry":{"type":"Point","coordinates":[26.023189,44.484991]},"properties":{"line":"N113","mode":"bus","color":"#000000","colorDark":"#000000","band":3,"off":[1.7,1.1]}},{"type":"Feature","geometry":{"type":"Point","coordinates":[26.040759,44.398976]},"properties":{"name":"Autobaza Alexandria","band":3,"modes":"bus","arr":["N114"],"off":[0,-0.8]}},{"type":"Feature","geometry":{"type":"Point","coordinates":[26.040759,44.398976]},"properties":{"line":"N114","mode":"bus","color":"#000000","colorDark":"#000000","band":3,"off":[0,1.1]}},{"type":"Feature","geometry":{"type":"Point","coordinates":[26.098865,44.401758]},"properties":{"name":"Cimitirul Șerban Vodă","band":3,"modes":"tram","arr":["1"],"off":[0,-0.8]}},{"type":"Feature","geometry":{"type":"Point","coordinates":[26.098865,44.401758]},"properties":{"line":"1","mode":"tram","color":"#d6212b","colorDark":"#7c1116","band":3,"off":[0,1.1]}},{"type":"Feature","geometry":{"type":"Point","coordinates":[26.080652,44.495126]},"properties":{"name":"Aeroport Băneasa","band":3,"modes":"tram","arr":["5"],"off":[0,-0.8]}},{"type":"Feature","geometry":{"type":"Point","coordinates":[26.080652,44.495126]},"properties":{"line":"5","mode":"tram","color":"#d6212b","colorDark":"#7c1116","band":3,"off":[0,1.1]}},{"type":"Feature","geometry":{"type":"Point","coordinates":[26.100209,44.426596]},"properties":{"name":"Piața Unirii","band":3,"modes":"tram","arr":["7","27","32","54"],"off":[0,-0.8]}},{"type":"Feature","geometry":{"type":"Point","coordinates":[26.100209,44.426596]},"properties":{"line":"7","mode":"tram","color":"#d6212b","colorDark":"#7c1116","band":3,"off":[-5.1,1.1]}},{"type":"Feature","geometry":{"type":"Point","coordinates":[26.100209,44.426596]},"properties":{"line":"27","mode":"tram","color":"#d6212b","colorDark":"#7c1116","band":3,"off":[-1.7,1.1]}},{"type":"Feature","geometry":{"type":"Point","coordinates":[26.100209,44.426596]},"properties":{"line":"32","mode":"tram","color":"#d6212b","colorDark":"#7c1116","band":3,"off":[1.7,1.1]}},{"type":"Feature","geometry":{"type":"Point","coordinates":[26.100209,44.426596]},"properties":{"line":"54","mode":"tram","color":"#d6212b","colorDark":"#7c1116","band":3,"off":[5.1,1.1]}},{"type":"Feature","geometry":{"type":"Point","coordinates":[26.103907,44.432542]},"properties":{"name":"Piața Sf. Gheorghe","band":3,"modes":"tram","arr":["21"],"off":[0,-0.8]}},{"type":"Feature","geometry":{"type":"Point","coordinates":[26.103907,44.432542]},"properties":{"line":"21","mode":"tram","color":"#d6212b","colorDark":"#7c1116","band":3,"off":[0,1.1]}},{"type":"Feature","geometry":{"type":"Point","coordinates":[26.077958,44.386196]},"properties":{"name":"Zețarilor","band":3,"modes":"tram","arr":["23"],"off":[0,-0.8]}},{"type":"Feature","geometry":{"type":"Point","coordinates":[26.077958,44.386196]},"properties":{"line":"23","mode":"tram","color":"#d6212b","colorDark":"#7c1116","band":3,"off":[0,1.1]}},{"type":"Feature","geometry":{"type":"Point","coordinates":[26.179589,44.427005]},"properties":{"name":"Faur","band":3,"modes":"tram","arr":["23","27"],"off":[0,-0.8]}},{"type":"Feature","geometry":{"type":"Point","coordinates":[26.179589,44.427005]},"properties":{"line":"23","mode":"tram","color":"#d6212b","colorDark":"#7c1116","band":3,"off":[-1.7,1.1]}},{"type":"Feature","geometry":{"type":"Point","coordinates":[26.179589,44.427005]},"properties":{"line":"27","mode":"tram","color":"#d6212b","colorDark":"#7c1116","band":3,"off":[1.7,1.1]}},{"type":"Feature","geometry":{"type":"Point","coordinates":[25.977501,44.429551]},"properties":{"name":"Depoul Militari","band":3,"modes":"tram","arr":["25"],"off":[0,-0.8]}},{"type":"Feature","geometry":{"type":"Point","coordinates":[25.977501,44.429551]},"properties":{"line":"25","mode":"tram","color":"#d6212b","colorDark":"#7c1116","band":3,"off":[0,1.1]}},{"type":"Feature","geometry":{"type":"Point","coordinates":[26.046903,44.39918]},"properties":{"name":"Depoul Alexandria","band":3,"modes":"tram","arr":["32"],"off":[0,-0.8]}},{"type":"Feature","geometry":{"type":"Point","coordinates":[26.046903,44.39918]},"properties":{"line":"32","mode":"tram","color":"#d6212b","colorDark":"#7c1116","band":3,"off":[0,1.1]}},{"type":"Feature","geometry":{"type":"Point","coordinates":[26.044933,44.477677]},"properties":{"name":"Depoul Bucureștii Noi","band":3,"modes":"tram","arr":["53"],"off":[0,-0.8]}},{"type":"Feature","geometry":{"type":"Point","coordinates":[26.044933,44.477677]},"properties":{"line":"53","mode":"tram","color":"#d6212b","colorDark":"#7c1116","band":3,"off":[0,1.1]}},{"type":"Feature","geometry":{"type":"Point","coordinates":[26.139225,44.421157]},"properties":{"name":"Dristor 2","band":3,"modes":"metro","arr":["M1"],"off":[0,-0.8]}},{"type":"Feature","geometry":{"type":"Point","coordinates":[26.139225,44.421157]},"properties":{"line":"M1","mode":"tram","color":"#F8C301","colorDark":"#886b01","band":3,"metro":1,"off":[0,1.1]}},{"type":"Feature","geometry":{"type":"Point","coordinates":[26.192663,44.440506]},"properties":{"name":"Pantelimon","band":3,"modes":"metro","arr":["M1"],"off":[0,-0.8]}},{"type":"Feature","geometry":{"type":"Point","coordinates":[26.192663,44.440506]},"properties":{"line":"M1","mode":"tram","color":"#F8C301","colorDark":"#886b01","band":3,"metro":1,"off":[0,1.1]}},{"type":"Feature","geometry":{"type":"Point","coordinates":[26.116587,44.480654]},"properties":{"name":"Pipera","band":3,"modes":"metro","arr":["M2"],"off":[0,-0.8]}},{"type":"Feature","geometry":{"type":"Point","coordinates":[26.116587,44.480654]},"properties":{"line":"M2","mode":"tram","color":"#495676","colorDark":"#282f41","band":3,"metro":1,"off":[0,1.1]}},{"type":"Feature","geometry":{"type":"Point","coordinates":[26.158461,44.349187]},"properties":{"name":"Tudor Arghezi","band":3,"modes":"metro","arr":["M2"],"off":[0,-0.8]}},{"type":"Feature","geometry":{"type":"Point","coordinates":[26.158461,44.349187]},"properties":{"line":"M2","mode":"tram","color":"#495676","colorDark":"#282f41","band":3,"metro":1,"off":[0,1.1]}},{"type":"Feature","geometry":{"type":"Point","coordinates":[26.208381,44.405395]},"properties":{"name":"Anghel Saligny","band":3,"modes":"metro","arr":["M3"],"off":[0,-0.8]}},{"type":"Feature","geometry":{"type":"Point","coordinates":[26.208381,44.405395]},"properties":{"line":"M3","mode":"tram","color":"#DA251C","colorDark":"#78140f","band":3,"metro":1,"off":[0,1.1]}},{"type":"Feature","geometry":{"type":"Point","coordinates":[25.99097,44.43056]},"properties":{"name":"Preciziei","band":3,"modes":"metro","arr":["M3"],"off":[0,-0.8]}},{"type":"Feature","geometry":{"type":"Point","coordinates":[25.99097,44.43056]},"properties":{"line":"M3","mode":"tram","color":"#DA251C","colorDark":"#78140f","band":3,"metro":1,"off":[0,1.1]}},{"type":"Feature","geometry":{"type":"Point","coordinates":[26.02572,44.502419]},"properties":{"name":"Străulești","band":3,"modes":"metro","arr":["M4"],"off":[0,-0.8]}},{"type":"Feature","geometry":{"type":"Point","coordinates":[26.02572,44.502419]},"properties":{"line":"M4","mode":"tram","color":"#3C746B","colorDark":"#21403b","band":3,"metro":1,"off":[0,1.1]}},{"type":"Feature","geometry":{"type":"Point","coordinates":[26.07311,44.44786]},"properties":{"name":"Gara de Nord 2 (M4)","band":3,"modes":"metro","arr":["M4"],"off":[0,-0.8]}},{"type":"Feature","geometry":{"type":"Point","coordinates":[26.07311,44.44786]},"properties":{"line":"M4","mode":"tram","color":"#3C746B","colorDark":"#21403b","band":3,"metro":1,"off":[0,1.1]}},{"type":"Feature","geometry":{"type":"Point","coordinates":[26.023038,44.41632]},"properties":{"name":"Râul Doamnei","band":3,"modes":"metro","arr":["M5"],"off":[0,-0.8]}},{"type":"Feature","geometry":{"type":"Point","coordinates":[26.023038,44.41632]},"properties":{"line":"M5","mode":"tram","color":"#F7951E","colorDark":"#885211","band":3,"metro":1,"off":[0,1.1]}},{"type":"Feature","geometry":{"type":"Point","coordinates":[26.014361,44.437943]},"properties":{"name":"Complex Apusului","band":4,"modes":"bus","arr":["61","178"],"off":[0,-0.8]}},{"type":"Feature","geometry":{"type":"Point","coordinates":[26.014361,44.437943]},"properties":{"line":"61","mode":"bus","color":"#149a3f","colorDark":"#0a5121","band":4,"off":[-1.7,1.1]}},{"type":"Feature","geometry":{"type":"Point","coordinates":[26.014361,44.437943]},"properties":{"line":"178","mode":"bus","color":"#0059a9","colorDark":"#00294f","band":4,"off":[1.7,1.1]}},{"type":"Feature","geometry":{"type":"Point","coordinates":[26.105234,44.436059]},"properties":{"name":"Piața Rosetti","band":4,"modes":"bus","arr":["61"],"off":[0,-0.8]}},{"type":"Feature","geometry":{"type":"Point","coordinates":[26.105234,44.436059]},"properties":{"line":"61","mode":"bus","color":"#149a3f","colorDark":"#0a5121","band":4,"off":[0,1.1]}},{"type":"Feature","geometry":{"type":"Point","coordinates":[26.076501,44.434354]},"properties":{"name":"Piața Operei","band":4,"modes":"bus","arr":["104","163"],"off":[0,-0.8]}},{"type":"Feature","geometry":{"type":"Point","coordinates":[26.076501,44.434354]},"properties":{"line":"104","mode":"bus","color":"#0059a9","colorDark":"#00294f","band":4,"off":[-1.7,1.1]}},{"type":"Feature","geometry":{"type":"Point","coordinates":[26.076501,44.434354]},"properties":{"line":"163","mode":"bus","color":"#0059a9","colorDark":"#00294f","band":4,"off":[1.7,1.1]}},{"type":"Feature","geometry":{"type":"Point","coordinates":[25.976223,44.435477]},"properties":{"name":"Colegiul Tehnic Iuliu Maniu","band":4,"modes":"bus","arr":["62","N115"],"off":[0,-0.8]}},{"type":"Feature","geometry":{"type":"Point","coordinates":[25.976223,44.435477]},"properties":{"line":"62","mode":"bus","color":"#149a3f","colorDark":"#0a5121","band":4,"off":[-1.7,1.1]}},{"type":"Feature","geometry":{"type":"Point","coordinates":[25.976223,44.435477]},"properties":{"line":"N115","mode":"bus","color":"#000000","colorDark":"#000000","band":4,"off":[1.7,1.1]}},{"type":"Feature","geometry":{"type":"Point","coordinates":[25.998279,44.433713]},"properties":{"name":"Master","band":4,"modes":"bus","arr":["63"],"off":[0,-0.8]}},{"type":"Feature","geometry":{"type":"Point","coordinates":[25.998279,44.433713]},"properties":{"line":"63","mode":"bus","color":"#149a3f","colorDark":"#0a5121","band":4,"off":[0,1.1]}},{"type":"Feature","geometry":{"type":"Point","coordinates":[26.074937,44.445684]},"properties":{"name":"Gara de Nord","band":4,"modes":"bus","arr":["62","85","96","182"],"off":[0,-0.8]}},{"type":"Feature","geometry":{"type":"Point","coordinates":[26.074937,44.445684]},"properties":{"line":"62","mode":"bus","color":"#149a3f","colorDark":"#0a5121","band":4,"off":[-5.1,1.1]}},{"type":"Feature","geometry":{"type":"Point","coordinates":[26.074937,44.445684]},"properties":{"line":"85","mode":"bus","color":"#149a3f","colorDark":"#0a5121","band":4,"off":[-1.7,1.1]}},{"type":"Feature","geometry":{"type":"Point","coordinates":[26.074937,44.445684]},"properties":{"line":"96","mode":"bus","color":"#149a3f","colorDark":"#0a5121","band":4,"off":[1.7,1.1]}},{"type":"Feature","geometry":{"type":"Point","coordinates":[26.074937,44.445684]},"properties":{"line":"182","mode":"bus","color":"#0059a9","colorDark":"#00294f","band":4,"off":[5.1,1.1]}},{"type":"Feature","geometry":{"type":"Point","coordinates":[26.004791,44.433892]},"properties":{"name":"Valea Cascadelor","band":4,"modes":"bus","arr":["429","431","432","433"],"off":[0,-0.8]}},{"type":"Feature","geometry":{"type":"Point","coordinates":[26.004791,44.433892]},"properties":{"line":"429","mode":"bus","color":"#0059a9","colorDark":"#00294f","band":4,"off":[-5.1,1.1]}},{"type":"Feature","geometry":{"type":"Point","coordinates":[26.004791,44.433892]},"properties":{"line":"431","mode":"bus","color":"#0059a9","colorDark":"#00294f","band":4,"off":[-1.7,1.1]}},{"type":"Feature","geometry":{"type":"Point","coordinates":[26.004791,44.433892]},"properties":{"line":"432","mode":"bus","color":"#0059a9","colorDark":"#00294f","band":4,"off":[1.7,1.1]}},{"type":"Feature","geometry":{"type":"Point","coordinates":[26.004791,44.433892]},"properties":{"line":"433","mode":"bus","color":"#0059a9","colorDark":"#00294f","band":4,"off":[5.1,1.1]}},{"type":"Feature","geometry":{"type":"Point","coordinates":[26.090694,44.43302]},"properties":{"name":"Pod Izvor","band":4,"modes":"bus","arr":["63"],"off":[0,-0.8]}},{"type":"Feature","geometry":{"type":"Point","coordinates":[26.090694,44.43302]},"properties":{"line":"63","mode":"bus","color":"#149a3f","colorDark":"#0a5121","band":4,"off":[0,1.1]}},{"type":"Feature","geometry":{"type":"Point","coordinates":[26.156195,44.466775]},"properties":{"name":"Spitalul Fundeni","band":4,"modes":"bus","arr":["66","253"],"off":[0,-0.8]}},{"type":"Feature","geometry":{"type":"Point","coordinates":[26.156195,44.466775]},"properties":{"line":"66","mode":"bus","color":"#149a3f","colorDark":"#0a5121","band":4,"off":[-1.7,1.1]}},{"type":"Feature","geometry":{"type":"Point","coordinates":[26.156195,44.466775]},"properties":{"line":"253","mode":"bus","color":"#0059a9","colorDark":"#00294f","band":4,"off":[1.7,1.1]}},{"type":"Feature","geometry":{"type":"Point","coordinates":[26.125494,44.450847]},"properties":{"name":"Bucur Obor","band":4,"modes":"bus","arr":["143","409","409B","411","412","413","417","467","468","468B"],"off":[0,-0.8]}},{"type":"Feature","geometry":{"type":"Point","coordinates":[26.125494,44.450847]},"properties":{"line":"143","mode":"bus","color":"#0059a9","colorDark":"#00294f","band":4,"off":[-6.8,1.1]}},{"type":"Feature","geometry":{"type":"Point","coordinates":[26.125494,44.450847]},"properties":{"line":"409","mode":"bus","color":"#0059a9","colorDark":"#00294f","band":4,"off":[-3.4,1.1]}},{"type":"Feature","geometry":{"type":"Point","coordinates":[26.125494,44.450847]},"properties":{"line":"409B","mode":"bus","color":"#0059a9","colorDark":"#00294f","band":4,"off":[0,1.1]}},{"type":"Feature","geometry":{"type":"Point","coordinates":[26.125494,44.450847]},"properties":{"line":"411","mode":"bus","color":"#0059a9","colorDark":"#00294f","band":4,"off":[3.4,1.1]}},{"type":"Feature","geometry":{"type":"Point","coordinates":[26.125494,44.450847]},"properties":{"line":"412","mode":"bus","color":"#0059a9","colorDark":"#00294f","band":4,"off":[6.8,1.1]}},{"type":"Feature","geometry":{"type":"Point","coordinates":[26.125494,44.450847]},"properties":{"line":"413","mode":"bus","color":"#0059a9","colorDark":"#00294f","band":4,"off":[-6.8,3.1]}},{"type":"Feature","geometry":{"type":"Point","coordinates":[26.125494,44.450847]},"properties":{"line":"417","mode":"bus","color":"#0059a9","colorDark":"#00294f","band":4,"off":[-3.4,3.1]}},{"type":"Feature","geometry":{"type":"Point","coordinates":[26.125494,44.450847]},"properties":{"line":"467","mode":"bus","color":"#0059a9","colorDark":"#00294f","band":4,"off":[0,3.1]}},{"type":"Feature","geometry":{"type":"Point","coordinates":[26.125494,44.450847]},"properties":{"line":"468","mode":"bus","color":"#0059a9","colorDark":"#00294f","band":4,"off":[3.4,3.1]}},{"type":"Feature","geometry":{"type":"Point","coordinates":[26.125494,44.450847]},"properties":{"line":"468B","mode":"bus","color":"#0059a9","colorDark":"#00294f","band":4,"off":[6.8,3.1]}},{"type":"Feature","geometry":{"type":"Point","coordinates":[26.083946,44.436241]},"properties":{"name":"Vasile Pârvan","band":4,"modes":"bus","arr":["66","642"],"off":[0,-0.8]}},{"type":"Feature","geometry":{"type":"Point","coordinates":[26.083946,44.436241]},"properties":{"line":"66","mode":"bus","color":"#149a3f","colorDark":"#0a5121","band":4,"off":[-1.7,1.1]}},{"type":"Feature","geometry":{"type":"Point","coordinates":[26.083946,44.436241]},"properties":{"line":"642","mode":"bus","color":"#0059a9","colorDark":"#00294f","band":4,"off":[1.7,1.1]}},{"type":"Feature","geometry":{"type":"Point","coordinates":[26.015671,44.415739]},"properties":{"name":"Valea Argeșului","band":4,"modes":"bus","arr":["69","N121"],"off":[0,-0.8]}},{"type":"Feature","geometry":{"type":"Point","coordinates":[26.015671,44.415739]},"properties":{"line":"69","mode":"bus","color":"#149a3f","colorDark":"#0a5121","band":4,"off":[-1.7,1.1]}},{"type":"Feature","geometry":{"type":"Point","coordinates":[26.015671,44.415739]},"properties":{"line":"N121","mode":"bus","color":"#000000","colorDark":"#000000","band":4,"off":[1.7,1.1]}},{"type":"Feature","geometry":{"type":"Point","coordinates":[26.169542,44.436129]},"properties":{"name":"Bd. Basarabia","band":4,"modes":"bus","arr":["69","455"],"off":[0,-0.8]}},{"type":"Feature","geometry":{"type":"Point","coordinates":[26.169542,44.436129]},"properties":{"line":"69","mode":"bus","color":"#149a3f","colorDark":"#0a5121","band":4,"off":[-1.7,1.1]}},{"type":"Feature","geometry":{"type":"Point","coordinates":[26.169542,44.436129]},"properties":{"line":"455","mode":"bus","color":"#0059a9","colorDark":"#00294f","band":4,"off":[1.7,1.1]}},{"type":"Feature","geometry":{"type":"Point","coordinates":[26.033525,44.418157]},"properties":{"name":"Parcul Drumul Taberei","band":4,"modes":"bus","arr":["222","322","485"],"off":[0,-0.8]}},{"type":"Feature","geometry":{"type":"Point","coordinates":[26.033525,44.418157]},"properties":{"line":"222","mode":"bus","color":"#0059a9","colorDark":"#00294f","band":4,"off":[-3.4,1.1]}},{"type":"Feature","geometry":{"type":"Point","coordinates":[26.033525,44.418157]},"properties":{"line":"322","mode":"bus","color":"#0059a9","colorDark":"#00294f","band":4,"off":[0,1.1]}},{"type":"Feature","geometry":{"type":"Point","coordinates":[26.033525,44.418157]},"properties":{"line":"485","mode":"bus","color":"#0059a9","colorDark":"#00294f","band":4,"off":[3.4,1.1]}},{"type":"Feature","geometry":{"type":"Point","coordinates":[26.119837,44.377431]},"properties":{"name":"Turnu Măgurele","band":4,"modes":"bus","arr":["72","N106"],"off":[0,-0.8]}},{"type":"Feature","geometry":{"type":"Point","coordinates":[26.119837,44.377431]},"properties":{"line":"72","mode":"bus","color":"#149a3f","colorDark":"#0a5121","band":4,"off":[-1.7,1.1]}},{"type":"Feature","geometry":{"type":"Point","coordinates":[26.119837,44.377431]},"properties":{"line":"N106","mode":"bus","color":"#000000","colorDark":"#000000","band":4,"off":[1.7,1.1]}},{"type":"Feature","geometry":{"type":"Point","coordinates":[26.120801,44.392563]},"properties":{"name":"Piața Sudului","band":4,"modes":"bus","arr":["216","438","440","475","479"],"off":[0,-0.8]}},{"type":"Feature","geometry":{"type":"Point","coordinates":[26.120801,44.392563]},"properties":{"line":"216","mode":"bus","color":"#0059a9","colorDark":"#00294f","band":4,"off":[-6.8,1.1]}},{"type":"Feature","geometry":{"type":"Point","coordinates":[26.120801,44.392563]},"properties":{"line":"438","mode":"bus","color":"#0059a9","colorDark":"#00294f","band":4,"off":[-3.4,1.1]}},{"type":"Feature","geometry":{"type":"Point","coordinates":[26.120801,44.392563]},"properties":{"line":"440","mode":"bus","color":"#0059a9","colorDark":"#00294f","band":4,"off":[0,1.1]}},{"type":"Feature","geometry":{"type":"Point","coordinates":[26.120801,44.392563]},"properties":{"line":"475","mode":"bus","color":"#0059a9","colorDark":"#00294f","band":4,"off":[3.4,1.1]}},{"type":"Feature","geometry":{"type":"Point","coordinates":[26.120801,44.392563]},"properties":{"line":"479","mode":"bus","color":"#0059a9","colorDark":"#00294f","band":4,"off":[6.8,1.1]}},{"type":"Feature","geometry":{"type":"Point","coordinates":[26.121214,44.403972]},"properties":{"name":"Costache Stamate","band":4,"modes":"bus","arr":["72","76"],"off":[0,-0.8]}},{"type":"Feature","geometry":{"type":"Point","coordinates":[26.121214,44.403972]},"properties":{"line":"72","mode":"bus","color":"#149a3f","colorDark":"#0a5121","band":4,"off":[-1.7,1.1]}},{"type":"Feature","geometry":{"type":"Point","coordinates":[26.121214,44.403972]},"properties":{"line":"76","mode":"bus","color":"#149a3f","colorDark":"#0a5121","band":4,"off":[1.7,1.1]}},{"type":"Feature","geometry":{"type":"Point","coordinates":[26.130201,44.360991]},"properties":{"name":"Piața de Gros","band":4,"modes":"bus","arr":["73"],"off":[0,-0.8]}},{"type":"Feature","geometry":{"type":"Point","coordinates":[26.130201,44.360991]},"properties":{"line":"73","mode":"bus","color":"#149a3f","colorDark":"#0a5121","band":4,"off":[0,1.1]}},{"type":"Feature","geometry":{"type":"Point","coordinates":[26.106403,44.429895]},"properties":{"name":"Piața Sf. Vineri","band":4,"modes":"bus","arr":["73","116","117","385","605","640","655"],"off":[0,-0.8]}},{"type":"Feature","geometry":{"type":"Point","coordinates":[26.106403,44.429895]},"properties":{"line":"73","mode":"bus","color":"#149a3f","colorDark":"#0a5121","band":4,"off":[-6.8,1.1]}},{"type":"Feature","geometry":{"type":"Point","coordinates":[26.106403,44.429895]},"properties":{"line":"116","mode":"bus","color":"#0059a9","colorDark":"#00294f","band":4,"off":[-3.4,1.1]}},{"type":"Feature","geometry":{"type":"Point","coordinates":[26.106403,44.429895]},"properties":{"line":"117","mode":"bus","color":"#0059a9","colorDark":"#00294f","band":4,"off":[0,1.1]}},{"type":"Feature","geometry":{"type":"Point","coordinates":[26.106403,44.429895]},"properties":{"line":"385","mode":"bus","color":"#0059a9","colorDark":"#00294f","band":4,"off":[3.4,1.1]}},{"type":"Feature","geometry":{"type":"Point","coordinates":[26.106403,44.429895]},"properties":{"line":"605","mode":"bus","color":"#0059a9","colorDark":"#00294f","band":4,"off":[6.8,1.1]}},{"type":"Feature","geometry":{"type":"Point","coordinates":[26.106403,44.429895]},"properties":{"line":"640","mode":"bus","color":"#0059a9","colorDark":"#00294f","band":4,"off":[-1.7,3.1]}},{"type":"Feature","geometry":{"type":"Point","coordinates":[26.106403,44.429895]},"properties":{"line":"655","mode":"bus","color":"#0059a9","colorDark":"#00294f","band":4,"off":[1.7,3.1]}},{"type":"Feature","geometry":{"type":"Point","coordinates":[26.101026,44.427386]},"properties":{"name":"Piața Unirii 1","band":4,"modes":"bus","arr":["312","323"],"off":[0,-0.8]}},{"type":"Feature","geometry":{"type":"Point","coordinates":[26.101026,44.427386]},"properties":{"line":"312","mode":"bus","color":"#0059a9","colorDark":"#00294f","band":4,"off":[-1.7,1.1]}},{"type":"Feature","geometry":{"type":"Point","coordinates":[26.101026,44.427386]},"properties":{"line":"323","mode":"bus","color":"#0059a9","colorDark":"#00294f","band":4,"off":[1.7,1.1]}},{"type":"Feature","geometry":{"type":"Point","coordinates":[26.103945,44.424793]},"properties":{"name":"Piața Unirii","band":4,"modes":"bus","arr":["74"],"off":[0,-0.8]}},{"type":"Feature","geometry":{"type":"Point","coordinates":[26.103945,44.424793]},"properties":{"line":"74","mode":"bus","color":"#149a3f","colorDark":"#0a5121","band":4,"off":[0,1.1]}},{"type":"Feature","geometry":{"type":"Point","coordinates":[26.123391,44.362651]},"properties":{"name":"Arcade Berceni","band":4,"modes":"bus","arr":["74","232"],"off":[0,-0.8]}},{"type":"Feature","geometry":{"type":"Point","coordinates":[26.123391,44.362651]},"properties":{"line":"74","mode":"bus","color":"#149a3f","colorDark":"#0a5121","band":4,"off":[-1.7,1.1]}},{"type":"Feature","geometry":{"type":"Point","coordinates":[26.123391,44.362651]},"properties":{"line":"232","mode":"bus","color":"#0059a9","colorDark":"#00294f","band":4,"off":[1.7,1.1]}},{"type":"Feature","geometry":{"type":"Point","coordinates":[26.12132,44.377151]},"properties":{"name":"Bd. Alexandru Obregia","band":4,"modes":"bus","arr":["312"],"off":[0,-0.8]}},{"type":"Feature","geometry":{"type":"Point","coordinates":[26.12132,44.377151]},"properties":{"line":"312","mode":"bus","color":"#0059a9","colorDark":"#00294f","band":4,"off":[0,1.1]}},{"type":"Feature","geometry":{"type":"Point","coordinates":[26.11904,44.388312]},"properties":{"name":"Emil Racoviță","band":4,"modes":"bus","arr":["243"],"off":[0,-0.8]}},{"type":"Feature","geometry":{"type":"Point","coordinates":[26.11904,44.388312]},"properties":{"line":"243","mode":"bus","color":"#0059a9","colorDark":"#00294f","band":4,"off":[0,1.1]}},{"type":"Feature","geometry":{"type":"Point","coordinates":[26.099131,44.379819]},"properties":{"name":"Piața Reșița","band":4,"modes":"bus","arr":["76","381","N112"],"off":[0,-0.8]}},{"type":"Feature","geometry":{"type":"Point","coordinates":[26.099131,44.379819]},"properties":{"line":"76","mode":"bus","color":"#149a3f","colorDark":"#0a5121","band":4,"off":[-3.4,1.1]}},{"type":"Feature","geometry":{"type":"Point","coordinates":[26.099131,44.379819]},"properties":{"line":"381","mode":"bus","color":"#0059a9","colorDark":"#00294f","band":4,"off":[0,1.1]}},{"type":"Feature","geometry":{"type":"Point","coordinates":[26.099131,44.379819]},"properties":{"line":"N112","mode":"bus","color":"#000000","colorDark":"#000000","band":4,"off":[3.4,1.1]}},{"type":"Feature","geometry":{"type":"Point","coordinates":[26.050476,44.470526]},"properties":{"name":"Clăbucet","band":4,"modes":"bus","arr":["79","97","381"],"off":[0,-0.8]}},{"type":"Feature","geometry":{"type":"Point","coordinates":[26.050476,44.470526]},"properties":{"line":"79","mode":"bus","color":"#149a3f","colorDark":"#0a5121","band":4,"off":[-3.4,1.1]}},{"type":"Feature","geometry":{"type":"Point","coordinates":[26.050476,44.470526]},"properties":{"line":"97","mode":"bus","color":"#149a3f","colorDark":"#0a5121","band":4,"off":[0,1.1]}},{"type":"Feature","geometry":{"type":"Point","coordinates":[26.050476,44.470526]},"properties":{"line":"381","mode":"bus","color":"#0059a9","colorDark":"#00294f","band":4,"off":[3.4,1.1]}},{"type":"Feature","geometry":{"type":"Point","coordinates":[26.11874,44.443717]},"properties":{"name":"Calea Moșilor","band":4,"modes":"bus","arr":["79"],"off":[0,-0.8]}},{"type":"Feature","geometry":{"type":"Point","coordinates":[26.11874,44.443717]},"properties":{"line":"79","mode":"bus","color":"#149a3f","colorDark":"#0a5121","band":4,"off":[0,1.1]}},{"type":"Feature","geometry":{"type":"Point","coordinates":[26.150868,44.439699]},"properties":{"name":"Arena Națională","band":4,"modes":"bus","arr":["85","90","143"],"off":[0,-0.8]}},{"type":"Feature","geometry":{"type":"Point","coordinates":[26.150868,44.439699]},"properties":{"line":"85","mode":"bus","color":"#149a3f","colorDark":"#0a5121","band":4,"off":[-3.4,1.1]}},{"type":"Feature","geometry":{"type":"Point","coordinates":[26.150868,44.439699]},"properties":{"line":"90","mode":"bus","color":"#149a3f","colorDark":"#0a5121","band":4,"off":[0,1.1]}},{"type":"Feature","geometry":{"type":"Point","coordinates":[26.150868,44.439699]},"properties":{"line":"143","mode":"bus","color":"#0059a9","colorDark":"#00294f","band":4,"off":[3.4,1.1]}},{"type":"Feature","geometry":{"type":"Point","coordinates":[26.055303,44.482825]},"properties":{"name":"Cartier Pajura","band":4,"modes":"bus","arr":["86","95"],"off":[0,-0.8]}},{"type":"Feature","geometry":{"type":"Point","coordinates":[26.055303,44.482825]},"properties":{"line":"86","mode":"bus","color":"#149a3f","colorDark":"#0a5121","band":4,"off":[-1.7,1.1]}},{"type":"Feature","geometry":{"type":"Point","coordinates":[26.055303,44.482825]},"properties":{"line":"95","mode":"bus","color":"#149a3f","colorDark":"#0a5121","band":4,"off":[1.7,1.1]}},{"type":"Feature","geometry":{"type":"Point","coordinates":[26.13248,44.441115]},"properties":{"name":"Piața Iancului","band":4,"modes":"bus","arr":["655"],"off":[0,-0.8]}},{"type":"Feature","geometry":{"type":"Point","coordinates":[26.13248,44.441115]},"properties":{"line":"655","mode":"bus","color":"#0059a9","colorDark":"#00294f","band":4,"off":[0,1.1]}},{"type":"Feature","geometry":{"type":"Point","coordinates":[26.142844,44.447409]},"properties":{"name":"Baicului","band":4,"modes":"bus","arr":["86","382"],"off":[0,-0.8]}},{"type":"Feature","geometry":{"type":"Point","coordinates":[26.142844,44.447409]},"properties":{"line":"86","mode":"bus","color":"#149a3f","colorDark":"#0a5121","band":4,"off":[-1.7,1.1]}},{"type":"Feature","geometry":{"type":"Point","coordinates":[26.142844,44.447409]},"properties":{"line":"382","mode":"bus","color":"#0059a9","colorDark":"#00294f","band":4,"off":[1.7,1.1]}},{"type":"Feature","geometry":{"type":"Point","coordinates":[26.046365,44.44553]},"properties":{"name":"M Petrache Poenaru","band":4,"modes":"bus","arr":["90"],"off":[0,-0.8]}},{"type":"Feature","geometry":{"type":"Point","coordinates":[26.046365,44.44553]},"properties":{"line":"90","mode":"bus","color":"#149a3f","colorDark":"#0a5121","band":4,"off":[0,1.1]}},{"type":"Feature","geometry":{"type":"Point","coordinates":[26.00242,44.41853]},"properties":{"name":"Cartier Constantin Brâncuși","band":4,"modes":"bus","arr":["93"],"off":[0,-0.8]}},{"type":"Feature","geometry":{"type":"Point","coordinates":[26.00242,44.41853]},"properties":{"line":"93","mode":"bus","color":"#149a3f","colorDark":"#0a5121","band":4,"off":[0,1.1]}},{"type":"Feature","geometry":{"type":"Point","coordinates":[26.072508,44.475512]},"properties":{"name":"Piața Presei","band":4,"modes":"bus","arr":["93","642","City Tour"],"off":[0,-0.8]}},{"type":"Feature","geometry":{"type":"Point","coordinates":[26.072508,44.475512]},"properties":{"line":"93","mode":"bus","color":"#149a3f","colorDark":"#0a5121","band":4,"off":[-3.4,1.1]}},{"type":"Feature","geometry":{"type":"Point","coordinates":[26.072508,44.475512]},"properties":{"line":"642","mode":"bus","color":"#0059a9","colorDark":"#00294f","band":4,"off":[0,1.1]}},{"type":"Feature","geometry":{"type":"Point","coordinates":[26.072508,44.475512]},"properties":{"line":"City Tour","mode":"bus","color":"#0059a9","colorDark":"#00294f","band":4,"off":[3.4,1.1]}},{"type":"Feature","geometry":{"type":"Point","coordinates":[26.014102,44.42115]},"properties":{"name":"Valea Ialomiței","band":4,"modes":"bus","arr":["168","232","N116"],"off":[0,-0.8]}},{"type":"Feature","geometry":{"type":"Point","coordinates":[26.014102,44.42115]},"properties":{"line":"168","mode":"bus","color":"#0059a9","colorDark":"#00294f","band":4,"off":[-3.4,1.1]}},{"type":"Feature","geometry":{"type":"Point","coordinates":[26.014102,44.42115]},"properties":{"line":"232","mode":"bus","color":"#0059a9","colorDark":"#00294f","band":4,"off":[0,1.1]}},{"type":"Feature","geometry":{"type":"Point","coordinates":[26.014102,44.42115]},"properties":{"line":"N116","mode":"bus","color":"#000000","colorDark":"#000000","band":4,"off":[3.4,1.1]}},{"type":"Feature","geometry":{"type":"Point","coordinates":[26.02425,44.503345]},"properties":{"name":"M Străulești","band":4,"modes":"bus","arr":["95","205","304","436","476","N117"],"off":[0,-0.8]}},{"type":"Feature","geometry":{"type":"Point","coordinates":[26.02425,44.503345]},"properties":{"line":"95","mode":"bus","color":"#149a3f","colorDark":"#0a5121","band":4,"off":[-6.8,1.1]}},{"type":"Feature","geometry":{"type":"Point","coordinates":[26.02425,44.503345]},"properties":{"line":"205","mode":"bus","color":"#0059a9","colorDark":"#00294f","band":4,"off":[-3.4,1.1]}},{"type":"Feature","geometry":{"type":"Point","coordinates":[26.02425,44.503345]},"properties":{"line":"304","mode":"bus","color":"#0059a9","colorDark":"#00294f","band":4,"off":[0,1.1]}},{"type":"Feature","geometry":{"type":"Point","coordinates":[26.02425,44.503345]},"properties":{"line":"436","mode":"bus","color":"#0059a9","colorDark":"#00294f","band":4,"off":[3.4,1.1]}},{"type":"Feature","geometry":{"type":"Point","coordinates":[26.02425,44.503345]},"properties":{"line":"476","mode":"bus","color":"#0059a9","colorDark":"#00294f","band":4,"off":[6.8,1.1]}},{"type":"Feature","geometry":{"type":"Point","coordinates":[26.02425,44.503345]},"properties":{"line":"N117","mode":"bus","color":"#000000","colorDark":"#000000","band":4,"off":[0,3.1]}},{"type":"Feature","geometry":{"type":"Point","coordinates":[26.044496,44.398674]},"properties":{"name":"Depoul Alexandria","band":4,"modes":"bus","arr":["96","226","227","421","424","464","484B"],"off":[0,-0.8]}},{"type":"Feature","geometry":{"type":"Point","coordinates":[26.044496,44.398674]},"properties":{"line":"96","mode":"bus","color":"#149a3f","colorDark":"#0a5121","band":4,"off":[-6.8,1.1]}},{"type":"Feature","geometry":{"type":"Point","coordinates":[26.044496,44.398674]},"properties":{"line":"226","mode":"bus","color":"#0059a9","colorDark":"#00294f","band":4,"off":[-3.4,1.1]}},{"type":"Feature","geometry":{"type":"Point","coordinates":[26.044496,44.398674]},"properties":{"line":"227","mode":"bus","color":"#0059a9","colorDark":"#00294f","band":4,"off":[0,1.1]}},{"type":"Feature","geometry":{"type":"Point","coordinates":[26.044496,44.398674]},"properties":{"line":"421","mode":"bus","color":"#0059a9","colorDark":"#00294f","band":4,"off":[3.4,1.1]}},{"type":"Feature","geometry":{"type":"Point","coordinates":[26.044496,44.398674]},"properties":{"line":"424","mode":"bus","color":"#0059a9","colorDark":"#00294f","band":4,"off":[6.8,1.1]}},{"type":"Feature","geometry":{"type":"Point","coordinates":[26.044496,44.398674]},"properties":{"line":"464","mode":"bus","color":"#0059a9","colorDark":"#00294f","band":4,"off":[-1.7,3.1]}},{"type":"Feature","geometry":{"type":"Point","coordinates":[26.044496,44.398674]},"properties":{"line":"484B","mode":"bus","color":"#0059a9","colorDark":"#00294f","band":4,"off":[1.7,3.1]}},{"type":"Feature","geometry":{"type":"Point","coordinates":[26.12175,44.407102]},"properties":{"name":"Pasaj Mihai Bravu","band":4,"modes":"bus","arr":["97"],"off":[0,-0.8]}},{"type":"Feature","geometry":{"type":"Point","coordinates":[26.12175,44.407102]},"properties":{"line":"97","mode":"bus","color":"#149a3f","colorDark":"#0a5121","band":4,"off":[0,1.1]}},{"type":"Feature","geometry":{"type":"Point","coordinates":[26.102825,44.42586]},"properties":{"name":"Piața Unirii 2","band":4,"modes":"bus","arr":["100","205","City Tour","N101","N102","N103","N106","N108","N109","N110","N113","N114","N115","N116","N117","N118","N119","N120","N121"],"off":[0,-0.8]}},{"type":"Feature","geometry":{"type":"Point","coordinates":[26.102825,44.42586]},"properties":{"line":"100","mode":"bus","color":"#0059a9","colorDark":"#00294f","band":4,"off":[-6.8,1.1]}},{"type":"Feature","geometry":{"type":"Point","coordinates":[26.102825,44.42586]},"properties":{"line":"205","mode":"bus","color":"#0059a9","colorDark":"#00294f","band":4,"off":[-3.4,1.1]}},{"type":"Feature","geometry":{"type":"Point","coordinates":[26.102825,44.42586]},"properties":{"line":"City Tour","mode":"bus","color":"#0059a9","colorDark":"#00294f","band":4,"off":[0,1.1]}},{"type":"Feature","geometry":{"type":"Point","coordinates":[26.102825,44.42586]},"properties":{"line":"N101","mode":"bus","color":"#000000","colorDark":"#000000","band":4,"off":[3.4,1.1]}},{"type":"Feature","geometry":{"type":"Point","coordinates":[26.102825,44.42586]},"properties":{"line":"N102","mode":"bus","color":"#000000","colorDark":"#000000","band":4,"off":[6.8,1.1]}},{"type":"Feature","geometry":{"type":"Point","coordinates":[26.102825,44.42586]},"properties":{"line":"N103","mode":"bus","color":"#000000","colorDark":"#000000","band":4,"off":[-6.8,3.1]}},{"type":"Feature","geometry":{"type":"Point","coordinates":[26.102825,44.42586]},"properties":{"line":"N106","mode":"bus","color":"#000000","colorDark":"#000000","band":4,"off":[-3.4,3.1]}},{"type":"Feature","geometry":{"type":"Point","coordinates":[26.102825,44.42586]},"properties":{"line":"N108","mode":"bus","color":"#000000","colorDark":"#000000","band":4,"off":[0,3.1]}},{"type":"Feature","geometry":{"type":"Point","coordinates":[26.102825,44.42586]},"properties":{"line":"N109","mode":"bus","color":"#000000","colorDark":"#000000","band":4,"off":[3.4,3.1]}},{"type":"Feature","geometry":{"type":"Point","coordinates":[26.102825,44.42586]},"properties":{"line":"N110","mode":"bus","color":"#000000","colorDark":"#000000","band":4,"off":[6.8,3.1]}},{"type":"Feature","geometry":{"type":"Point","coordinates":[26.102825,44.42586]},"properties":{"line":"N113","mode":"bus","color":"#000000","colorDark":"#000000","band":4,"off":[-6.8,5.1]}},{"type":"Feature","geometry":{"type":"Point","coordinates":[26.102825,44.42586]},"properties":{"line":"N114","mode":"bus","color":"#000000","colorDark":"#000000","band":4,"off":[-3.4,5.1]}},{"type":"Feature","geometry":{"type":"Point","coordinates":[26.102825,44.42586]},"properties":{"line":"N115","mode":"bus","color":"#000000","colorDark":"#000000","band":4,"off":[0,5.1]}},{"type":"Feature","geometry":{"type":"Point","coordinates":[26.102825,44.42586]},"properties":{"line":"N116","mode":"bus","color":"#000000","colorDark":"#000000","band":4,"off":[3.4,5.1]}},{"type":"Feature","geometry":{"type":"Point","coordinates":[26.102825,44.42586]},"properties":{"line":"N117","mode":"bus","color":"#000000","colorDark":"#000000","band":4,"off":[6.8,5.1]}},{"type":"Feature","geometry":{"type":"Point","coordinates":[26.102825,44.42586]},"properties":{"line":"N118","mode":"bus","color":"#000000","colorDark":"#000000","band":4,"off":[-5.1,7.1]}},{"type":"Feature","geometry":{"type":"Point","coordinates":[26.102825,44.42586]},"properties":{"line":"N119","mode":"bus","color":"#000000","colorDark":"#000000","band":4,"off":[-1.7,7.1]}},{"type":"Feature","geometry":{"type":"Point","coordinates":[26.102825,44.42586]},"properties":{"line":"N120","mode":"bus","color":"#000000","colorDark":"#000000","band":4,"off":[1.7,7.1]}},{"type":"Feature","geometry":{"type":"Point","coordinates":[26.102825,44.42586]},"properties":{"line":"N121","mode":"bus","color":"#000000","colorDark":"#000000","band":4,"off":[5.1,7.1]}},{"type":"Feature","geometry":{"type":"Point","coordinates":[26.10388,44.427801]},"properties":{"name":"Piața Unirii 4","band":4,"modes":"bus","arr":["N104","N105","N107","N111","N112","N122"],"off":[0,-0.8]}},{"type":"Feature","geometry":{"type":"Point","coordinates":[26.10388,44.427801]},"properties":{"line":"N104","mode":"bus","color":"#000000","colorDark":"#000000","band":4,"off":[-6.8,1.1]}},{"type":"Feature","geometry":{"type":"Point","coordinates":[26.10388,44.427801]},"properties":{"line":"N105","mode":"bus","color":"#000000","colorDark":"#000000","band":4,"off":[-3.4,1.1]}},{"type":"Feature","geometry":{"type":"Point","coordinates":[26.10388,44.427801]},"properties":{"line":"N107","mode":"bus","color":"#000000","colorDark":"#000000","band":4,"off":[0,1.1]}},{"type":"Feature","geometry":{"type":"Point","coordinates":[26.10388,44.427801]},"properties":{"line":"N111","mode":"bus","color":"#000000","colorDark":"#000000","band":4,"off":[3.4,1.1]}},{"type":"Feature","geometry":{"type":"Point","coordinates":[26.10388,44.427801]},"properties":{"line":"N112","mode":"bus","color":"#000000","colorDark":"#000000","band":4,"off":[6.8,1.1]}},{"type":"Feature","geometry":{"type":"Point","coordinates":[26.10388,44.427801]},"properties":{"line":"N122","mode":"bus","color":"#000000","colorDark":"#000000","band":4,"off":[0,3.1]}},{"type":"Feature","geometry":{"type":"Point","coordinates":[26.072965,44.477582]},"properties":{"name":"Piața Presei","band":4,"modes":"bus","arr":["304","403","441","441B","442","443","443B","444","446","447","447B","448","477","City Tour"],"off":[0,-0.8]}},{"type":"Feature","geometry":{"type":"Point","coordinates":[26.072965,44.477582]},"properties":{"line":"304","mode":"bus","color":"#0059a9","colorDark":"#00294f","band":4,"off":[-6.8,1.1]}},{"type":"Feature","geometry":{"type":"Point","coordinates":[26.072965,44.477582]},"properties":{"line":"403","mode":"bus","color":"#0059a9","colorDark":"#00294f","band":4,"off":[-3.4,1.1]}},{"type":"Feature","geometry":{"type":"Point","coordinates":[26.072965,44.477582]},"properties":{"line":"441","mode":"bus","color":"#0059a9","colorDark":"#00294f","band":4,"off":[0,1.1]}},{"type":"Feature","geometry":{"type":"Point","coordinates":[26.072965,44.477582]},"properties":{"line":"441B","mode":"bus","color":"#0059a9","colorDark":"#00294f","band":4,"off":[3.4,1.1]}},{"type":"Feature","geometry":{"type":"Point","coordinates":[26.072965,44.477582]},"properties":{"line":"442","mode":"bus","color":"#0059a9","colorDark":"#00294f","band":4,"off":[6.8,1.1]}},{"type":"Feature","geometry":{"type":"Point","coordinates":[26.072965,44.477582]},"properties":{"line":"443","mode":"bus","color":"#0059a9","colorDark":"#00294f","band":4,"off":[-6.8,3.1]}},{"type":"Feature","geometry":{"type":"Point","coordinates":[26.072965,44.477582]},"properties":{"line":"443B","mode":"bus","color":"#0059a9","colorDark":"#00294f","band":4,"off":[-3.4,3.1]}},{"type":"Feature","geometry":{"type":"Point","coordinates":[26.072965,44.477582]},"properties":{"line":"444","mode":"bus","color":"#0059a9","colorDark":"#00294f","band":4,"off":[0,3.1]}},{"type":"Feature","geometry":{"type":"Point","coordinates":[26.072965,44.477582]},"properties":{"line":"446","mode":"bus","color":"#0059a9","colorDark":"#00294f","band":4,"off":[3.4,3.1]}},{"type":"Feature","geometry":{"type":"Point","coordinates":[26.072965,44.477582]},"properties":{"line":"447","mode":"bus","color":"#0059a9","colorDark":"#00294f","band":4,"off":[6.8,3.1]}},{"type":"Feature","geometry":{"type":"Point","coordinates":[26.072965,44.477582]},"properties":{"line":"447B","mode":"bus","color":"#0059a9","colorDark":"#00294f","band":4,"off":[-5.1,5.1]}},{"type":"Feature","geometry":{"type":"Point","coordinates":[26.072965,44.477582]},"properties":{"line":"448","mode":"bus","color":"#0059a9","colorDark":"#00294f","band":4,"off":[-1.7,5.1]}},{"type":"Feature","geometry":{"type":"Point","coordinates":[26.072965,44.477582]},"properties":{"line":"477","mode":"bus","color":"#0059a9","colorDark":"#00294f","band":4,"off":[1.7,5.1]}},{"type":"Feature","geometry":{"type":"Point","coordinates":[26.072965,44.477582]},"properties":{"line":"City Tour","mode":"bus","color":"#0059a9","colorDark":"#00294f","band":4,"off":[5.1,5.1]}},{"type":"Feature","geometry":{"type":"Point","coordinates":[26.076804,44.571533]},"properties":{"name":"Aeroport Henri Coandă","band":4,"modes":"bus","arr":["100"],"off":[0,-0.8]}},{"type":"Feature","geometry":{"type":"Point","coordinates":[26.076804,44.571533]},"properties":{"line":"100","mode":"bus","color":"#0059a9","colorDark":"#00294f","band":4,"off":[0,1.1]}},{"type":"Feature","geometry":{"type":"Point","coordinates":[26.101828,44.436467]},"properties":{"name":"Piața 21 Decembrie 1989","band":4,"modes":"bus","arr":["122","137"],"off":[0,-0.8]}},{"type":"Feature","geometry":{"type":"Point","coordinates":[26.101828,44.436467]},"properties":{"line":"122","mode":"bus","color":"#0059a9","colorDark":"#00294f","band":4,"off":[-1.7,1.1]}},{"type":"Feature","geometry":{"type":"Point","coordinates":[26.101828,44.436467]},"properties":{"line":"137","mode":"bus","color":"#0059a9","colorDark":"#00294f","band":4,"off":[1.7,1.1]}},{"type":"Feature","geometry":{"type":"Point","coordinates":[26.178968,44.426241]},"properties":{"name":"Faur","band":4,"modes":"bus","arr":["101","311","335","619","N122"],"off":[0,-0.8]}},{"type":"Feature","geometry":{"type":"Point","coordinates":[26.178968,44.426241]},"properties":{"line":"101","mode":"bus","color":"#0059a9","colorDark":"#00294f","band":4,"off":[-6.8,1.1]}},{"type":"Feature","geometry":{"type":"Point","coordinates":[26.178968,44.426241]},"properties":{"line":"311","mode":"bus","color":"#0059a9","colorDark":"#00294f","band":4,"off":[-3.4,1.1]}},{"type":"Feature","geometry":{"type":"Point","coordinates":[26.178968,44.426241]},"properties":{"line":"335","mode":"bus","color":"#0059a9","colorDark":"#00294f","band":4,"off":[0,1.1]}},{"type":"Feature","geometry":{"type":"Point","coordinates":[26.178968,44.426241]},"properties":{"line":"619","mode":"bus","color":"#0059a9","colorDark":"#00294f","band":4,"off":[3.4,1.1]}},{"type":"Feature","geometry":{"type":"Point","coordinates":[26.178968,44.426241]},"properties":{"line":"N122","mode":"bus","color":"#000000","colorDark":"#000000","band":4,"off":[6.8,1.1]}},{"type":"Feature","geometry":{"type":"Point","coordinates":[26.125861,44.448544]},"properties":{"name":"Bucur Obor","band":4,"modes":"bus","arr":["101"],"off":[0,-0.8]}},{"type":"Feature","geometry":{"type":"Point","coordinates":[26.125861,44.448544]},"properties":{"line":"101","mode":"bus","color":"#0059a9","colorDark":"#00294f","band":4,"off":[0,1.1]}},{"type":"Feature","geometry":{"type":"Point","coordinates":[26.188837,44.439296]},"properties":{"name":"Complex Pantelimon","band":4,"modes":"bus","arr":["102","104"],"off":[0,-0.8]}},{"type":"Feature","geometry":{"type":"Point","coordinates":[26.188837,44.439296]},"properties":{"line":"102","mode":"bus","color":"#0059a9","colorDark":"#00294f","band":4,"off":[-1.7,1.1]}},{"type":"Feature","geometry":{"type":"Point","coordinates":[26.188837,44.439296]},"properties":{"line":"104","mode":"bus","color":"#0059a9","colorDark":"#00294f","band":4,"off":[1.7,1.1]}},{"type":"Feature","geometry":{"type":"Point","coordinates":[26.089251,44.369771]},"properties":{"name":"C.F.R. Progresul","band":4,"modes":"bus","arr":["102","116","N107"],"off":[0,-0.8]}},{"type":"Feature","geometry":{"type":"Point","coordinates":[26.089251,44.369771]},"properties":{"line":"102","mode":"bus","color":"#0059a9","colorDark":"#00294f","band":4,"off":[-3.4,1.1]}},{"type":"Feature","geometry":{"type":"Point","coordinates":[26.089251,44.369771]},"properties":{"line":"116","mode":"bus","color":"#0059a9","colorDark":"#00294f","band":4,"off":[0,1.1]}},{"type":"Feature","geometry":{"type":"Point","coordinates":[26.089251,44.369771]},"properties":{"line":"N107","mode":"bus","color":"#000000","colorDark":"#000000","band":4,"off":[3.4,1.1]}},{"type":"Feature","geometry":{"type":"Point","coordinates":[26.183375,44.440229]},"properties":{"name":"Pantelimon","band":4,"modes":"tram,bus","arr":["5","103","246","407","451","452","457","458","N102"],"off":[0,-0.8]}},{"type":"Feature","geometry":{"type":"Point","coordinates":[26.183375,44.440229]},"properties":{"line":"5","mode":"tram","color":"#d6212b","colorDark":"#7c1116","band":4,"off":[-6.8,1.1]}},{"type":"Feature","geometry":{"type":"Point","coordinates":[26.183375,44.440229]},"properties":{"line":"103","mode":"bus","color":"#0059a9","colorDark":"#00294f","band":4,"off":[-3.4,1.1]}},{"type":"Feature","geometry":{"type":"Point","coordinates":[26.183375,44.440229]},"properties":{"line":"246","mode":"bus","color":"#0059a9","colorDark":"#00294f","band":4,"off":[0,1.1]}},{"type":"Feature","geometry":{"type":"Point","coordinates":[26.183375,44.440229]},"properties":{"line":"407","mode":"bus","color":"#0059a9","colorDark":"#00294f","band":4,"off":[3.4,1.1]}},{"type":"Feature","geometry":{"type":"Point","coordinates":[26.183375,44.440229]},"properties":{"line":"451","mode":"bus","color":"#0059a9","colorDark":"#00294f","band":4,"off":[6.8,1.1]}},{"type":"Feature","geometry":{"type":"Point","coordinates":[26.183375,44.440229]},"properties":{"line":"452","mode":"bus","color":"#0059a9","colorDark":"#00294f","band":4,"off":[-5.1,3.1]}},{"type":"Feature","geometry":{"type":"Point","coordinates":[26.183375,44.440229]},"properties":{"line":"457","mode":"bus","color":"#0059a9","colorDark":"#00294f","band":4,"off":[-1.7,3.1]}},{"type":"Feature","geometry":{"type":"Point","coordinates":[26.183375,44.440229]},"properties":{"line":"458","mode":"bus","color":"#0059a9","colorDark":"#00294f","band":4,"off":[1.7,3.1]}},{"type":"Feature","geometry":{"type":"Point","coordinates":[26.183375,44.440229]},"properties":{"line":"N102","mode":"bus","color":"#000000","colorDark":"#000000","band":4,"off":[5.1,3.1]}},{"type":"Feature","geometry":{"type":"Point","coordinates":[26.217804,44.415574]},"properties":{"name":"Isovolta","band":4,"modes":"bus","arr":["103"],"off":[0,-0.8]}},{"type":"Feature","geometry":{"type":"Point","coordinates":[26.217804,44.415574]},"properties":{"line":"103","mode":"bus","color":"#0059a9","colorDark":"#00294f","band":4,"off":[0,1.1]}},{"type":"Feature","geometry":{"type":"Point","coordinates":[26.014767,44.413315]},"properties":{"name":"Valea Oltului","band":4,"modes":"bus","arr":["105"],"off":[0,-0.8]}},{"type":"Feature","geometry":{"type":"Point","coordinates":[26.014767,44.413315]},"properties":{"line":"105","mode":"bus","color":"#0059a9","colorDark":"#00294f","band":4,"off":[0,1.1]}},{"type":"Feature","geometry":{"type":"Point","coordinates":[26.068011,44.44944]},"properties":{"name":"Gara Basarab","band":4,"modes":"tram,bus","arr":["44","123","162","282"],"off":[0,-0.8]}},{"type":"Feature","geometry":{"type":"Point","coordinates":[26.068011,44.44944]},"properties":{"line":"44","mode":"tram","color":"#d6212b","colorDark":"#7c1116","band":4,"off":[-5.1,1.1]}},{"type":"Feature","geometry":{"type":"Point","coordinates":[26.068011,44.44944]},"properties":{"line":"123","mode":"bus","color":"#0059a9","colorDark":"#00294f","band":4,"off":[-1.7,1.1]}},{"type":"Feature","geometry":{"type":"Point","coordinates":[26.068011,44.44944]},"properties":{"line":"162","mode":"bus","color":"#0059a9","colorDark":"#00294f","band":4,"off":[1.7,1.1]}},{"type":"Feature","geometry":{"type":"Point","coordinates":[26.068011,44.44944]},"properties":{"line":"282","mode":"bus","color":"#0059a9","colorDark":"#00294f","band":4,"off":[5.1,1.1]}},{"type":"Feature","geometry":{"type":"Point","coordinates":[26.070104,44.45072]},"properties":{"name":"Șoseaua Nicolae Titulescu","band":4,"modes":"bus","arr":["105"],"off":[0,-0.8]}},{"type":"Feature","geometry":{"type":"Point","coordinates":[26.070104,44.45072]},"properties":{"line":"105","mode":"bus","color":"#0059a9","colorDark":"#00294f","band":4,"off":[0,1.1]}},{"type":"Feature","geometry":{"type":"Point","coordinates":[25.982655,44.422207]},"properties":{"name":"C.E.T. Vest Militari","band":4,"modes":"bus","arr":["106","221"],"off":[0,-0.8]}},{"type":"Feature","geometry":{"type":"Point","coordinates":[25.982655,44.422207]},"properties":{"line":"106","mode":"bus","color":"#0059a9","colorDark":"#00294f","band":4,"off":[-1.7,1.1]}},{"type":"Feature","geometry":{"type":"Point","coordinates":[25.982655,44.422207]},"properties":{"line":"221","mode":"bus","color":"#0059a9","colorDark":"#00294f","band":4,"off":[1.7,1.1]}},{"type":"Feature","geometry":{"type":"Point","coordinates":[26.005142,44.43225]},"properties":{"name":"Bd. Preciziei","band":4,"modes":"bus","arr":["322","478"],"off":[0,-0.8]}},{"type":"Feature","geometry":{"type":"Point","coordinates":[26.005142,44.43225]},"properties":{"line":"322","mode":"bus","color":"#0059a9","colorDark":"#00294f","band":4,"off":[-1.7,1.1]}},{"type":"Feature","geometry":{"type":"Point","coordinates":[26.005142,44.43225]},"properties":{"line":"478","mode":"bus","color":"#0059a9","colorDark":"#00294f","band":4,"off":[1.7,1.1]}},{"type":"Feature","geometry":{"type":"Point","coordinates":[26.00366,44.441495]},"properties":{"name":"Cartier Roșu","band":4,"modes":"bus","arr":["106"],"off":[0,-0.8]}},{"type":"Feature","geometry":{"type":"Point","coordinates":[26.00366,44.441495]},"properties":{"line":"106","mode":"bus","color":"#0059a9","colorDark":"#00294f","band":4,"off":[0,1.1]}},{"type":"Feature","geometry":{"type":"Point","coordinates":[26.115663,44.486747]},"properties":{"name":"Pasajul Pipera","band":4,"modes":"bus","arr":["112","135"],"off":[0,-0.8]}},{"type":"Feature","geometry":{"type":"Point","coordinates":[26.115663,44.486747]},"properties":{"line":"112","mode":"bus","color":"#0059a9","colorDark":"#00294f","band":4,"off":[-1.7,1.1]}},{"type":"Feature","geometry":{"type":"Point","coordinates":[26.115663,44.486747]},"properties":{"line":"135","mode":"bus","color":"#0059a9","colorDark":"#00294f","band":4,"off":[1.7,1.1]}},{"type":"Feature","geometry":{"type":"Point","coordinates":[26.013462,44.491525]},"properties":{"name":"Complex Colosseum","band":4,"modes":"bus","arr":["112","470"],"off":[0,-0.8]}},{"type":"Feature","geometry":{"type":"Point","coordinates":[26.013462,44.491525]},"properties":{"line":"112","mode":"bus","color":"#0059a9","colorDark":"#00294f","band":4,"off":[-1.7,1.1]}},{"type":"Feature","geometry":{"type":"Point","coordinates":[26.013462,44.491525]},"properties":{"line":"470","mode":"bus","color":"#0059a9","colorDark":"#00294f","band":4,"off":[1.7,1.1]}},{"type":"Feature","geometry":{"type":"Point","coordinates":[26.059435,44.385785]},"properties":{"name":"Cartier Confort Urban","band":4,"modes":"bus","arr":["117","227"],"off":[0,-0.8]}},{"type":"Feature","geometry":{"type":"Point","coordinates":[26.059435,44.385785]},"properties":{"line":"117","mode":"bus","color":"#0059a9","colorDark":"#00294f","band":4,"off":[-1.7,1.1]}},{"type":"Feature","geometry":{"type":"Point","coordinates":[26.059435,44.385785]},"properties":{"line":"227","mode":"bus","color":"#0059a9","colorDark":"#00294f","band":4,"off":[1.7,1.1]}},{"type":"Feature","geometry":{"type":"Point","coordinates":[25.978781,44.406787]},"properties":{"name":"Pasaj Domnești","band":4,"modes":"bus","arr":["122","222"],"off":[0,-0.8]}},{"type":"Feature","geometry":{"type":"Point","coordinates":[25.978781,44.406787]},"properties":{"line":"122","mode":"bus","color":"#0059a9","colorDark":"#00294f","band":4,"off":[-1.7,1.1]}},{"type":"Feature","geometry":{"type":"Point","coordinates":[25.978781,44.406787]},"properties":{"line":"222","mode":"bus","color":"#0059a9","colorDark":"#00294f","band":4,"off":[1.7,1.1]}},{"type":"Feature","geometry":{"type":"Point","coordinates":[26.017124,44.41197]},"properties":{"name":"Valea Oltului","band":4,"modes":"bus","arr":["368","385","N101"],"off":[0,-0.8]}},{"type":"Feature","geometry":{"type":"Point","coordinates":[26.017124,44.41197]},"properties":{"line":"368","mode":"bus","color":"#0059a9","colorDark":"#00294f","band":4,"off":[-3.4,1.1]}},{"type":"Feature","geometry":{"type":"Point","coordinates":[26.017124,44.41197]},"properties":{"line":"385","mode":"bus","color":"#0059a9","colorDark":"#00294f","band":4,"off":[0,1.1]}},{"type":"Feature","geometry":{"type":"Point","coordinates":[26.017124,44.41197]},"properties":{"line":"N101","mode":"bus","color":"#000000","colorDark":"#000000","band":4,"off":[3.4,1.1]}},{"type":"Feature","geometry":{"type":"Point","coordinates":[26.094131,44.440236]},"properties":{"name":"Luterană","band":4,"modes":"bus","arr":["311"],"off":[0,-0.8]}},{"type":"Feature","geometry":{"type":"Point","coordinates":[26.094131,44.440236]},"properties":{"line":"311","mode":"bus","color":"#0059a9","colorDark":"#00294f","band":4,"off":[0,1.1]}},{"type":"Feature","geometry":{"type":"Point","coordinates":[26.148276,44.405968]},"properties":{"name":"C.E.T. Sud Vitan","band":4,"modes":"bus","arr":["123","135"],"off":[0,-0.8]}},{"type":"Feature","geometry":{"type":"Point","coordinates":[26.148276,44.405968]},"properties":{"line":"123","mode":"bus","color":"#0059a9","colorDark":"#00294f","band":4,"off":[-1.7,1.1]}},{"type":"Feature","geometry":{"type":"Point","coordinates":[26.148276,44.405968]},"properties":{"line":"135","mode":"bus","color":"#0059a9","colorDark":"#00294f","band":4,"off":[1.7,1.1]}},{"type":"Feature","geometry":{"type":"Point","coordinates":[26.138954,44.359518]},"properties":{"name":"Vulcan Berceni","band":4,"modes":"bus","arr":["125","141","220","N105"],"off":[0,-0.8]}},{"type":"Feature","geometry":{"type":"Point","coordinates":[26.138954,44.359518]},"properties":{"line":"125","mode":"bus","color":"#0059a9","colorDark":"#00294f","band":4,"off":[-5.1,1.1]}},{"type":"Feature","geometry":{"type":"Point","coordinates":[26.138954,44.359518]},"properties":{"line":"141","mode":"bus","color":"#0059a9","colorDark":"#00294f","band":4,"off":[-1.7,1.1]}},{"type":"Feature","geometry":{"type":"Point","coordinates":[26.138954,44.359518]},"properties":{"line":"220","mode":"bus","color":"#0059a9","colorDark":"#00294f","band":4,"off":[1.7,1.1]}},{"type":"Feature","geometry":{"type":"Point","coordinates":[26.138954,44.359518]},"properties":{"line":"N105","mode":"bus","color":"#000000","colorDark":"#000000","band":4,"off":[5.1,1.1]}},{"type":"Feature","geometry":{"type":"Point","coordinates":[26.135018,44.379396]},"properties":{"name":"Cartier Apărătorii Patriei","band":4,"modes":"bus","arr":["241"],"off":[0,-0.8]}},{"type":"Feature","geometry":{"type":"Point","coordinates":[26.135018,44.379396]},"properties":{"line":"241","mode":"bus","color":"#0059a9","colorDark":"#00294f","band":4,"off":[0,1.1]}},{"type":"Feature","geometry":{"type":"Point","coordinates":[26.146026,44.337189]},"properties":{"name":"Peco Silflor Move","band":4,"modes":"bus","arr":["125"],"off":[0,-0.8]}},{"type":"Feature","geometry":{"type":"Point","coordinates":[26.146026,44.337189]},"properties":{"line":"125","mode":"bus","color":"#0059a9","colorDark":"#00294f","band":4,"off":[0,1.1]}},{"type":"Feature","geometry":{"type":"Point","coordinates":[25.958592,44.437839]},"properties":{"name":"Carrefour Militari","band":4,"modes":"bus","arr":["137"],"off":[0,-0.8]}},{"type":"Feature","geometry":{"type":"Point","coordinates":[25.958592,44.437839]},"properties":{"line":"137","mode":"bus","color":"#0059a9","colorDark":"#00294f","band":4,"off":[0,1.1]}},{"type":"Feature","geometry":{"type":"Point","coordinates":[26.055557,44.428637]},"properties":{"name":"Bd. G-ral Paul Teodorescu","band":4,"modes":"bus","arr":["487"],"off":[0,-0.8]}},{"type":"Feature","geometry":{"type":"Point","coordinates":[26.055557,44.428637]},"properties":{"line":"487","mode":"bus","color":"#0059a9","colorDark":"#00294f","band":4,"off":[0,1.1]}},{"type":"Feature","geometry":{"type":"Point","coordinates":[25.984923,44.439445]},"properties":{"name":"Complex Militari","band":4,"modes":"bus","arr":["138"],"off":[0,-0.8]}},{"type":"Feature","geometry":{"type":"Point","coordinates":[25.984923,44.439445]},"properties":{"line":"138","mode":"bus","color":"#0059a9","colorDark":"#00294f","band":4,"off":[0,1.1]}},{"type":"Feature","geometry":{"type":"Point","coordinates":[26.034754,44.410268]},"properties":{"name":"Dedeman Ghencea","band":4,"modes":"bus","arr":["138","221"],"off":[0,-0.8]}},{"type":"Feature","geometry":{"type":"Point","coordinates":[26.034754,44.410268]},"properties":{"line":"138","mode":"bus","color":"#0059a9","colorDark":"#00294f","band":4,"off":[-1.7,1.1]}},{"type":"Feature","geometry":{"type":"Point","coordinates":[26.034754,44.410268]},"properties":{"line":"221","mode":"bus","color":"#0059a9","colorDark":"#00294f","band":4,"off":[1.7,1.1]}},{"type":"Feature","geometry":{"type":"Point","coordinates":[26.078301,44.387223]},"properties":{"name":"Zețarilor","band":4,"modes":"bus","arr":["139","141","216","323","N118"],"off":[0,-0.8]}},{"type":"Feature","geometry":{"type":"Point","coordinates":[26.078301,44.387223]},"properties":{"line":"139","mode":"bus","color":"#0059a9","colorDark":"#00294f","band":4,"off":[-6.8,1.1]}},{"type":"Feature","geometry":{"type":"Point","coordinates":[26.078301,44.387223]},"properties":{"line":"141","mode":"bus","color":"#0059a9","colorDark":"#00294f","band":4,"off":[-3.4,1.1]}},{"type":"Feature","geometry":{"type":"Point","coordinates":[26.078301,44.387223]},"properties":{"line":"216","mode":"bus","color":"#0059a9","colorDark":"#00294f","band":4,"off":[0,1.1]}},{"type":"Feature","geometry":{"type":"Point","coordinates":[26.078301,44.387223]},"properties":{"line":"323","mode":"bus","color":"#0059a9","colorDark":"#00294f","band":4,"off":[3.4,1.1]}},{"type":"Feature","geometry":{"type":"Point","coordinates":[26.078301,44.387223]},"properties":{"line":"N118","mode":"bus","color":"#000000","colorDark":"#000000","band":4,"off":[6.8,1.1]}},{"type":"Feature","geometry":{"type":"Point","coordinates":[26.059171,44.434045]},"properties":{"name":"Piața Leul","band":4,"modes":"bus","arr":["139"],"off":[0,-0.8]}},{"type":"Feature","geometry":{"type":"Point","coordinates":[26.059171,44.434045]},"properties":{"line":"139","mode":"bus","color":"#0059a9","colorDark":"#00294f","band":4,"off":[0,1.1]}},{"type":"Feature","geometry":{"type":"Point","coordinates":[26.000667,44.471218]},"properties":{"name":"Giulești Sârbi","band":4,"modes":"bus","arr":["162","163"],"off":[0,-0.8]}},{"type":"Feature","geometry":{"type":"Point","coordinates":[26.000667,44.471218]},"properties":{"line":"162","mode":"bus","color":"#0059a9","colorDark":"#00294f","band":4,"off":[-1.7,1.1]}},{"type":"Feature","geometry":{"type":"Point","coordinates":[26.000667,44.471218]},"properties":{"line":"163","mode":"bus","color":"#0059a9","colorDark":"#00294f","band":4,"off":[1.7,1.1]}},{"type":"Feature","geometry":{"type":"Point","coordinates":[26.022296,44.470095]},"properties":{"name":"Cartier Giulești","band":4,"modes":"tram,bus","arr":["44","N110"],"off":[0,-0.8]}},{"type":"Feature","geometry":{"type":"Point","coordinates":[26.022296,44.470095]},"properties":{"line":"44","mode":"tram","color":"#d6212b","colorDark":"#7c1116","band":4,"off":[-1.7,1.1]}},{"type":"Feature","geometry":{"type":"Point","coordinates":[26.022296,44.470095]},"properties":{"line":"N110","mode":"bus","color":"#000000","colorDark":"#000000","band":4,"off":[1.7,1.1]}},{"type":"Feature","geometry":{"type":"Point","coordinates":[26.097524,44.445581]},"properties":{"name":"Piața Romana","band":4,"modes":"bus","arr":["168","226","368"],"off":[0,-0.8]}},{"type":"Feature","geometry":{"type":"Point","coordinates":[26.097524,44.445581]},"properties":{"line":"168","mode":"bus","color":"#0059a9","colorDark":"#00294f","band":4,"off":[-3.4,1.1]}},{"type":"Feature","geometry":{"type":"Point","coordinates":[26.097524,44.445581]},"properties":{"line":"226","mode":"bus","color":"#0059a9","colorDark":"#00294f","band":4,"off":[0,1.1]}},{"type":"Feature","geometry":{"type":"Point","coordinates":[26.097524,44.445581]},"properties":{"line":"368","mode":"bus","color":"#0059a9","colorDark":"#00294f","band":4,"off":[3.4,1.1]}},{"type":"Feature","geometry":{"type":"Point","coordinates":[26.094969,44.437802]},"properties":{"name":"Sala Palatului","band":4,"modes":"bus","arr":["178","311"],"off":[0,-0.8]}},{"type":"Feature","geometry":{"type":"Point","coordinates":[26.094969,44.437802]},"properties":{"line":"178","mode":"bus","color":"#0059a9","colorDark":"#00294f","band":4,"off":[-1.7,1.1]}},{"type":"Feature","geometry":{"type":"Point","coordinates":[26.094969,44.437802]},"properties":{"line":"311","mode":"bus","color":"#0059a9","colorDark":"#00294f","band":4,"off":[1.7,1.1]}},{"type":"Feature","geometry":{"type":"Point","coordinates":[26.176953,44.475906]},"properties":{"name":"Dragonul Roșu","band":4,"modes":"bus","arr":["182"],"off":[0,-0.8]}},{"type":"Feature","geometry":{"type":"Point","coordinates":[26.176953,44.475906]},"properties":{"line":"182","mode":"bus","color":"#0059a9","colorDark":"#00294f","band":4,"off":[0,1.1]}},{"type":"Feature","geometry":{"type":"Point","coordinates":[26.155423,44.462967]},"properties":{"name":"Institutul Oncologic","band":4,"modes":"bus","arr":["N103"],"off":[0,-0.8]}},{"type":"Feature","geometry":{"type":"Point","coordinates":[26.155423,44.462967]},"properties":{"line":"N103","mode":"bus","color":"#000000","colorDark":"#000000","band":4,"off":[0,1.1]}},{"type":"Feature","geometry":{"type":"Point","coordinates":[26.045854,44.414774]},"properties":{"name":"Ghencea","band":4,"modes":"bus","arr":["185","422","423","425","425B","426","427","428","484","610"],"off":[0,-0.8]}},{"type":"Feature","geometry":{"type":"Point","coordinates":[26.045854,44.414774]},"properties":{"line":"185","mode":"bus","color":"#0059a9","colorDark":"#00294f","band":4,"off":[-6.8,1.1]}},{"type":"Feature","geometry":{"type":"Point","coordinates":[26.045854,44.414774]},"properties":{"line":"422","mode":"bus","color":"#0059a9","colorDark":"#00294f","band":4,"off":[-3.4,1.1]}},{"type":"Feature","geometry":{"type":"Point","coordinates":[26.045854,44.414774]},"properties":{"line":"423","mode":"bus","color":"#0059a9","colorDark":"#00294f","band":4,"off":[0,1.1]}},{"type":"Feature","geometry":{"type":"Point","coordinates":[26.045854,44.414774]},"properties":{"line":"425","mode":"bus","color":"#0059a9","colorDark":"#00294f","band":4,"off":[3.4,1.1]}},{"type":"Feature","geometry":{"type":"Point","coordinates":[26.045854,44.414774]},"properties":{"line":"425B","mode":"bus","color":"#0059a9","colorDark":"#00294f","band":4,"off":[6.8,1.1]}},{"type":"Feature","geometry":{"type":"Point","coordinates":[26.045854,44.414774]},"properties":{"line":"426","mode":"bus","color":"#0059a9","colorDark":"#00294f","band":4,"off":[-6.8,3.1]}},{"type":"Feature","geometry":{"type":"Point","coordinates":[26.045854,44.414774]},"properties":{"line":"427","mode":"bus","color":"#0059a9","colorDark":"#00294f","band":4,"off":[-3.4,3.1]}},{"type":"Feature","geometry":{"type":"Point","coordinates":[26.045854,44.414774]},"properties":{"line":"428","mode":"bus","color":"#0059a9","colorDark":"#00294f","band":4,"off":[0,3.1]}},{"type":"Feature","geometry":{"type":"Point","coordinates":[26.045854,44.414774]},"properties":{"line":"484","mode":"bus","color":"#0059a9","colorDark":"#00294f","band":4,"off":[3.4,3.1]}},{"type":"Feature","geometry":{"type":"Point","coordinates":[26.045854,44.414774]},"properties":{"line":"610","mode":"bus","color":"#0059a9","colorDark":"#00294f","band":4,"off":[6.8,3.1]}},{"type":"Feature","geometry":{"type":"Point","coordinates":[26.0215,44.403975]},"properties":{"name":"Cimitirul Ghencea 3","band":4,"modes":"bus","arr":["185"],"off":[0,-0.8]}},{"type":"Feature","geometry":{"type":"Point","coordinates":[26.0215,44.403975]},"properties":{"line":"185","mode":"bus","color":"#0059a9","colorDark":"#00294f","band":4,"off":[0,1.1]}},{"type":"Feature","geometry":{"type":"Point","coordinates":[26.081136,44.496195]},"properties":{"name":"Aeroport Băneasa","band":4,"modes":"bus","arr":["196"],"off":[0,-0.8]}},{"type":"Feature","geometry":{"type":"Point","coordinates":[26.081136,44.496195]},"properties":{"line":"196","mode":"bus","color":"#0059a9","colorDark":"#00294f","band":4,"off":[0,1.1]}},{"type":"Feature","geometry":{"type":"Point","coordinates":[26.092421,44.41536]},"properties":{"name":"Autogara Filaret","band":4,"modes":"bus","arr":["196"],"off":[0,-0.8]}},{"type":"Feature","geometry":{"type":"Point","coordinates":[26.092421,44.41536]},"properties":{"line":"196","mode":"bus","color":"#0059a9","colorDark":"#00294f","band":4,"off":[0,1.1]}},{"type":"Feature","geometry":{"type":"Point","coordinates":[26.094873,44.53807]},"properties":{"name":"Cartier Greenfield","band":4,"modes":"bus","arr":["203"],"off":[0,-0.8]}},{"type":"Feature","geometry":{"type":"Point","coordinates":[26.094873,44.53807]},"properties":{"line":"203","mode":"bus","color":"#0059a9","colorDark":"#00294f","band":4,"off":[0,1.1]}},{"type":"Feature","geometry":{"type":"Point","coordinates":[26.084405,44.454842]},"properties":{"name":"Piața Victoriei","band":4,"modes":"bus","arr":["203"],"off":[0,-0.8]}},{"type":"Feature","geometry":{"type":"Point","coordinates":[26.084405,44.454842]},"properties":{"line":"203","mode":"bus","color":"#0059a9","colorDark":"#00294f","band":4,"off":[0,1.1]}},{"type":"Feature","geometry":{"type":"Point","coordinates":[26.064835,44.406747]},"properties":{"name":"Piața Rahova","band":4,"modes":"bus","arr":["220"],"off":[0,-0.8]}},{"type":"Feature","geometry":{"type":"Point","coordinates":[26.064835,44.406747]},"properties":{"line":"220","mode":"bus","color":"#0059a9","colorDark":"#00294f","band":4,"off":[0,1.1]}},{"type":"Feature","geometry":{"type":"Point","coordinates":[26.113813,44.416466]},"properties":{"name":"Univ. Creștină Dimitrie Cantemir","band":4,"modes":"bus","arr":["223"],"off":[0,-0.8]}},{"type":"Feature","geometry":{"type":"Point","coordinates":[26.113813,44.416466]},"properties":{"line":"223","mode":"bus","color":"#0059a9","colorDark":"#00294f","band":4,"off":[0,1.1]}},{"type":"Feature","geometry":{"type":"Point","coordinates":[26.218552,44.395888]},"properties":{"name":"Pasarela","band":4,"modes":"bus","arr":["223"],"off":[0,-0.8]}},{"type":"Feature","geometry":{"type":"Point","coordinates":[26.218552,44.395888]},"properties":{"line":"223","mode":"bus","color":"#0059a9","colorDark":"#00294f","band":4,"off":[0,1.1]}},{"type":"Feature","geometry":{"type":"Point","coordinates":[26.113073,44.363484]},"properties":{"name":"Biserica Sfinții Brâncoveni","band":4,"modes":"bus","arr":["241"],"off":[0,-0.8]}},{"type":"Feature","geometry":{"type":"Point","coordinates":[26.113073,44.363484]},"properties":{"line":"241","mode":"bus","color":"#0059a9","colorDark":"#00294f","band":4,"off":[0,1.1]}},{"type":"Feature","geometry":{"type":"Point","coordinates":[26.131806,44.462921]},"properties":{"name":"Șoseaua Colentina","band":4,"modes":"bus","arr":["290"],"off":[0,-0.8]}},{"type":"Feature","geometry":{"type":"Point","coordinates":[26.131806,44.462921]},"properties":{"line":"290","mode":"bus","color":"#0059a9","colorDark":"#00294f","band":4,"off":[0,1.1]}},{"type":"Feature","geometry":{"type":"Point","coordinates":[26.127674,44.465359]},"properties":{"name":"Bd. Lacul Tei","band":4,"modes":"bus","arr":["243"],"off":[0,-0.8]}},{"type":"Feature","geometry":{"type":"Point","coordinates":[26.127674,44.465359]},"properties":{"line":"243","mode":"bus","color":"#0059a9","colorDark":"#00294f","band":4,"off":[0,1.1]}},{"type":"Feature","geometry":{"type":"Point","coordinates":[26.195382,44.40721]},"properties":{"name":"M Nicolae Teclu","band":4,"modes":"bus","arr":["246","405","408","472","480","627"],"off":[0,-0.8]}},{"type":"Feature","geometry":{"type":"Point","coordinates":[26.195382,44.40721]},"properties":{"line":"246","mode":"bus","color":"#0059a9","colorDark":"#00294f","band":4,"off":[-6.8,1.1]}},{"type":"Feature","geometry":{"type":"Point","coordinates":[26.195382,44.40721]},"properties":{"line":"405","mode":"bus","color":"#0059a9","colorDark":"#00294f","band":4,"off":[-3.4,1.1]}},{"type":"Feature","geometry":{"type":"Point","coordinates":[26.195382,44.40721]},"properties":{"line":"408","mode":"bus","color":"#0059a9","colorDark":"#00294f","band":4,"off":[0,1.1]}},{"type":"Feature","geometry":{"type":"Point","coordinates":[26.195382,44.40721]},"properties":{"line":"472","mode":"bus","color":"#0059a9","colorDark":"#00294f","band":4,"off":[3.4,1.1]}},{"type":"Feature","geometry":{"type":"Point","coordinates":[26.195382,44.40721]},"properties":{"line":"480","mode":"bus","color":"#0059a9","colorDark":"#00294f","band":4,"off":[6.8,1.1]}},{"type":"Feature","geometry":{"type":"Point","coordinates":[26.195382,44.40721]},"properties":{"line":"627","mode":"bus","color":"#0059a9","colorDark":"#00294f","band":4,"off":[0,3.1]}},{"type":"Feature","geometry":{"type":"Point","coordinates":[26.200912,44.406178]},"properties":{"name":"Complex Titan","band":4,"modes":"bus","arr":["N111"],"off":[0,-0.8]}},{"type":"Feature","geometry":{"type":"Point","coordinates":[26.200912,44.406178]},"properties":{"line":"N111","mode":"bus","color":"#000000","colorDark":"#000000","band":4,"off":[0,1.1]}},{"type":"Feature","geometry":{"type":"Point","coordinates":[26.193718,44.422966]},"properties":{"name":"Parcul Teilor","band":4,"modes":"bus","arr":["253","330","N104"],"off":[0,-0.8]}},{"type":"Feature","geometry":{"type":"Point","coordinates":[26.193718,44.422966]},"properties":{"line":"253","mode":"bus","color":"#0059a9","colorDark":"#00294f","band":4,"off":[-3.4,1.1]}},{"type":"Feature","geometry":{"type":"Point","coordinates":[26.193718,44.422966]},"properties":{"line":"330","mode":"bus","color":"#0059a9","colorDark":"#00294f","band":4,"off":[0,1.1]}},{"type":"Feature","geometry":{"type":"Point","coordinates":[26.193718,44.422966]},"properties":{"line":"N104","mode":"bus","color":"#000000","colorDark":"#000000","band":4,"off":[3.4,1.1]}},{"type":"Feature","geometry":{"type":"Point","coordinates":[26.148218,44.464363]},"properties":{"name":"Șoseaua Fundeni","band":4,"modes":"bus","arr":["282","N120"],"off":[0,-0.8]}},{"type":"Feature","geometry":{"type":"Point","coordinates":[26.148218,44.464363]},"properties":{"line":"282","mode":"bus","color":"#0059a9","colorDark":"#00294f","band":4,"off":[-1.7,1.1]}},{"type":"Feature","geometry":{"type":"Point","coordinates":[26.148218,44.464363]},"properties":{"line":"N120","mode":"bus","color":"#000000","colorDark":"#000000","band":4,"off":[1.7,1.1]}},{"type":"Feature","geometry":{"type":"Point","coordinates":[26.085992,44.508092]},"properties":{"name":"Complex Băneasa","band":4,"modes":"bus","arr":["290","335","435","450","473","N119"],"off":[0,-0.8]}},{"type":"Feature","geometry":{"type":"Point","coordinates":[26.085992,44.508092]},"properties":{"line":"290","mode":"bus","color":"#0059a9","colorDark":"#00294f","band":4,"off":[-6.8,1.1]}},{"type":"Feature","geometry":{"type":"Point","coordinates":[26.085992,44.508092]},"properties":{"line":"335","mode":"bus","color":"#0059a9","colorDark":"#00294f","band":4,"off":[-3.4,1.1]}},{"type":"Feature","geometry":{"type":"Point","coordinates":[26.085992,44.508092]},"properties":{"line":"435","mode":"bus","color":"#0059a9","colorDark":"#00294f","band":4,"off":[0,1.1]}},{"type":"Feature","geometry":{"type":"Point","coordinates":[26.085992,44.508092]},"properties":{"line":"450","mode":"bus","color":"#0059a9","colorDark":"#00294f","band":4,"off":[3.4,1.1]}},{"type":"Feature","geometry":{"type":"Point","coordinates":[26.085992,44.508092]},"properties":{"line":"473","mode":"bus","color":"#0059a9","colorDark":"#00294f","band":4,"off":[6.8,1.1]}},{"type":"Feature","geometry":{"type":"Point","coordinates":[26.085992,44.508092]},"properties":{"line":"N119","mode":"bus","color":"#000000","colorDark":"#000000","band":4,"off":[0,3.1]}},{"type":"Feature","geometry":{"type":"Point","coordinates":[26.142701,44.534744]},"properties":{"name":"Pasaj CFR Tunari","band":4,"modes":"bus","arr":["301"],"off":[0,-0.8]}},{"type":"Feature","geometry":{"type":"Point","coordinates":[26.142701,44.534744]},"properties":{"line":"301","mode":"bus","color":"#0059a9","colorDark":"#00294f","band":4,"off":[0,1.1]}},{"type":"Feature","geometry":{"type":"Point","coordinates":[26.097224,44.446188]},"properties":{"name":"Piața Romana","band":4,"modes":"bus","arr":["301","301B","331","331B"],"off":[0,-0.8]}},{"type":"Feature","geometry":{"type":"Point","coordinates":[26.097224,44.446188]},"properties":{"line":"301","mode":"bus","color":"#0059a9","colorDark":"#00294f","band":4,"off":[-5.1,1.1]}},{"type":"Feature","geometry":{"type":"Point","coordinates":[26.097224,44.446188]},"properties":{"line":"301B","mode":"bus","color":"#0059a9","colorDark":"#00294f","band":4,"off":[-1.7,1.1]}},{"type":"Feature","geometry":{"type":"Point","coordinates":[26.097224,44.446188]},"properties":{"line":"331","mode":"bus","color":"#0059a9","colorDark":"#00294f","band":4,"off":[1.7,1.1]}},{"type":"Feature","geometry":{"type":"Point","coordinates":[26.097224,44.446188]},"properties":{"line":"331B","mode":"bus","color":"#0059a9","colorDark":"#00294f","band":4,"off":[5.1,1.1]}},{"type":"Feature","geometry":{"type":"Point","coordinates":[26.142005,44.550082]},"properties":{"name":"Tunari","band":4,"modes":"bus","arr":["301B"],"off":[0,-0.8]}},{"type":"Feature","geometry":{"type":"Point","coordinates":[26.142005,44.550082]},"properties":{"line":"301B","mode":"bus","color":"#0059a9","colorDark":"#00294f","band":4,"off":[0,1.1]}},{"type":"Feature","geometry":{"type":"Point","coordinates":[26.138864,44.419785]},"properties":{"name":"Dristorului","band":4,"modes":"bus","arr":["330","627"],"off":[0,-0.8]}},{"type":"Feature","geometry":{"type":"Point","coordinates":[26.138864,44.419785]},"properties":{"line":"330","mode":"bus","color":"#0059a9","colorDark":"#00294f","band":4,"off":[-1.7,1.1]}},{"type":"Feature","geometry":{"type":"Point","coordinates":[26.138864,44.419785]},"properties":{"line":"627","mode":"bus","color":"#0059a9","colorDark":"#00294f","band":4,"off":[1.7,1.1]}},{"type":"Feature","geometry":{"type":"Point","coordinates":[26.051457,44.488246]},"properties":{"name":"Cartier Dămăroaia","band":4,"modes":"bus","arr":["331"],"off":[0,-0.8]}},{"type":"Feature","geometry":{"type":"Point","coordinates":[26.051457,44.488246]},"properties":{"line":"331","mode":"bus","color":"#0059a9","colorDark":"#00294f","band":4,"off":[0,1.1]}},{"type":"Feature","geometry":{"type":"Point","coordinates":[26.062245,44.490688]},"properties":{"name":"Petrom City","band":4,"modes":"bus","arr":["331B"],"off":[0,-0.8]}},{"type":"Feature","geometry":{"type":"Point","coordinates":[26.062245,44.490688]},"properties":{"line":"331B","mode":"bus","color":"#0059a9","colorDark":"#00294f","band":4,"off":[0,1.1]}},{"type":"Feature","geometry":{"type":"Point","coordinates":[26.176185,44.470448]},"properties":{"name":"Fundeni","band":4,"modes":"bus","arr":["343"],"off":[0,-0.8]}},{"type":"Feature","geometry":{"type":"Point","coordinates":[26.176185,44.470448]},"properties":{"line":"343","mode":"bus","color":"#0059a9","colorDark":"#00294f","band":4,"off":[0,1.1]}},{"type":"Feature","geometry":{"type":"Point","coordinates":[26.097353,44.497582]},"properties":{"name":"Cartier Henri Coandă","band":4,"modes":"bus","arr":["343"],"off":[0,-0.8]}},{"type":"Feature","geometry":{"type":"Point","coordinates":[26.097353,44.497582]},"properties":{"line":"343","mode":"bus","color":"#0059a9","colorDark":"#00294f","band":4,"off":[0,1.1]}},{"type":"Feature","geometry":{"type":"Point","coordinates":[26.147529,44.48163]},"properties":{"name":"Escalei","band":4,"modes":"bus","arr":["382"],"off":[0,-0.8]}},{"type":"Feature","geometry":{"type":"Point","coordinates":[26.147529,44.48163]},"properties":{"line":"382","mode":"bus","color":"#0059a9","colorDark":"#00294f","band":4,"off":[0,1.1]}},{"type":"Feature","geometry":{"type":"Point","coordinates":[26.125219,44.549023]},"properties":{"name":"Tunari (1 Decembrie)","band":4,"modes":"bus","arr":["459"],"off":[0,-0.8]}},{"type":"Feature","geometry":{"type":"Point","coordinates":[26.125219,44.549023]},"properties":{"line":"459","mode":"bus","color":"#0059a9","colorDark":"#00294f","band":4,"off":[0,1.1]}},{"type":"Feature","geometry":{"type":"Point","coordinates":[26.353751,44.424339]},"properties":{"name":"Vadu Anei","band":4,"modes":"bus","arr":["403"],"off":[0,-0.8]}},{"type":"Feature","geometry":{"type":"Point","coordinates":[26.353751,44.424339]},"properties":{"line":"403","mode":"bus","color":"#0059a9","colorDark":"#00294f","band":4,"off":[0,1.1]}},{"type":"Feature","geometry":{"type":"Point","coordinates":[26.349513,44.445026]},"properties":{"name":"Brănești","band":4,"modes":"bus","arr":["458"],"off":[0,-0.8]}},{"type":"Feature","geometry":{"type":"Point","coordinates":[26.349513,44.445026]},"properties":{"line":"458","mode":"bus","color":"#0059a9","colorDark":"#00294f","band":4,"off":[0,1.1]}},{"type":"Feature","geometry":{"type":"Point","coordinates":[26.290014,44.392616]},"properties":{"name":"Spital Bălăceanca","band":4,"modes":"bus","arr":["405"],"off":[0,-0.8]}},{"type":"Feature","geometry":{"type":"Point","coordinates":[26.290014,44.392616]},"properties":{"line":"405","mode":"bus","color":"#0059a9","colorDark":"#00294f","band":4,"off":[0,1.1]}},{"type":"Feature","geometry":{"type":"Point","coordinates":[26.315281,44.371368]},"properties":{"name":"Sat Poșta","band":4,"modes":"bus","arr":["407"],"off":[0,-0.8]}},{"type":"Feature","geometry":{"type":"Point","coordinates":[26.315281,44.371368]},"properties":{"line":"407","mode":"bus","color":"#0059a9","colorDark":"#00294f","band":4,"off":[0,1.1]}},{"type":"Feature","geometry":{"type":"Point","coordinates":[26.24799,44.403277]},"properties":{"name":"Manolache","band":4,"modes":"bus","arr":["408"],"off":[0,-0.8]}},{"type":"Feature","geometry":{"type":"Point","coordinates":[26.24799,44.403277]},"properties":{"line":"408","mode":"bus","color":"#0059a9","colorDark":"#00294f","band":4,"off":[0,1.1]}},{"type":"Feature","geometry":{"type":"Point","coordinates":[26.218866,44.606725]},"properties":{"name":"Crizantemelor","band":4,"modes":"bus","arr":["409B"],"off":[0,-0.8]}},{"type":"Feature","geometry":{"type":"Point","coordinates":[26.218866,44.606725]},"properties":{"line":"409B","mode":"bus","color":"#0059a9","colorDark":"#00294f","band":4,"off":[0,1.1]}},{"type":"Feature","geometry":{"type":"Point","coordinates":[26.309329,44.741149]},"properties":{"name":"Merii Petchii Sosiri","band":4,"modes":"bus","arr":["409"],"off":[0,-0.8]}},{"type":"Feature","geometry":{"type":"Point","coordinates":[26.309329,44.741149]},"properties":{"line":"409","mode":"bus","color":"#0059a9","colorDark":"#00294f","band":4,"off":[0,1.1]}},{"type":"Feature","geometry":{"type":"Point","coordinates":[26.309391,44.741603]},"properties":{"name":"Merii Petchii","band":4,"modes":"bus","arr":["409"],"off":[0,-0.8]}},{"type":"Feature","geometry":{"type":"Point","coordinates":[26.309391,44.741603]},"properties":{"line":"409","mode":"bus","color":"#0059a9","colorDark":"#00294f","band":4,"off":[0,1.1]}},{"type":"Feature","geometry":{"type":"Point","coordinates":[26.243629,44.602365]},"properties":{"name":"Gagu","band":4,"modes":"bus","arr":["411","468"],"off":[0,-0.8]}},{"type":"Feature","geometry":{"type":"Point","coordinates":[26.243629,44.602365]},"properties":{"line":"411","mode":"bus","color":"#0059a9","colorDark":"#00294f","band":4,"off":[-1.7,1.1]}},{"type":"Feature","geometry":{"type":"Point","coordinates":[26.243629,44.602365]},"properties":{"line":"468","mode":"bus","color":"#0059a9","colorDark":"#00294f","band":4,"off":[1.7,1.1]}},{"type":"Feature","geometry":{"type":"Point","coordinates":[26.360723,44.573215]},"properties":{"name":"Măineasca","band":4,"modes":"bus","arr":["412"],"off":[0,-0.8]}},{"type":"Feature","geometry":{"type":"Point","coordinates":[26.360723,44.573215]},"properties":{"line":"412","mode":"bus","color":"#0059a9","colorDark":"#00294f","band":4,"off":[0,1.1]}},{"type":"Feature","geometry":{"type":"Point","coordinates":[26.335711,44.503075]},"properties":{"name":"Piteasca","band":4,"modes":"bus","arr":["413","417","457"],"off":[0,-0.8]}},{"type":"Feature","geometry":{"type":"Point","coordinates":[26.335711,44.503075]},"properties":{"line":"413","mode":"bus","color":"#0059a9","colorDark":"#00294f","band":4,"off":[-3.4,1.1]}},{"type":"Feature","geometry":{"type":"Point","coordinates":[26.335711,44.503075]},"properties":{"line":"417","mode":"bus","color":"#0059a9","colorDark":"#00294f","band":4,"off":[0,1.1]}},{"type":"Feature","geometry":{"type":"Point","coordinates":[26.335711,44.503075]},"properties":{"line":"457","mode":"bus","color":"#0059a9","colorDark":"#00294f","band":4,"off":[3.4,1.1]}},{"type":"Feature","geometry":{"type":"Point","coordinates":[26.115299,44.480676]},"properties":{"name":"M Pipera","band":4,"modes":"bus","arr":["416","450","488"],"off":[0,-0.8]}},{"type":"Feature","geometry":{"type":"Point","coordinates":[26.115299,44.480676]},"properties":{"line":"416","mode":"bus","color":"#0059a9","colorDark":"#00294f","band":4,"off":[-3.4,1.1]}},{"type":"Feature","geometry":{"type":"Point","coordinates":[26.115299,44.480676]},"properties":{"line":"450","mode":"bus","color":"#0059a9","colorDark":"#00294f","band":4,"off":[0,1.1]}},{"type":"Feature","geometry":{"type":"Point","coordinates":[26.115299,44.480676]},"properties":{"line":"488","mode":"bus","color":"#0059a9","colorDark":"#00294f","band":4,"off":[3.4,1.1]}},{"type":"Feature","geometry":{"type":"Point","coordinates":[26.186424,44.480592]},"properties":{"name":"Strada Gării Pantelimon","band":4,"modes":"bus","arr":["416","473"],"off":[0,-0.8]}},{"type":"Feature","geometry":{"type":"Point","coordinates":[26.186424,44.480592]},"properties":{"line":"416","mode":"bus","color":"#0059a9","colorDark":"#00294f","band":4,"off":[-1.7,1.1]}},{"type":"Feature","geometry":{"type":"Point","coordinates":[26.186424,44.480592]},"properties":{"line":"473","mode":"bus","color":"#0059a9","colorDark":"#00294f","band":4,"off":[1.7,1.1]}},{"type":"Feature","geometry":{"type":"Point","coordinates":[26.088775,44.36907]},"properties":{"name":"C.F.R. Progresul","band":4,"modes":"tram,bus","arr":["7","25","418","419","428","465"],"off":[0,-0.8]}},{"type":"Feature","geometry":{"type":"Point","coordinates":[26.088775,44.36907]},"properties":{"name":"C.f.r. Progresul","band":4,"modes":"tram,bus","arr":["7","25","418","419","428","465"],"off":[0,-1.9]}},{"type":"Feature","geometry":{"type":"Point","coordinates":[26.088775,44.36907]},"properties":{"line":"7","mode":"tram","color":"#d6212b","colorDark":"#7c1116","band":4,"off":[-6.8,1.1]}},{"type":"Feature","geometry":{"type":"Point","coordinates":[26.088775,44.36907]},"properties":{"line":"25","mode":"tram","color":"#d6212b","colorDark":"#7c1116","band":4,"off":[-3.4,1.1]}},{"type":"Feature","geometry":{"type":"Point","coordinates":[26.088775,44.36907]},"properties":{"line":"418","mode":"bus","color":"#0059a9","colorDark":"#00294f","band":4,"off":[0,1.1]}},{"type":"Feature","geometry":{"type":"Point","coordinates":[26.088775,44.36907]},"properties":{"line":"419","mode":"bus","color":"#0059a9","colorDark":"#00294f","band":4,"off":[3.4,1.1]}},{"type":"Feature","geometry":{"type":"Point","coordinates":[26.088775,44.36907]},"properties":{"line":"428","mode":"bus","color":"#0059a9","colorDark":"#00294f","band":4,"off":[6.8,1.1]}},{"type":"Feature","geometry":{"type":"Point","coordinates":[26.088775,44.36907]},"properties":{"line":"465","mode":"bus","color":"#0059a9","colorDark":"#00294f","band":4,"off":[0,3.1]}},{"type":"Feature","geometry":{"type":"Point","coordinates":[26.11838,44.265427]},"properties":{"name":"Copăceni","band":4,"modes":"bus","arr":["418"],"off":[0,-0.8]}},{"type":"Feature","geometry":{"type":"Point","coordinates":[26.11838,44.265427]},"properties":{"line":"418","mode":"bus","color":"#0059a9","colorDark":"#00294f","band":4,"off":[0,1.1]}},{"type":"Feature","geometry":{"type":"Point","coordinates":[26.104985,44.343034]},"properties":{"name":"Bumbăcăria Jilava","band":4,"modes":"bus","arr":["419"],"off":[0,-0.8]}},{"type":"Feature","geometry":{"type":"Point","coordinates":[26.104985,44.343034]},"properties":{"line":"419","mode":"bus","color":"#0059a9","colorDark":"#00294f","band":4,"off":[0,1.1]}},{"type":"Feature","geometry":{"type":"Point","coordinates":[25.952908,44.330297]},"properties":{"name":"Cornetu","band":4,"modes":"bus","arr":["421"],"off":[0,-0.8]}},{"type":"Feature","geometry":{"type":"Point","coordinates":[25.952908,44.330297]},"properties":{"line":"421","mode":"bus","color":"#0059a9","colorDark":"#00294f","band":4,"off":[0,1.1]}},{"type":"Feature","geometry":{"type":"Point","coordinates":[25.877664,44.414136]},"properties":{"name":"Dârvari","band":4,"modes":"bus","arr":["422","431"],"off":[0,-0.8]}},{"type":"Feature","geometry":{"type":"Point","coordinates":[25.877664,44.414136]},"properties":{"line":"422","mode":"bus","color":"#0059a9","colorDark":"#00294f","band":4,"off":[-1.7,1.1]}},{"type":"Feature","geometry":{"type":"Point","coordinates":[25.877664,44.414136]},"properties":{"line":"431","mode":"bus","color":"#0059a9","colorDark":"#00294f","band":4,"off":[1.7,1.1]}},{"type":"Feature","geometry":{"type":"Point","coordinates":[25.870102,44.379336]},"properties":{"name":"Țegheș","band":4,"modes":"bus","arr":["423"],"off":[0,-0.8]}},{"type":"Feature","geometry":{"type":"Point","coordinates":[25.870102,44.379336]},"properties":{"line":"423","mode":"bus","color":"#0059a9","colorDark":"#00294f","band":4,"off":[0,1.1]}},{"type":"Feature","geometry":{"type":"Point","coordinates":[25.938284,44.37634]},"properties":{"name":"Clinceni","band":4,"modes":"bus","arr":["424","425B"],"off":[0,-0.8]}},{"type":"Feature","geometry":{"type":"Point","coordinates":[25.938284,44.37634]},"properties":{"line":"424","mode":"bus","color":"#0059a9","colorDark":"#00294f","band":4,"off":[-1.7,1.1]}},{"type":"Feature","geometry":{"type":"Point","coordinates":[25.938284,44.37634]},"properties":{"line":"425B","mode":"bus","color":"#0059a9","colorDark":"#00294f","band":4,"off":[1.7,1.1]}},{"type":"Feature","geometry":{"type":"Point","coordinates":[25.88365,44.36044]},"properties":{"name":"Ordoreanu","band":4,"modes":"bus","arr":["425"],"off":[0,-0.8]}},{"type":"Feature","geometry":{"type":"Point","coordinates":[25.88365,44.36044]},"properties":{"line":"425","mode":"bus","color":"#0059a9","colorDark":"#00294f","band":4,"off":[0,1.1]}},{"type":"Feature","geometry":{"type":"Point","coordinates":[25.886612,44.361169]},"properties":{"name":"Ordoreanu","band":4,"modes":"bus","arr":["425"],"off":[0,-0.8]}},{"type":"Feature","geometry":{"type":"Point","coordinates":[25.886612,44.361169]},"properties":{"line":"425","mode":"bus","color":"#0059a9","colorDark":"#00294f","band":4,"off":[0,1.1]}},{"type":"Feature","geometry":{"type":"Point","coordinates":[25.989116,44.329691]},"properties":{"name":"Pruni","band":4,"modes":"bus","arr":["426"],"off":[0,-0.8]}},{"type":"Feature","geometry":{"type":"Point","coordinates":[25.989116,44.329691]},"properties":{"line":"426","mode":"bus","color":"#0059a9","colorDark":"#00294f","band":4,"off":[0,1.1]}},{"type":"Feature","geometry":{"type":"Point","coordinates":[26.028043,44.307343]},"properties":{"name":"Dărăști","band":4,"modes":"bus","arr":["427"],"off":[0,-0.8]}},{"type":"Feature","geometry":{"type":"Point","coordinates":[26.028043,44.307343]},"properties":{"line":"427","mode":"bus","color":"#0059a9","colorDark":"#00294f","band":4,"off":[0,1.1]}},{"type":"Feature","geometry":{"type":"Point","coordinates":[25.981305,44.508641]},"properties":{"name":"Primăria Chitila","band":4,"modes":"bus","arr":["462","466"],"off":[0,-0.8]}},{"type":"Feature","geometry":{"type":"Point","coordinates":[25.981305,44.508641]},"properties":{"line":"462","mode":"bus","color":"#0059a9","colorDark":"#00294f","band":4,"off":[-1.7,1.1]}},{"type":"Feature","geometry":{"type":"Point","coordinates":[25.981305,44.508641]},"properties":{"line":"466","mode":"bus","color":"#0059a9","colorDark":"#00294f","band":4,"off":[1.7,1.1]}},{"type":"Feature","geometry":{"type":"Point","coordinates":[25.970651,44.515303]},"properties":{"name":"Pasaj Cfr Chitila","band":4,"modes":"bus","arr":["429","435","476"],"off":[0,-0.8]}},{"type":"Feature","geometry":{"type":"Point","coordinates":[25.970651,44.515303]},"properties":{"line":"429","mode":"bus","color":"#0059a9","colorDark":"#00294f","band":4,"off":[-3.4,1.1]}},{"type":"Feature","geometry":{"type":"Point","coordinates":[25.970651,44.515303]},"properties":{"line":"435","mode":"bus","color":"#0059a9","colorDark":"#00294f","band":4,"off":[0,1.1]}},{"type":"Feature","geometry":{"type":"Point","coordinates":[25.970651,44.515303]},"properties":{"line":"476","mode":"bus","color":"#0059a9","colorDark":"#00294f","band":4,"off":[3.4,1.1]}},{"type":"Feature","geometry":{"type":"Point","coordinates":[25.909742,44.493602]},"properties":{"name":"Zurbaua","band":4,"modes":"bus","arr":["432"],"off":[0,-0.8]}},{"type":"Feature","geometry":{"type":"Point","coordinates":[25.909742,44.493602]},"properties":{"line":"432","mode":"bus","color":"#0059a9","colorDark":"#00294f","band":4,"off":[0,1.1]}},{"type":"Feature","geometry":{"type":"Point","coordinates":[25.912239,44.472357]},"properties":{"name":"Dragomirești Deal","band":4,"modes":"bus","arr":["433"],"off":[0,-0.8]}},{"type":"Feature","geometry":{"type":"Point","coordinates":[25.912239,44.472357]},"properties":{"line":"433","mode":"bus","color":"#0059a9","colorDark":"#00294f","band":4,"off":[0,1.1]}},{"type":"Feature","geometry":{"type":"Point","coordinates":[25.97254,44.441486]},"properties":{"name":"Chiajna-Stelelor","band":4,"modes":"bus","arr":["434","483"],"off":[0,-0.8]}},{"type":"Feature","geometry":{"type":"Point","coordinates":[25.97254,44.441486]},"properties":{"line":"434","mode":"bus","color":"#0059a9","colorDark":"#00294f","band":4,"off":[-1.7,1.1]}},{"type":"Feature","geometry":{"type":"Point","coordinates":[25.97254,44.441486]},"properties":{"line":"483","mode":"bus","color":"#0059a9","colorDark":"#00294f","band":4,"off":[1.7,1.1]}},{"type":"Feature","geometry":{"type":"Point","coordinates":[26.033671,44.43433]},"properties":{"name":"M Lujerului","band":4,"modes":"bus","arr":["434","483"],"off":[0,-0.8]}},{"type":"Feature","geometry":{"type":"Point","coordinates":[26.033671,44.43433]},"properties":{"line":"434","mode":"bus","color":"#0059a9","colorDark":"#00294f","band":4,"off":[-1.7,1.1]}},{"type":"Feature","geometry":{"type":"Point","coordinates":[26.033671,44.43433]},"properties":{"line":"483","mode":"bus","color":"#0059a9","colorDark":"#00294f","band":4,"off":[1.7,1.1]}},{"type":"Feature","geometry":{"type":"Point","coordinates":[25.94096,44.575587]},"properties":{"name":"Oraș Buftea","band":4,"modes":"bus","arr":["436"],"off":[0,-0.8]}},{"type":"Feature","geometry":{"type":"Point","coordinates":[25.94096,44.575587]},"properties":{"line":"436","mode":"bus","color":"#0059a9","colorDark":"#00294f","band":4,"off":[0,1.1]}},{"type":"Feature","geometry":{"type":"Point","coordinates":[26.188984,44.259428]},"properties":{"name":"Vidra","band":4,"modes":"bus","arr":["438"],"off":[0,-0.8]}},{"type":"Feature","geometry":{"type":"Point","coordinates":[26.188984,44.259428]},"properties":{"line":"438","mode":"bus","color":"#0059a9","colorDark":"#00294f","band":4,"off":[0,1.1]}},{"type":"Feature","geometry":{"type":"Point","coordinates":[26.123777,44.392627]},"properties":{"name":"Piața Sudului","band":4,"modes":"bus","arr":["439","440","479"],"off":[0,-0.8]}},{"type":"Feature","geometry":{"type":"Point","coordinates":[26.123777,44.392627]},"properties":{"line":"439","mode":"bus","color":"#0059a9","colorDark":"#00294f","band":4,"off":[-3.4,1.1]}},{"type":"Feature","geometry":{"type":"Point","coordinates":[26.123777,44.392627]},"properties":{"line":"440","mode":"bus","color":"#0059a9","colorDark":"#00294f","band":4,"off":[0,1.1]}},{"type":"Feature","geometry":{"type":"Point","coordinates":[26.123777,44.392627]},"properties":{"line":"479","mode":"bus","color":"#0059a9","colorDark":"#00294f","band":4,"off":[3.4,1.1]}},{"type":"Feature","geometry":{"type":"Point","coordinates":[26.195781,44.367136]},"properties":{"name":"Danubiana","band":4,"modes":"bus","arr":["439"],"off":[0,-0.8]}},{"type":"Feature","geometry":{"type":"Point","coordinates":[26.195781,44.367136]},"properties":{"line":"439","mode":"bus","color":"#0059a9","colorDark":"#00294f","band":4,"off":[0,1.1]}},{"type":"Feature","geometry":{"type":"Point","coordinates":[26.221789,44.378706]},"properties":{"name":"Leordeni","band":4,"modes":"bus","arr":["440"],"off":[0,-0.8]}},{"type":"Feature","geometry":{"type":"Point","coordinates":[26.221789,44.378706]},"properties":{"line":"440","mode":"bus","color":"#0059a9","colorDark":"#00294f","band":4,"off":[0,1.1]}},{"type":"Feature","geometry":{"type":"Point","coordinates":[26.014985,44.614253]},"properties":{"name":"Ostratu","band":4,"modes":"bus","arr":["441"],"off":[0,-0.8]}},{"type":"Feature","geometry":{"type":"Point","coordinates":[26.014985,44.614253]},"properties":{"line":"441","mode":"bus","color":"#0059a9","colorDark":"#00294f","band":4,"off":[0,1.1]}},{"type":"Feature","geometry":{"type":"Point","coordinates":[25.998536,44.577751]},"properties":{"name":"Tamași","band":4,"modes":"bus","arr":["441B"],"off":[0,-0.8]}},{"type":"Feature","geometry":{"type":"Point","coordinates":[25.998536,44.577751]},"properties":{"line":"441B","mode":"bus","color":"#0059a9","colorDark":"#00294f","band":4,"off":[0,1.1]}},{"type":"Feature","geometry":{"type":"Point","coordinates":[26.087139,44.606075]},"properties":{"name":"Therme București","band":4,"modes":"bus","arr":["442"],"off":[0,-0.8]}},{"type":"Feature","geometry":{"type":"Point","coordinates":[26.087139,44.606075]},"properties":{"line":"442","mode":"bus","color":"#0059a9","colorDark":"#00294f","band":4,"off":[0,1.1]}},{"type":"Feature","geometry":{"type":"Point","coordinates":[25.997377,44.677974]},"properties":{"name":"Periș","band":4,"modes":"bus","arr":["443"],"off":[0,-0.8]}},{"type":"Feature","geometry":{"type":"Point","coordinates":[25.997377,44.677974]},"properties":{"line":"443","mode":"bus","color":"#0059a9","colorDark":"#00294f","band":4,"off":[0,1.1]}},{"type":"Feature","geometry":{"type":"Point","coordinates":[25.976546,44.687678]},"properties":{"name":"Periș Sat","band":4,"modes":"bus","arr":["443B"],"off":[0,-0.8]}},{"type":"Feature","geometry":{"type":"Point","coordinates":[25.976546,44.687678]},"properties":{"line":"443B","mode":"bus","color":"#0059a9","colorDark":"#00294f","band":4,"off":[0,1.1]}},{"type":"Feature","geometry":{"type":"Point","coordinates":[26.071213,44.743572]},"properties":{"name":"Piscu","band":4,"modes":"bus","arr":["444"],"off":[0,-0.8]}},{"type":"Feature","geometry":{"type":"Point","coordinates":[26.071213,44.743572]},"properties":{"line":"444","mode":"bus","color":"#0059a9","colorDark":"#00294f","band":4,"off":[0,1.1]}},{"type":"Feature","geometry":{"type":"Point","coordinates":[26.273115,44.712182]},"properties":{"name":"Gruiu-Lipia","band":4,"modes":"bus","arr":["446","447"],"off":[0,-0.8]}},{"type":"Feature","geometry":{"type":"Point","coordinates":[26.273115,44.712182]},"properties":{"name":"Gruiu Lipia Urcare","band":4,"modes":"bus","arr":["446","447"],"off":[0,-1.9]}},{"type":"Feature","geometry":{"type":"Point","coordinates":[26.273115,44.712182]},"properties":{"line":"446","mode":"bus","color":"#0059a9","colorDark":"#00294f","band":4,"off":[-1.7,1.1]}},{"type":"Feature","geometry":{"type":"Point","coordinates":[26.273115,44.712182]},"properties":{"line":"447","mode":"bus","color":"#0059a9","colorDark":"#00294f","band":4,"off":[1.7,1.1]}},{"type":"Feature","geometry":{"type":"Point","coordinates":[26.359744,44.693384]},"properties":{"name":"Micșuneștii Mari","band":4,"modes":"bus","arr":["447B"],"off":[0,-0.8]}},{"type":"Feature","geometry":{"type":"Point","coordinates":[26.359744,44.693384]},"properties":{"line":"447B","mode":"bus","color":"#0059a9","colorDark":"#00294f","band":4,"off":[0,1.1]}},{"type":"Feature","geometry":{"type":"Point","coordinates":[26.231157,44.64512]},"properties":{"name":"Moara Vlăsiei","band":4,"modes":"bus","arr":["448"],"off":[0,-0.8]}},{"type":"Feature","geometry":{"type":"Point","coordinates":[26.231157,44.64512]},"properties":{"line":"448","mode":"bus","color":"#0059a9","colorDark":"#00294f","band":4,"off":[0,1.1]}},{"type":"Feature","geometry":{"type":"Point","coordinates":[26.101787,44.478947]},"properties":{"name":"M Aurel Vlaicu","band":4,"modes":"bus","arr":["449","459"],"off":[0,-0.8]}},{"type":"Feature","geometry":{"type":"Point","coordinates":[26.101787,44.478947]},"properties":{"line":"449","mode":"bus","color":"#0059a9","colorDark":"#00294f","band":4,"off":[-1.7,1.1]}},{"type":"Feature","geometry":{"type":"Point","coordinates":[26.101787,44.478947]},"properties":{"line":"459","mode":"bus","color":"#0059a9","colorDark":"#00294f","band":4,"off":[1.7,1.1]}},{"type":"Feature","geometry":{"type":"Point","coordinates":[26.115595,44.646383]},"properties":{"name":"Dumbrăveni Spital Sri","band":4,"modes":"bus","arr":["449"],"off":[0,-0.8]}},{"type":"Feature","geometry":{"type":"Point","coordinates":[26.115595,44.646383]},"properties":{"line":"449","mode":"bus","color":"#0059a9","colorDark":"#00294f","band":4,"off":[0,1.1]}},{"type":"Feature","geometry":{"type":"Point","coordinates":[26.320419,44.386177]},"properties":{"name":"Tânganu","band":4,"modes":"bus","arr":["451"],"off":[0,-0.8]}},{"type":"Feature","geometry":{"type":"Point","coordinates":[26.320419,44.386177]},"properties":{"line":"451","mode":"bus","color":"#0059a9","colorDark":"#00294f","band":4,"off":[0,1.1]}},{"type":"Feature","geometry":{"type":"Point","coordinates":[26.385727,44.457653]},"properties":{"name":"Islaz","band":4,"modes":"bus","arr":["452"],"off":[0,-0.8]}},{"type":"Feature","geometry":{"type":"Point","coordinates":[26.385727,44.457653]},"properties":{"line":"452","mode":"bus","color":"#0059a9","colorDark":"#00294f","band":4,"off":[0,1.1]}},{"type":"Feature","geometry":{"type":"Point","coordinates":[26.184536,44.440011]},"properties":{"name":"Pantelimon","band":4,"modes":"bus","arr":["454"],"off":[0,-0.8]}},{"type":"Feature","geometry":{"type":"Point","coordinates":[26.184536,44.440011]},"properties":{"line":"454","mode":"bus","color":"#0059a9","colorDark":"#00294f","band":4,"off":[0,1.1]}},{"type":"Feature","geometry":{"type":"Point","coordinates":[26.212125,44.464956]},"properties":{"name":"Ferma Pantelimon","band":4,"modes":"bus","arr":["454"],"off":[0,-0.8]}},{"type":"Feature","geometry":{"type":"Point","coordinates":[26.212125,44.464956]},"properties":{"line":"454","mode":"bus","color":"#0059a9","colorDark":"#00294f","band":4,"off":[0,1.1]}},{"type":"Feature","geometry":{"type":"Point","coordinates":[26.18538,44.459147]},"properties":{"name":"Victor Dumitrescu","band":4,"modes":"bus","arr":["455"],"off":[0,-0.8]}},{"type":"Feature","geometry":{"type":"Point","coordinates":[26.18538,44.459147]},"properties":{"line":"455","mode":"bus","color":"#0059a9","colorDark":"#00294f","band":4,"off":[0,1.1]}},{"type":"Feature","geometry":{"type":"Point","coordinates":[25.936698,44.573519]},"properties":{"name":"Studiourile Buftea","band":4,"modes":"bus","arr":["462","466"],"off":[0,-0.8]}},{"type":"Feature","geometry":{"type":"Point","coordinates":[25.936698,44.573519]},"properties":{"line":"462","mode":"bus","color":"#0059a9","colorDark":"#00294f","band":4,"off":[-1.7,1.1]}},{"type":"Feature","geometry":{"type":"Point","coordinates":[25.936698,44.573519]},"properties":{"line":"466","mode":"bus","color":"#0059a9","colorDark":"#00294f","band":4,"off":[1.7,1.1]}},{"type":"Feature","geometry":{"type":"Point","coordinates":[25.98576,44.362099]},"properties":{"name":"Vârteju","band":4,"modes":"bus","arr":["464"],"off":[0,-0.8]}},{"type":"Feature","geometry":{"type":"Point","coordinates":[25.98576,44.362099]},"properties":{"line":"464","mode":"bus","color":"#0059a9","colorDark":"#00294f","band":4,"off":[0,1.1]}},{"type":"Feature","geometry":{"type":"Point","coordinates":[26.054016,44.284275]},"properties":{"name":"1 Decembrie","band":4,"modes":"bus","arr":["465"],"off":[0,-0.8]}},{"type":"Feature","geometry":{"type":"Point","coordinates":[26.054016,44.284275]},"properties":{"line":"465","mode":"bus","color":"#0059a9","colorDark":"#00294f","band":4,"off":[0,1.1]}},{"type":"Feature","geometry":{"type":"Point","coordinates":[26.20381,44.4985]},"properties":{"name":"Pod Cfr Afumați","band":4,"modes":"bus","arr":["467"],"off":[0,-0.8]}},{"type":"Feature","geometry":{"type":"Point","coordinates":[26.20381,44.4985]},"properties":{"line":"467","mode":"bus","color":"#0059a9","colorDark":"#00294f","band":4,"off":[0,1.1]}},{"type":"Feature","geometry":{"type":"Point","coordinates":[26.343811,44.669188]},"properties":{"name":"Sitaru","band":4,"modes":"bus","arr":["468B","477"],"off":[0,-0.8]}},{"type":"Feature","geometry":{"type":"Point","coordinates":[26.343811,44.669188]},"properties":{"line":"468B","mode":"bus","color":"#0059a9","colorDark":"#00294f","band":4,"off":[-1.7,1.1]}},{"type":"Feature","geometry":{"type":"Point","coordinates":[26.343811,44.669188]},"properties":{"line":"477","mode":"bus","color":"#0059a9","colorDark":"#00294f","band":4,"off":[1.7,1.1]}},{"type":"Feature","geometry":{"type":"Point","coordinates":[25.976874,44.532294]},"properties":{"name":"Tudor Arghezi","band":4,"modes":"bus","arr":["470"],"off":[0,-0.8]}},{"type":"Feature","geometry":{"type":"Point","coordinates":[25.976874,44.532294]},"properties":{"line":"470","mode":"bus","color":"#0059a9","colorDark":"#00294f","band":4,"off":[0,1.1]}},{"type":"Feature","geometry":{"type":"Point","coordinates":[26.25311,44.416923]},"properties":{"name":"Căldăraru","band":4,"modes":"bus","arr":["472"],"off":[0,-0.8]}},{"type":"Feature","geometry":{"type":"Point","coordinates":[26.25311,44.416923]},"properties":{"line":"472","mode":"bus","color":"#0059a9","colorDark":"#00294f","band":4,"off":[0,1.1]}},{"type":"Feature","geometry":{"type":"Point","coordinates":[26.200211,44.2765]},"properties":{"name":"Mega Parc","band":4,"modes":"bus","arr":["475"],"off":[0,-0.8]}},{"type":"Feature","geometry":{"type":"Point","coordinates":[26.200211,44.2765]},"properties":{"line":"475","mode":"bus","color":"#0059a9","colorDark":"#00294f","band":4,"off":[0,1.1]}},{"type":"Feature","geometry":{"type":"Point","coordinates":[25.982563,44.446406]},"properties":{"name":"Chiajna-Militari","band":4,"modes":"bus","arr":["478"],"off":[0,-0.8]}},{"type":"Feature","geometry":{"type":"Point","coordinates":[25.982563,44.446406]},"properties":{"line":"478","mode":"bus","color":"#0059a9","colorDark":"#00294f","band":4,"off":[0,1.1]}},{"type":"Feature","geometry":{"type":"Point","coordinates":[26.239988,44.337284]},"properties":{"name":"Complex Rezidențial Allegria","band":4,"modes":"bus","arr":["479"],"off":[0,-0.8]}},{"type":"Feature","geometry":{"type":"Point","coordinates":[26.239988,44.337284]},"properties":{"line":"479","mode":"bus","color":"#0059a9","colorDark":"#00294f","band":4,"off":[0,1.1]}},{"type":"Feature","geometry":{"type":"Point","coordinates":[26.150952,44.360365]},"properties":{"name":"Pasarela M Berceni","band":4,"modes":"bus","arr":["480"],"off":[0,-0.8]}},{"type":"Feature","geometry":{"type":"Point","coordinates":[26.150952,44.360365]},"properties":{"line":"480","mode":"bus","color":"#0059a9","colorDark":"#00294f","band":4,"off":[0,1.1]}},{"type":"Feature","geometry":{"type":"Point","coordinates":[26.006088,44.378164]},"properties":{"name":"Școala Gimnazială Nr. 1","band":4,"modes":"bus","arr":["481","482"],"off":[0,-0.8]}},{"type":"Feature","geometry":{"type":"Point","coordinates":[26.006088,44.378164]},"properties":{"line":"481","mode":"bus","color":"#0059a9","colorDark":"#00294f","band":4,"off":[-1.7,1.1]}},{"type":"Feature","geometry":{"type":"Point","coordinates":[26.006088,44.378164]},"properties":{"line":"482","mode":"bus","color":"#0059a9","colorDark":"#00294f","band":4,"off":[1.7,1.1]}},{"type":"Feature","geometry":{"type":"Point","coordinates":[26.000571,44.388559]},"properties":{"name":"Bragadiru Diamantului","band":4,"modes":"bus","arr":["481","482","484","484B","485"],"off":[0,-0.8]}},{"type":"Feature","geometry":{"type":"Point","coordinates":[26.000571,44.388559]},"properties":{"line":"481","mode":"bus","color":"#0059a9","colorDark":"#00294f","band":4,"off":[-6.8,1.1]}},{"type":"Feature","geometry":{"type":"Point","coordinates":[26.000571,44.388559]},"properties":{"line":"482","mode":"bus","color":"#0059a9","colorDark":"#00294f","band":4,"off":[-3.4,1.1]}},{"type":"Feature","geometry":{"type":"Point","coordinates":[26.000571,44.388559]},"properties":{"line":"484","mode":"bus","color":"#0059a9","colorDark":"#00294f","band":4,"off":[0,1.1]}},{"type":"Feature","geometry":{"type":"Point","coordinates":[26.000571,44.388559]},"properties":{"line":"484B","mode":"bus","color":"#0059a9","colorDark":"#00294f","band":4,"off":[3.4,1.1]}},{"type":"Feature","geometry":{"type":"Point","coordinates":[26.000571,44.388559]},"properties":{"line":"485","mode":"bus","color":"#0059a9","colorDark":"#00294f","band":4,"off":[6.8,1.1]}},{"type":"Feature","geometry":{"type":"Point","coordinates":[26.050609,44.348218]},"properties":{"name":"ELI-NP Măgurele","band":4,"modes":"bus","arr":["487"],"off":[0,-0.8]}},{"type":"Feature","geometry":{"type":"Point","coordinates":[26.050609,44.348218]},"properties":{"line":"487","mode":"bus","color":"#0059a9","colorDark":"#00294f","band":4,"off":[0,1.1]}},{"type":"Feature","geometry":{"type":"Point","coordinates":[26.154354,44.514352]},"properties":{"name":"Elisabeta Rizea","band":4,"modes":"bus","arr":["488"],"off":[0,-0.8]}},{"type":"Feature","geometry":{"type":"Point","coordinates":[26.154354,44.514352]},"properties":{"line":"488","mode":"bus","color":"#0059a9","colorDark":"#00294f","band":4,"off":[0,1.1]}},{"type":"Feature","geometry":{"type":"Point","coordinates":[26.105146,44.452641]},"properties":{"name":"Șoseaua Ștefan cel Mare","band":4,"modes":"bus","arr":["605"],"off":[0,-0.8]}},{"type":"Feature","geometry":{"type":"Point","coordinates":[26.105146,44.452641]},"properties":{"line":"605","mode":"bus","color":"#0059a9","colorDark":"#00294f","band":4,"off":[0,1.1]}},{"type":"Feature","geometry":{"type":"Point","coordinates":[26.074366,44.452922]},"properties":{"name":"Bd. Banu Manta","band":4,"modes":"bus","arr":["610","N1","N10"],"off":[0,-0.8]}},{"type":"Feature","geometry":{"type":"Point","coordinates":[26.074366,44.452922]},"properties":{"line":"610","mode":"bus","color":"#0059a9","colorDark":"#00294f","band":4,"off":[-3.4,1.1]}},{"type":"Feature","geometry":{"type":"Point","coordinates":[26.074366,44.452922]},"properties":{"line":"N1","mode":"bus","color":"#000000","colorDark":"#000000","band":4,"off":[0,1.1]}},{"type":"Feature","geometry":{"type":"Point","coordinates":[26.074366,44.452922]},"properties":{"line":"N10","mode":"bus","color":"#000000","colorDark":"#000000","band":4,"off":[3.4,1.1]}},{"type":"Feature","geometry":{"type":"Point","coordinates":[26.098149,44.4012]},"properties":{"name":"Șura Mare","band":4,"modes":"tram,bus","arr":["54","619"],"off":[0,-0.8]}},{"type":"Feature","geometry":{"type":"Point","coordinates":[26.098149,44.4012]},"properties":{"line":"54","mode":"tram","color":"#d6212b","colorDark":"#7c1116","band":4,"off":[-1.7,1.1]}},{"type":"Feature","geometry":{"type":"Point","coordinates":[26.098149,44.4012]},"properties":{"line":"619","mode":"bus","color":"#0059a9","colorDark":"#00294f","band":4,"off":[1.7,1.1]}},{"type":"Feature","geometry":{"type":"Point","coordinates":[26.185252,44.434043]},"properties":{"name":"M Republica","band":4,"modes":"bus","arr":["640","N109"],"off":[0,-0.8]}},{"type":"Feature","geometry":{"type":"Point","coordinates":[26.185252,44.434043]},"properties":{"line":"640","mode":"bus","color":"#0059a9","colorDark":"#00294f","band":4,"off":[-1.7,1.1]}},{"type":"Feature","geometry":{"type":"Point","coordinates":[26.185252,44.434043]},"properties":{"line":"N109","mode":"bus","color":"#000000","colorDark":"#000000","band":4,"off":[1.7,1.1]}},{"type":"Feature","geometry":{"type":"Point","coordinates":[26.145641,44.383979]},"properties":{"name":"Romprim","band":4,"modes":"tram,bus","arr":["1","10","N1","N10"],"off":[0,-0.8]}},{"type":"Feature","geometry":{"type":"Point","coordinates":[26.145641,44.383979]},"properties":{"line":"1","mode":"tram","color":"#d6212b","colorDark":"#7c1116","band":4,"off":[-5.1,1.1]}},{"type":"Feature","geometry":{"type":"Point","coordinates":[26.145641,44.383979]},"properties":{"line":"10","mode":"tram","color":"#d6212b","colorDark":"#7c1116","band":4,"off":[-1.7,1.1]}},{"type":"Feature","geometry":{"type":"Point","coordinates":[26.145641,44.383979]},"properties":{"line":"N1","mode":"bus","color":"#000000","colorDark":"#000000","band":4,"off":[1.7,1.1]}},{"type":"Feature","geometry":{"type":"Point","coordinates":[26.145641,44.383979]},"properties":{"line":"N10","mode":"bus","color":"#000000","colorDark":"#000000","band":4,"off":[5.1,1.1]}},{"type":"Feature","geometry":{"type":"Point","coordinates":[26.163173,44.477829]},"properties":{"name":"Pasaj Colentina","band":4,"modes":"bus","arr":["N108"],"off":[0,-0.8]}},{"type":"Feature","geometry":{"type":"Point","coordinates":[26.163173,44.477829]},"properties":{"line":"N108","mode":"bus","color":"#000000","colorDark":"#000000","band":4,"off":[0,1.1]}},{"type":"Feature","geometry":{"type":"Point","coordinates":[26.022902,44.485167]},"properties":{"name":"Mezeș","band":4,"modes":"bus","arr":["N113"],"off":[0,-0.8]}},{"type":"Feature","geometry":{"type":"Point","coordinates":[26.022902,44.485167]},"properties":{"line":"N113","mode":"bus","color":"#000000","colorDark":"#000000","band":4,"off":[0,1.1]}},{"type":"Feature","geometry":{"type":"Point","coordinates":[26.040759,44.398976]},"properties":{"name":"Autobaza Alexandria","band":4,"modes":"bus","arr":["N114"],"off":[0,-0.8]}},{"type":"Feature","geometry":{"type":"Point","coordinates":[26.040759,44.398976]},"properties":{"line":"N114","mode":"bus","color":"#000000","colorDark":"#000000","band":4,"off":[0,1.1]}},{"type":"Feature","geometry":{"type":"Point","coordinates":[26.073751,44.452728]},"properties":{"name":"Bd. Banu Manta","band":4,"modes":"tram","arr":["1"],"off":[0,-0.8]}},{"type":"Feature","geometry":{"type":"Point","coordinates":[26.073751,44.452728]},"properties":{"line":"1","mode":"tram","color":"#d6212b","colorDark":"#7c1116","band":4,"off":[0,1.1]}},{"type":"Feature","geometry":{"type":"Point","coordinates":[26.098865,44.401758]},"properties":{"name":"Cimitirul Șerban Vodă","band":4,"modes":"tram","arr":["1"],"off":[0,-0.8]}},{"type":"Feature","geometry":{"type":"Point","coordinates":[26.098865,44.401758]},"properties":{"line":"1","mode":"tram","color":"#d6212b","colorDark":"#7c1116","band":4,"off":[0,1.1]}},{"type":"Feature","geometry":{"type":"Point","coordinates":[26.080652,44.495126]},"properties":{"name":"Aeroport Băneasa","band":4,"modes":"tram","arr":["5"],"off":[0,-0.8]}},{"type":"Feature","geometry":{"type":"Point","coordinates":[26.080652,44.495126]},"properties":{"line":"5","mode":"tram","color":"#d6212b","colorDark":"#7c1116","band":4,"off":[0,1.1]}},{"type":"Feature","geometry":{"type":"Point","coordinates":[26.100209,44.426596]},"properties":{"name":"Piața Unirii","band":4,"modes":"tram","arr":["7","27","32","54"],"off":[0,-0.8]}},{"type":"Feature","geometry":{"type":"Point","coordinates":[26.100209,44.426596]},"properties":{"line":"7","mode":"tram","color":"#d6212b","colorDark":"#7c1116","band":4,"off":[-5.1,1.1]}},{"type":"Feature","geometry":{"type":"Point","coordinates":[26.100209,44.426596]},"properties":{"line":"27","mode":"tram","color":"#d6212b","colorDark":"#7c1116","band":4,"off":[-1.7,1.1]}},{"type":"Feature","geometry":{"type":"Point","coordinates":[26.100209,44.426596]},"properties":{"line":"32","mode":"tram","color":"#d6212b","colorDark":"#7c1116","band":4,"off":[1.7,1.1]}},{"type":"Feature","geometry":{"type":"Point","coordinates":[26.100209,44.426596]},"properties":{"line":"54","mode":"tram","color":"#d6212b","colorDark":"#7c1116","band":4,"off":[5.1,1.1]}},{"type":"Feature","geometry":{"type":"Point","coordinates":[26.045751,44.415055]},"properties":{"name":"Ghencea","band":4,"modes":"tram","arr":["10","41"],"off":[0,-0.8]}},{"type":"Feature","geometry":{"type":"Point","coordinates":[26.045751,44.415055]},"properties":{"line":"10","mode":"tram","color":"#d6212b","colorDark":"#7c1116","band":4,"off":[-1.7,1.1]}},{"type":"Feature","geometry":{"type":"Point","coordinates":[26.045751,44.415055]},"properties":{"line":"41","mode":"tram","color":"#d6212b","colorDark":"#7c1116","band":4,"off":[1.7,1.1]}},{"type":"Feature","geometry":{"type":"Point","coordinates":[26.103907,44.432542]},"properties":{"name":"Piața Sf. Gheorghe","band":4,"modes":"tram","arr":["21"],"off":[0,-0.8]}},{"type":"Feature","geometry":{"type":"Point","coordinates":[26.103907,44.432542]},"properties":{"line":"21","mode":"tram","color":"#d6212b","colorDark":"#7c1116","band":4,"off":[0,1.1]}},{"type":"Feature","geometry":{"type":"Point","coordinates":[26.163285,44.477489]},"properties":{"name":"Pasaj Colentina","band":4,"modes":"tram","arr":["21"],"off":[0,-0.8]}},{"type":"Feature","geometry":{"type":"Point","coordinates":[26.163285,44.477489]},"properties":{"line":"21","mode":"tram","color":"#d6212b","colorDark":"#7c1116","band":4,"off":[0,1.1]}},{"type":"Feature","geometry":{"type":"Point","coordinates":[26.077958,44.386196]},"properties":{"name":"Zețarilor","band":4,"modes":"tram","arr":["23"],"off":[0,-0.8]}},{"type":"Feature","geometry":{"type":"Point","coordinates":[26.077958,44.386196]},"properties":{"line":"23","mode":"tram","color":"#d6212b","colorDark":"#7c1116","band":4,"off":[0,1.1]}},{"type":"Feature","geometry":{"type":"Point","coordinates":[26.179589,44.427005]},"properties":{"name":"Faur","band":4,"modes":"tram","arr":["23","27"],"off":[0,-0.8]}},{"type":"Feature","geometry":{"type":"Point","coordinates":[26.179589,44.427005]},"properties":{"line":"23","mode":"tram","color":"#d6212b","colorDark":"#7c1116","band":4,"off":[-1.7,1.1]}},{"type":"Feature","geometry":{"type":"Point","coordinates":[26.179589,44.427005]},"properties":{"line":"27","mode":"tram","color":"#d6212b","colorDark":"#7c1116","band":4,"off":[1.7,1.1]}},{"type":"Feature","geometry":{"type":"Point","coordinates":[25.977501,44.429551]},"properties":{"name":"Depoul Militari","band":4,"modes":"tram","arr":["25"],"off":[0,-0.8]}},{"type":"Feature","geometry":{"type":"Point","coordinates":[25.977501,44.429551]},"properties":{"line":"25","mode":"tram","color":"#d6212b","colorDark":"#7c1116","band":4,"off":[0,1.1]}},{"type":"Feature","geometry":{"type":"Point","coordinates":[26.046903,44.39918]},"properties":{"name":"Depoul Alexandria","band":4,"modes":"tram","arr":["32"],"off":[0,-0.8]}},{"type":"Feature","geometry":{"type":"Point","coordinates":[26.046903,44.39918]},"properties":{"line":"32","mode":"tram","color":"#d6212b","colorDark":"#7c1116","band":4,"off":[0,1.1]}},{"type":"Feature","geometry":{"type":"Point","coordinates":[26.071737,44.475839]},"properties":{"name":"Piața Presei","band":4,"modes":"tram","arr":["41"],"off":[0,-0.8]}},{"type":"Feature","geometry":{"type":"Point","coordinates":[26.071737,44.475839]},"properties":{"line":"41","mode":"tram","color":"#d6212b","colorDark":"#7c1116","band":4,"off":[0,1.1]}},{"type":"Feature","geometry":{"type":"Point","coordinates":[26.023475,44.484815]},"properties":{"name":"Mezeș","band":4,"modes":"tram","arr":["53"],"off":[0,-0.8]}},{"type":"Feature","geometry":{"type":"Point","coordinates":[26.023475,44.484815]},"properties":{"line":"53","mode":"tram","color":"#d6212b","colorDark":"#7c1116","band":4,"off":[0,1.1]}},{"type":"Feature","geometry":{"type":"Point","coordinates":[26.044933,44.477677]},"properties":{"name":"Depoul Bucureștii Noi","band":4,"modes":"tram","arr":["53"],"off":[0,-0.8]}},{"type":"Feature","geometry":{"type":"Point","coordinates":[26.044933,44.477677]},"properties":{"line":"53","mode":"tram","color":"#d6212b","colorDark":"#7c1116","band":4,"off":[0,1.1]}},{"type":"Feature","geometry":{"type":"Point","coordinates":[26.185791,44.434227]},"properties":{"name":"Republica","band":4,"modes":"metro","arr":["M1"],"off":[0,-0.8]}},{"type":"Feature","geometry":{"type":"Point","coordinates":[26.185791,44.434227]},"properties":{"line":"M1","mode":"tram","color":"#F8C301","colorDark":"#886b01","band":4,"metro":1,"off":[0,1.1]}},{"type":"Feature","geometry":{"type":"Point","coordinates":[26.139225,44.421157]},"properties":{"name":"Dristor 2","band":4,"modes":"metro","arr":["M1"],"off":[0,-0.8]}},{"type":"Feature","geometry":{"type":"Point","coordinates":[26.139225,44.421157]},"properties":{"line":"M1","mode":"tram","color":"#F8C301","colorDark":"#886b01","band":4,"metro":1,"off":[0,1.1]}},{"type":"Feature","geometry":{"type":"Point","coordinates":[26.192663,44.440506]},"properties":{"name":"Pantelimon","band":4,"modes":"metro","arr":["M1"],"off":[0,-0.8]}},{"type":"Feature","geometry":{"type":"Point","coordinates":[26.192663,44.440506]},"properties":{"line":"M1","mode":"tram","color":"#F8C301","colorDark":"#886b01","band":4,"metro":1,"off":[0,1.1]}},{"type":"Feature","geometry":{"type":"Point","coordinates":[26.116587,44.480654]},"properties":{"name":"Pipera","band":4,"modes":"metro","arr":["M2"],"off":[0,-0.8]}},{"type":"Feature","geometry":{"type":"Point","coordinates":[26.116587,44.480654]},"properties":{"line":"M2","mode":"tram","color":"#495676","colorDark":"#282f41","band":4,"metro":1,"off":[0,1.1]}},{"type":"Feature","geometry":{"type":"Point","coordinates":[26.158461,44.349187]},"properties":{"name":"Tudor Arghezi","band":4,"modes":"metro","arr":["M2"],"off":[0,-0.8]}},{"type":"Feature","geometry":{"type":"Point","coordinates":[26.158461,44.349187]},"properties":{"line":"M2","mode":"tram","color":"#495676","colorDark":"#282f41","band":4,"metro":1,"off":[0,1.1]}},{"type":"Feature","geometry":{"type":"Point","coordinates":[26.208381,44.405395]},"properties":{"name":"Anghel Saligny","band":4,"modes":"metro","arr":["M3"],"off":[0,-0.8]}},{"type":"Feature","geometry":{"type":"Point","coordinates":[26.208381,44.405395]},"properties":{"line":"M3","mode":"tram","color":"#DA251C","colorDark":"#78140f","band":4,"metro":1,"off":[0,1.1]}},{"type":"Feature","geometry":{"type":"Point","coordinates":[25.99097,44.43056]},"properties":{"name":"Preciziei","band":4,"modes":"metro","arr":["M3"],"off":[0,-0.8]}},{"type":"Feature","geometry":{"type":"Point","coordinates":[25.99097,44.43056]},"properties":{"line":"M3","mode":"tram","color":"#DA251C","colorDark":"#78140f","band":4,"metro":1,"off":[0,1.1]}},{"type":"Feature","geometry":{"type":"Point","coordinates":[26.02572,44.502419]},"properties":{"name":"Străulești","band":4,"modes":"metro","arr":["M4"],"off":[0,-0.8]}},{"type":"Feature","geometry":{"type":"Point","coordinates":[26.02572,44.502419]},"properties":{"line":"M4","mode":"tram","color":"#3C746B","colorDark":"#21403b","band":4,"metro":1,"off":[0,1.1]}},{"type":"Feature","geometry":{"type":"Point","coordinates":[26.07311,44.44786]},"properties":{"name":"Gara de Nord 2 (M4)","band":4,"modes":"metro","arr":["M4"],"off":[0,-0.8]}},{"type":"Feature","geometry":{"type":"Point","coordinates":[26.07311,44.44786]},"properties":{"line":"M4","mode":"tram","color":"#3C746B","colorDark":"#21403b","band":4,"metro":1,"off":[0,1.1]}},{"type":"Feature","geometry":{"type":"Point","coordinates":[26.076388,44.434603]},"properties":{"name":"Eroilor 2 (M5)","band":4,"modes":"metro","arr":["M5"],"off":[0,-0.8]}},{"type":"Feature","geometry":{"type":"Point","coordinates":[26.076388,44.434603]},"properties":{"line":"M5","mode":"tram","color":"#F7951E","colorDark":"#885211","band":4,"metro":1,"off":[0,1.1]}},{"type":"Feature","geometry":{"type":"Point","coordinates":[26.023038,44.41632]},"properties":{"name":"Râul Doamnei","band":4,"modes":"metro","arr":["M5"],"off":[0,-0.8]}},{"type":"Feature","geometry":{"type":"Point","coordinates":[26.023038,44.41632]},"properties":{"line":"M5","mode":"tram","color":"#F7951E","colorDark":"#885211","band":4,"metro":1,"off":[0,1.1]}}]}