{"type":"FeatureCollection","features":[{"type":"Feature","geometry":{"type":"Point","coordinates":[26.014593,44.438202]},"properties":{"lines":"61, 178","color":"#0059a9","mode":"bus","arr":["61","178"],"angle":-41.8}},{"type":"Feature","geometry":{"type":"Point","coordinates":[26.012762,44.435721]},"properties":{"lines":"61, 106","color":"#0059a9","mode":"bus","arr":["61","106"],"angle":-58}},{"type":"Feature","geometry":{"type":"Point","coordinates":[26.016089,44.434058]},"properties":{"lines":"61, 62, 63, 137, 138, N115","color":"#0059a9","mode":"bus","arr":["61","62","63","137","138","N115"],"angle":-1.5}},{"type":"Feature","geometry":{"type":"Point","coordinates":[26.037662,44.434178]},"properties":{"lines":"61, 62, 63, N115","color":"#0059a9","mode":"bus","arr":["61","62","63","N115"],"angle":-1}},{"type":"Feature","geometry":{"type":"Point","coordinates":[26.024313,44.434069]},"properties":{"lines":"61, 62, 63, N115","color":"#0059a9","mode":"bus","arr":["61","62","63","N115"],"angle":-1.6,"extra":1}},{"type":"Feature","geometry":{"type":"Point","coordinates":[26.031239,44.434173]},"properties":{"lines":"61, 62, 63, N115","color":"#0059a9","mode":"bus","arr":["61","62","63","N115"],"angle":-0.7,"extra":1}},{"type":"Feature","geometry":{"type":"Point","coordinates":[26.04509,44.434292]},"properties":{"lines":"61, 62, 63, N115","color":"#0059a9","mode":"bus","arr":["61","62","63","N115"],"angle":-1.2,"extra":1}},{"type":"Feature","geometry":{"type":"Point","coordinates":[26.052016,44.434393]},"properties":{"lines":"61, 62, 63, N115","color":"#0059a9","mode":"bus","arr":["61","62","63","N115"],"angle":-1.2,"extra":1}},{"type":"Feature","geometry":{"type":"Point","coordinates":[26.056574,44.434458]},"properties":{"lines":"61, 62, 63, 93, 139, N115","color":"#0059a9","mode":"bus","arr":["61","62","63","93","139","N115"],"angle":-1.3}},{"type":"Feature","geometry":{"type":"Point","coordinates":[26.062494,44.435284]},"properties":{"lines":"61, 62, 93, N115","color":"#0059a9","mode":"bus","arr":["61","62","93","N115"],"angle":-8.1}},{"type":"Feature","geometry":{"type":"Point","coordinates":[26.063328,44.435468]},"properties":{"lines":"61, 62, 93, N115","color":"#0059a9","mode":"bus","arr":["61","62","93","N115"],"angle":-17.4}},{"type":"Feature","geometry":{"type":"Point","coordinates":[26.066674,44.435413]},"properties":{"lines":"61","color":"#149a3f","mode":"bus","arr":["61"],"angle":87.9}},{"type":"Feature","geometry":{"type":"Point","coordinates":[26.066887,44.434833]},"properties":{"lines":"61","color":"#149a3f","mode":"bus","arr":["61"],"angle":86.9}},{"type":"Feature","geometry":{"type":"Point","coordinates":[26.071016,44.434242]},"properties":{"lines":"61, 69","color":"#149a3f","mode":"bus","arr":["61","69"],"angle":-1.7}},{"type":"Feature","geometry":{"type":"Point","coordinates":[26.074582,44.434319]},"properties":{"lines":"61, 69, 104, 163","color":"#0059a9","mode":"bus","arr":["61","69","104","163"],"angle":-1.5}},{"type":"Feature","geometry":{"type":"Point","coordinates":[26.079092,44.434373]},"properties":{"lines":"61, 69, 90, N116","color":"#0059a9","mode":"bus","arr":["61","69","90","N116"],"angle":-25}},{"type":"Feature","geometry":{"type":"Point","coordinates":[26.081976,44.434451]},"properties":{"lines":"61, 69, 90, 122, 137, N116","color":"#0059a9","mode":"bus","arr":["61","69","90","122","137","N116"],"angle":-1.7}},{"type":"Feature","geometry":{"type":"Point","coordinates":[26.085842,44.43453]},"properties":{"lines":"61, 66, 69, 85, 90, 122, 137, N116","color":"#0059a9","mode":"bus","arr":["61","66","69","85","90","122","137","N116"],"angle":-1.5}},{"type":"Feature","geometry":{"type":"Point","coordinates":[26.101618,44.435345]},"properties":{"lines":"61, 66, 69, 85, 90, 122, 137, N116","color":"#0059a9","mode":"bus","arr":["61","66","69","85","90","122","137","N116"],"angle":-19.7}},{"type":"Feature","geometry":{"type":"Point","coordinates":[26.087881,44.434344]},"properties":{"lines":"61, 66, 69, 85, 90, N116","color":"#0059a9","mode":"bus","arr":["61","66","69","85","90","N116"],"angle":-2.3}},{"type":"Feature","geometry":{"type":"Point","coordinates":[26.095381,44.434699]},"properties":{"lines":"61, 66, 69, 85, 90, 122, 137, 311, N116","color":"#0059a9","mode":"bus","arr":["61","66","69","85","90","122","137","311","N116"],"angle":-1.4}},{"type":"Feature","geometry":{"type":"Point","coordinates":[26.100071,44.435061]},"properties":{"lines":"61, 66, 69, 85, 90, 122, 137, 311, N116","color":"#0059a9","mode":"bus","arr":["61","66","69","85","90","122","137","311","N116"],"angle":-14.4,"extra":1}},{"type":"Feature","geometry":{"type":"Point","coordinates":[26.103094,44.435589]},"properties":{"lines":"61, 66, 69, 85, 90, N102, N103, N108, N120","color":"#0059a9","mode":"bus","arr":["61","66","69","85","90","N102","N103","N108","N120"],"angle":-29.4}},{"type":"Feature","geometry":{"type":"Point","coordinates":[26.106311,44.436109]},"properties":{"lines":"61, 66, 69, 85, 90, N102, N103, N108, N120","color":"#0059a9","mode":"bus","arr":["61","66","69","85","90","N102","N103","N108","N120"],"angle":-5.6}},{"type":"Feature","geometry":{"type":"Point","coordinates":[26.104599,44.435944]},"properties":{"lines":"61, 66, 69, 85, 90, 311, N102, N103, N108, N120","color":"#0059a9","mode":"bus","arr":["61","66","69","85","90","311","N102","N103","N108","N120"],"angle":-14.3}},{"type":"Feature","geometry":{"type":"Point","coordinates":[26.106247,44.436367]},"properties":{"lines":"61, 66, 69, 85, 90, 311, N102, N108, N120","color":"#0059a9","mode":"bus","arr":["61","66","69","85","90","311","N102","N108","N120"],"angle":-22}},{"type":"Feature","geometry":{"type":"Point","coordinates":[26.103055,44.435686]},"properties":{"lines":"61, 66, 69, 85, 90, 311, N102, N108, N120","color":"#0059a9","mode":"bus","arr":["61","66","69","85","90","311","N102","N108","N120"],"angle":-9.1}},{"type":"Feature","geometry":{"type":"Point","coordinates":[26.078855,44.434582]},"properties":{"lines":"61, 69, 90, 104, 122, 123, 137, N110, N115, N116","color":"#0059a9","mode":"bus","arr":["61","69","90","104","122","123","137","N110","N115","N116"],"angle":27.2}},{"type":"Feature","geometry":{"type":"Point","coordinates":[26.077821,44.434489]},"properties":{"lines":"61, 69, 104","color":"#0059a9","mode":"bus","arr":["61","69","104"],"angle":-43.9}},{"type":"Feature","geometry":{"type":"Point","coordinates":[26.056942,44.4346]},"properties":{"lines":"61, 62, 63, 93, N115","color":"#0059a9","mode":"bus","arr":["61","62","63","93","N115"],"angle":-1.4}},{"type":"Feature","geometry":{"type":"Point","coordinates":[26.027585,44.434261]},"properties":{"lines":"61, 62, 63, 434, 483, N115","color":"#0059a9","mode":"bus","arr":["61","62","63","434","483","N115"],"angle":-1.4}},{"type":"Feature","geometry":{"type":"Point","coordinates":[26.014654,44.437885]},"properties":{"lines":"61, 106, 178","color":"#0059a9","mode":"bus","arr":["61","106","178"],"angle":-57.9}},{"type":"Feature","geometry":{"type":"Point","coordinates":[25.981596,44.435124]},"properties":{"lines":"62, 137, 429, 431, 432, 433, N115","color":"#0059a9","mode":"bus","arr":["62","137","429","431","432","433","N115"],"angle":6.4}},{"type":"Feature","geometry":{"type":"Point","coordinates":[25.98662,44.434592]},"properties":{"lines":"62, 137, 429, 431, 432, 433, N115","color":"#0059a9","mode":"bus","arr":["62","137","429","431","432","433","N115"],"angle":6.3,"extra":1}},{"type":"Feature","geometry":{"type":"Point","coordinates":[25.976984,44.435517]},"properties":{"lines":"62, 137, 429, 431, 432, 433, N115","color":"#0059a9","mode":"bus","arr":["62","137","429","431","432","433","N115"],"angle":6.6,"extra":1}},{"type":"Feature","geometry":{"type":"Point","coordinates":[25.992627,44.434087]},"properties":{"lines":"62, 137, 138, 429, 431, 432, 433, 478, N115","color":"#0059a9","mode":"bus","arr":["62","137","138","429","431","432","433","478","N115"],"angle":6.8}},{"type":"Feature","geometry":{"type":"Point","coordinates":[25.997467,44.433712]},"properties":{"lines":"62, 137, 138, 429, 431, 432, 433, 478, N115","color":"#0059a9","mode":"bus","arr":["62","137","138","429","431","432","433","478","N115"],"angle":0.7,"extra":1}},{"type":"Feature","geometry":{"type":"Point","coordinates":[26.001711,44.433863]},"properties":{"lines":"62, 63, 137, 138, 429, 431, 432, 433, 478, N115","color":"#0059a9","mode":"bus","arr":["62","63","137","138","429","431","432","433","478","N115"],"angle":-0.8}},{"type":"Feature","geometry":{"type":"Point","coordinates":[26.005913,44.433765]},"properties":{"lines":"62, 63, 137, 138, N115","color":"#0059a9","mode":"bus","arr":["62","63","137","138","N115"],"angle":1.9}},{"type":"Feature","geometry":{"type":"Point","coordinates":[26.008995,44.433789]},"properties":{"lines":"62, 63, 106, 137, 138, N115","color":"#0059a9","mode":"bus","arr":["62","63","106","137","138","N115"],"angle":-1.1}},{"type":"Feature","geometry":{"type":"Point","coordinates":[26.067751,44.437202]},"properties":{"lines":"62, 93, N115","color":"#0059a9","mode":"bus","arr":["62","93","N115"],"angle":-27.8}},{"type":"Feature","geometry":{"type":"Point","coordinates":[26.069894,44.438192]},"properties":{"lines":"62, 93","color":"#149a3f","mode":"bus","arr":["62","93"],"angle":-47.2}},{"type":"Feature","geometry":{"type":"Point","coordinates":[26.071582,44.43945]},"properties":{"lines":"62, 93, 96, 123, 196","color":"#0059a9","mode":"bus","arr":["62","93","96","123","196"],"angle":-45.4}},{"type":"Feature","geometry":{"type":"Point","coordinates":[26.076768,44.441866]},"properties":{"lines":"62, 85, 93, 96, 196","color":"#0059a9","mode":"bus","arr":["62","85","93","96","196"],"angle":-25.1}},{"type":"Feature","geometry":{"type":"Point","coordinates":[26.077787,44.444976]},"properties":{"lines":"62, 85, 93, 96, 97, 178, 196, N117","color":"#0059a9","mode":"bus","arr":["62","85","93","96","97","178","196","N117"],"angle":43.1}},{"type":"Feature","geometry":{"type":"Point","coordinates":[26.075253,44.445931]},"properties":{"lines":"62, 85, 96, 178","color":"#0059a9","mode":"bus","arr":["62","85","96","178"],"angle":-47}},{"type":"Feature","geometry":{"type":"Point","coordinates":[26.075323,44.446456]},"properties":{"lines":"93, 105, 182, 196, 610, N1","color":"#0059a9","mode":"bus","arr":["93","105","182","196","610","N1"],"angle":71.5}},{"type":"Feature","geometry":{"type":"Point","coordinates":[26.073029,44.443898]},"properties":{"lines":"62, 85, 93, 96, 105, 123, 162, 178, 196, 610, N1","color":"#0059a9","mode":"bus","arr":["62","85","93","96","105","123","162","178","196","610","N1"],"angle":-50.8}},{"type":"Feature","geometry":{"type":"Point","coordinates":[26.072059,44.441443]},"properties":{"lines":"62, 85, 93, 96, 123, 163, 196","color":"#0059a9","mode":"bus","arr":["62","85","93","96","123","163","196"],"angle":65.5}},{"type":"Feature","geometry":{"type":"Point","coordinates":[26.071431,44.439537]},"properties":{"lines":"62, 93, 123","color":"#0059a9","mode":"bus","arr":["62","93","123"],"angle":-45.7}},{"type":"Feature","geometry":{"type":"Point","coordinates":[25.975375,44.435614]},"properties":{"lines":"62, N115","color":"#0059a9","mode":"bus","arr":["62","N115"],"angle":-27.1}},{"type":"Feature","geometry":{"type":"Point","coordinates":[26.018821,44.416026]},"properties":{"lines":"69, 105, 221, N121","color":"#0059a9","mode":"bus","arr":["69","105","221","N121"],"angle":-17.8}},{"type":"Feature","geometry":{"type":"Point","coordinates":[26.014998,44.415681]},"properties":{"lines":"105, 221","color":"#0059a9","mode":"bus","arr":["105","221"],"angle":-6.9}},{"type":"Feature","geometry":{"type":"Point","coordinates":[26.022429,44.416396]},"properties":{"lines":"69, 93, 138, 221, 232","color":"#0059a9","mode":"bus","arr":["69","93","138","221","232"],"angle":27.3}},{"type":"Feature","geometry":{"type":"Point","coordinates":[26.028687,44.418006]},"properties":{"lines":"69, 93, 138, 221, 232, 322, 368, 485","color":"#0059a9","mode":"bus","arr":["69","93","138","221","232","322","368","485"],"angle":-34.6}},{"type":"Feature","geometry":{"type":"Point","coordinates":[26.033381,44.418022]},"properties":{"lines":"69, 93, 138, 221, 232, 322, 368, 485","color":"#0059a9","mode":"bus","arr":["69","93","138","221","232","322","368","485"],"angle":13,"extra":1}},{"type":"Feature","geometry":{"type":"Point","coordinates":[26.038022,44.41788]},"properties":{"lines":"69, 93","color":"#149a3f","mode":"bus","arr":["69","93"],"angle":-6.5}},{"type":"Feature","geometry":{"type":"Point","coordinates":[26.044759,44.418985]},"properties":{"lines":"69, 93","color":"#149a3f","mode":"bus","arr":["69","93"],"angle":-11.9}},{"type":"Feature","geometry":{"type":"Point","coordinates":[26.047703,44.421772]},"properties":{"lines":"69, 93","color":"#149a3f","mode":"bus","arr":["69","93"],"angle":80.2,"extra":1}},{"type":"Feature","geometry":{"type":"Point","coordinates":[26.038002,44.417939]},"properties":{"lines":"69, 93","color":"#149a3f","mode":"bus","arr":["69","93"],"angle":-6.6,"extra":1}},{"type":"Feature","geometry":{"type":"Point","coordinates":[26.051,44.425238]},"properties":{"lines":"69, 93, 105, 168, 368, N116","color":"#0059a9","mode":"bus","arr":["69","93","105","168","368","N116"],"angle":-13.5}},{"type":"Feature","geometry":{"type":"Point","coordinates":[26.058191,44.426177]},"properties":{"lines":"69, 168, 368, N116","color":"#0059a9","mode":"bus","arr":["69","168","368","N116"],"angle":-28.8}},{"type":"Feature","geometry":{"type":"Point","coordinates":[26.060744,44.428366]},"properties":{"lines":"69, 96, 168, 368, N116","color":"#0059a9","mode":"bus","arr":["69","96","168","368","N116"],"angle":-64.6}},{"type":"Feature","geometry":{"type":"Point","coordinates":[26.059805,44.431172]},"properties":{"lines":"69, 96, 137, 168, 368, 610, N10, N116, N121","color":"#0059a9","mode":"bus","arr":["69","96","137","168","368","610","N10","N116","N121"],"angle":73.5}},{"type":"Feature","geometry":{"type":"Point","coordinates":[26.061231,44.43085]},"properties":{"lines":"63, 69, 96, 137, 168, 368, 610, N10, N116, N121","color":"#0059a9","mode":"bus","arr":["63","69","96","137","168","368","610","N10","N116","N121"],"angle":41.4}},{"type":"Feature","geometry":{"type":"Point","coordinates":[26.063031,44.4296]},"properties":{"lines":"63, 69, 96, 137, 168, 368, 610, N116, N121","color":"#0059a9","mode":"bus","arr":["63","69","96","137","168","368","610","N116","N121"],"angle":40.5}},{"type":"Feature","geometry":{"type":"Point","coordinates":[26.064593,44.4286]},"properties":{"lines":"63, 69, 96, 122, 137, 168, 196, 226, 368, 610, N116, N121","color":"#0059a9","mode":"bus","arr":["63","69","96","122","137","168","196","226","368","610","N116","N121"],"angle":42.6}},{"type":"Feature","geometry":{"type":"Point","coordinates":[26.068727,44.431396]},"properties":{"lines":"69, 96, 122, 137, 168, 196, 226, 368, N116, N121","color":"#0059a9","mode":"bus","arr":["69","96","122","137","168","196","226","368","N116","N121"],"angle":-43.7}},{"type":"Feature","geometry":{"type":"Point","coordinates":[26.071948,44.433844]},"properties":{"lines":"69, 96, 122, 137, 168, 196, 226, 368, N116, N121","color":"#0059a9","mode":"bus","arr":["69","96","122","137","168","196","226","368","N116","N121"],"angle":-44.9,"extra":1}},{"type":"Feature","geometry":{"type":"Point","coordinates":[26.0656,44.43062]},"properties":{"lines":"69, 96, 122, 137, 168, 196, 226, 368, N116, N121","color":"#0059a9","mode":"bus","arr":["69","96","122","137","168","196","226","368","N116","N121"],"angle":-35.6}},{"type":"Feature","geometry":{"type":"Point","coordinates":[26.1102,44.436996]},"properties":{"lines":"66, 69, 85, 90, 311, N102, N103, N108, N120","color":"#0059a9","mode":"bus","arr":["66","69","85","90","311","N102","N103","N108","N120"],"angle":-14.5}},{"type":"Feature","geometry":{"type":"Point","coordinates":[26.115899,44.438003]},"properties":{"lines":"69, 85, 90, 311, 605, 655, N102, N103, N120","color":"#0059a9","mode":"bus","arr":["69","85","90","311","605","655","N102","N103","N120"],"angle":13.2}},{"type":"Feature","geometry":{"type":"Point","coordinates":[26.119207,44.438636]},"properties":{"lines":"69, 85, 90, 311, 655, N102, N120","color":"#0059a9","mode":"bus","arr":["69","85","90","311","655","N102","N120"],"angle":-14.4}},{"type":"Feature","geometry":{"type":"Point","coordinates":[26.116251,44.438407]},"properties":{"lines":"69, 85, 90, 311, 655, N102, N120","color":"#0059a9","mode":"bus","arr":["69","85","90","311","655","N102","N120"],"angle":-26.9}},{"type":"Feature","geometry":{"type":"Point","coordinates":[26.122002,44.439172]},"properties":{"lines":"69, 85, 86, 90, 97, 135, 311, 655, N102, N120","color":"#0059a9","mode":"bus","arr":["69","85","86","90","97","135","311","655","N102","N120"],"angle":-14.4}},{"type":"Feature","geometry":{"type":"Point","coordinates":[26.122499,44.43898]},"properties":{"lines":"69, 85, 90, 97","color":"#149a3f","mode":"bus","arr":["69","85","90","97"],"angle":10}},{"type":"Feature","geometry":{"type":"Point","coordinates":[26.124295,44.436639]},"properties":{"lines":"69, 97","color":"#149a3f","mode":"bus","arr":["69","97"],"angle":60.5}},{"type":"Feature","geometry":{"type":"Point","coordinates":[26.126178,44.434321]},"properties":{"lines":"69","color":"#149a3f","mode":"bus","arr":["69"],"angle":-0.7}},{"type":"Feature","geometry":{"type":"Point","coordinates":[26.129371,44.432159]},"properties":{"lines":"69","color":"#149a3f","mode":"bus","arr":["69"],"angle":58.6}},{"type":"Feature","geometry":{"type":"Point","coordinates":[26.126857,44.43428]},"properties":{"lines":"69","color":"#149a3f","mode":"bus","arr":["69"],"angle":59.1,"extra":1}},{"type":"Feature","geometry":{"type":"Point","coordinates":[26.069399,44.433449]},"properties":{"lines":"69","color":"#149a3f","mode":"bus","arr":["69"],"angle":65}},{"type":"Feature","geometry":{"type":"Point","coordinates":[26.135081,44.42664]},"properties":{"lines":"69, N104","color":"#0059a9","mode":"bus","arr":["69","N104"],"angle":42.8}},{"type":"Feature","geometry":{"type":"Point","coordinates":[26.153121,44.427028]},"properties":{"lines":"69, N104","color":"#0059a9","mode":"bus","arr":["69","N104"],"angle":-42.4}},{"type":"Feature","geometry":{"type":"Point","coordinates":[26.15535,44.42867]},"properties":{"lines":"69, N104","color":"#0059a9","mode":"bus","arr":["69","N104"],"angle":-26.6}},{"type":"Feature","geometry":{"type":"Point","coordinates":[26.143803,44.425072]},"properties":{"lines":"69, 311, 330, N104","color":"#0059a9","mode":"bus","arr":["69","311","330","N104"],"angle":-11.7}},{"type":"Feature","geometry":{"type":"Point","coordinates":[26.147894,44.425695]},"properties":{"lines":"69, 311, 330, N104","color":"#0059a9","mode":"bus","arr":["69","311","330","N104"],"angle":-12.1,"extra":1}},{"type":"Feature","geometry":{"type":"Point","coordinates":[26.139673,44.42458]},"properties":{"lines":"69, 311, 330, N104","color":"#0059a9","mode":"bus","arr":["69","311","330","N104"],"angle":-11.9,"extra":1}},{"type":"Feature","geometry":{"type":"Point","coordinates":[26.167496,44.431216]},"properties":{"lines":"69, 253","color":"#0059a9","mode":"bus","arr":["69","253"],"angle":-74.3}},{"type":"Feature","geometry":{"type":"Point","coordinates":[26.168586,44.433937]},"properties":{"lines":"69, 253","color":"#0059a9","mode":"bus","arr":["69","253"],"angle":-74.1,"extra":1}},{"type":"Feature","geometry":{"type":"Point","coordinates":[26.169786,44.436678]},"properties":{"lines":"455","color":"#0059a9","mode":"bus","arr":["455"],"angle":-45.5}},{"type":"Feature","geometry":{"type":"Point","coordinates":[26.185595,44.459957]},"properties":{"lines":"455","color":"#0059a9","mode":"bus","arr":["455"],"angle":-73.1}},{"type":"Feature","geometry":{"type":"Point","coordinates":[26.181923,44.450417]},"properties":{"lines":"455","color":"#0059a9","mode":"bus","arr":["455"],"angle":48.7,"extra":1}},{"type":"Feature","geometry":{"type":"Point","coordinates":[26.185399,44.455096]},"properties":{"lines":"455","color":"#0059a9","mode":"bus","arr":["455"],"angle":89.2,"extra":1}},{"type":"Feature","geometry":{"type":"Point","coordinates":[26.181551,44.457886]},"properties":{"lines":"455","color":"#0059a9","mode":"bus","arr":["455"],"angle":-50,"extra":1}},{"type":"Feature","geometry":{"type":"Point","coordinates":[26.179223,44.453372]},"properties":{"lines":"455","color":"#0059a9","mode":"bus","arr":["455"],"angle":-84.9,"extra":1}},{"type":"Feature","geometry":{"type":"Point","coordinates":[26.172682,44.447985]},"properties":{"lines":"455","color":"#0059a9","mode":"bus","arr":["455"],"angle":-42.8}},{"type":"Feature","geometry":{"type":"Point","coordinates":[26.177247,44.450286]},"properties":{"lines":"455","color":"#0059a9","mode":"bus","arr":["455"],"angle":-37.2,"extra":1}},{"type":"Feature","geometry":{"type":"Point","coordinates":[26.16668,44.443979]},"properties":{"lines":"455","color":"#0059a9","mode":"bus","arr":["455"],"angle":-23.4,"extra":1}},{"type":"Feature","geometry":{"type":"Point","coordinates":[26.068877,44.432089]},"properties":{"lines":"69, 96","color":"#149a3f","mode":"bus","arr":["69","96"],"angle":-44.4}},{"type":"Feature","geometry":{"type":"Point","coordinates":[26.062992,44.429749]},"properties":{"lines":"63, 69, 96, 137, 168, 368, N116, N121","color":"#0059a9","mode":"bus","arr":["63","69","96","137","168","368","N116","N121"],"angle":41.5}},{"type":"Feature","geometry":{"type":"Point","coordinates":[26.060548,44.430031]},"properties":{"lines":"63, 69, 96, 137, 139, 168, 368, 610, N10, N116, N121","color":"#0059a9","mode":"bus","arr":["63","69","96","137","139","168","368","610","N10","N116","N121"],"angle":58.9}},{"type":"Feature","geometry":{"type":"Point","coordinates":[26.060659,44.428507]},"properties":{"lines":"69, 96, 139, 168, 368, 487, N116","color":"#0059a9","mode":"bus","arr":["69","96","139","168","368","487","N116"],"angle":-64.7}},{"type":"Feature","geometry":{"type":"Point","coordinates":[26.056851,44.426065]},"properties":{"lines":"69, 139, 168, 368, 487, N116","color":"#0059a9","mode":"bus","arr":["69","139","168","368","487","N116"],"angle":-9.9}},{"type":"Feature","geometry":{"type":"Point","coordinates":[26.028497,44.418082]},"properties":{"lines":"69, 93, 138, 221, 222, 232, 368","color":"#0059a9","mode":"bus","arr":["69","93","138","221","222","232","368"],"angle":-37.4}},{"type":"Feature","geometry":{"type":"Point","coordinates":[26.024693,44.416289]},"properties":{"lines":"69, 93, 138, 221, 222, 232, 368","color":"#0059a9","mode":"bus","arr":["69","93","138","221","222","232","368"],"angle":-6.1,"extra":1}},{"type":"Feature","geometry":{"type":"Point","coordinates":[26.050399,44.470954]},"properties":{"lines":"93","color":"#149a3f","mode":"bus","arr":["93"],"angle":-43.8}},{"type":"Feature","geometry":{"type":"Point","coordinates":[26.003937,44.418159]},"properties":{"lines":"93","color":"#149a3f","mode":"bus","arr":["93"],"angle":-7.1}},{"type":"Feature","geometry":{"type":"Point","coordinates":[26.010706,44.419943]},"properties":{"lines":"93","color":"#149a3f","mode":"bus","arr":["93"],"angle":-6.6}},{"type":"Feature","geometry":{"type":"Point","coordinates":[26.013499,44.4211]},"properties":{"lines":"93","color":"#149a3f","mode":"bus","arr":["93"],"angle":-6.3}},{"type":"Feature","geometry":{"type":"Point","coordinates":[26.007654,44.418475]},"properties":{"lines":"93","color":"#149a3f","mode":"bus","arr":["93"],"angle":-6.4}},{"type":"Feature","geometry":{"type":"Point","coordinates":[26.003936,44.419093]},"properties":{"lines":"93","color":"#149a3f","mode":"bus","arr":["93"],"angle":-6.2,"extra":1}},{"type":"Feature","geometry":{"type":"Point","coordinates":[26.050796,44.470116]},"properties":{"lines":"79, 93, 97","color":"#149a3f","mode":"bus","arr":["79","93","97"],"angle":60.9}},{"type":"Feature","geometry":{"type":"Point","coordinates":[26.065915,44.452601]},"properties":{"lines":"79, 86, 93, 97, N117","color":"#0059a9","mode":"bus","arr":["79","86","93","97","N117"],"angle":42.2}},{"type":"Feature","geometry":{"type":"Point","coordinates":[26.056686,44.462559]},"properties":{"lines":"79, 86, 93, 97, N117","color":"#0059a9","mode":"bus","arr":["79","86","93","97","N117"],"angle":60.5}},{"type":"Feature","geometry":{"type":"Point","coordinates":[26.053239,44.466976]},"properties":{"lines":"79, 86, 93, 97, N117","color":"#0059a9","mode":"bus","arr":["79","86","93","97","N117"],"angle":61,"extra":1}},{"type":"Feature","geometry":{"type":"Point","coordinates":[26.059988,44.458337]},"properties":{"lines":"79, 86, 93, 97, N117","color":"#0059a9","mode":"bus","arr":["79","86","93","97","N117"],"angle":61,"extra":1}},{"type":"Feature","geometry":{"type":"Point","coordinates":[26.072721,44.448844]},"properties":{"lines":"79, 86, 93, 97, 105, 196, 282, 610, N1, N10, N117","color":"#0059a9","mode":"bus","arr":["79","86","93","97","105","196","282","610","N1","N10","N117"],"angle":32.5}},{"type":"Feature","geometry":{"type":"Point","coordinates":[26.076793,44.447198]},"properties":{"lines":"79, 86, 97, 178, N117","color":"#0059a9","mode":"bus","arr":["79","86","97","178","N117"],"angle":26.8}},{"type":"Feature","geometry":{"type":"Point","coordinates":[26.079416,44.446322]},"properties":{"lines":"97, 178, N117","color":"#0059a9","mode":"bus","arr":["97","178","N117"],"angle":19.9}},{"type":"Feature","geometry":{"type":"Point","coordinates":[26.080171,44.44337]},"properties":{"lines":"97, 178, N117","color":"#0059a9","mode":"bus","arr":["97","178","N117"],"angle":43.1}},{"type":"Feature","geometry":{"type":"Point","coordinates":[26.084696,44.445157]},"properties":{"lines":"97, N117","color":"#0059a9","mode":"bus","arr":["97","N117"],"angle":20.6}},{"type":"Feature","geometry":{"type":"Point","coordinates":[26.092097,44.445886]},"properties":{"lines":"97, 168, 226, N117","color":"#0059a9","mode":"bus","arr":["97","168","226","N117"],"angle":-26.4}},{"type":"Feature","geometry":{"type":"Point","coordinates":[26.101412,44.446688]},"properties":{"lines":"79, 86, 97","color":"#149a3f","mode":"bus","arr":["79","86","97"],"angle":7}},{"type":"Feature","geometry":{"type":"Point","coordinates":[26.098361,44.44686]},"properties":{"lines":"97, 301, 301B, 331, 331B, 79, 86, N119","color":"#0059a9","mode":"bus","arr":["97","301","301B","331","331B","79","86","N119"],"angle":-0.9}},{"type":"Feature","geometry":{"type":"Point","coordinates":[26.09828,44.446957]},"properties":{"lines":"79, 86, 97, N119","color":"#0059a9","mode":"bus","arr":["79","86","97","N119"],"angle":-0.9}},{"type":"Feature","geometry":{"type":"Point","coordinates":[26.106437,44.446258]},"properties":{"lines":"79, 86, 97, 135","color":"#0059a9","mode":"bus","arr":["79","86","97","135"],"angle":6.5}},{"type":"Feature","geometry":{"type":"Point","coordinates":[26.114402,44.444963]},"properties":{"lines":"79, 86, 97, 135, 605, N103","color":"#0059a9","mode":"bus","arr":["79","86","97","135","605","N103"],"angle":22.4}},{"type":"Feature","geometry":{"type":"Point","coordinates":[26.120268,44.44247]},"properties":{"lines":"86, 97, 135, 605, N103","color":"#0059a9","mode":"bus","arr":["86","97","135","605","N103"],"angle":78.9}},{"type":"Feature","geometry":{"type":"Point","coordinates":[26.11972,44.443292]},"properties":{"lines":"86, 97, 135","color":"#0059a9","mode":"bus","arr":["86","97","135"],"angle":34.9}},{"type":"Feature","geometry":{"type":"Point","coordinates":[26.120325,44.44045]},"properties":{"lines":"86, 97, 135","color":"#0059a9","mode":"bus","arr":["86","97","135"],"angle":83.3}},{"type":"Feature","geometry":{"type":"Point","coordinates":[26.121118,44.439642]},"properties":{"lines":"86, 97, 135","color":"#0059a9","mode":"bus","arr":["86","97","135"],"angle":71.9}},{"type":"Feature","geometry":{"type":"Point","coordinates":[26.125601,44.433309]},"properties":{"lines":"97","color":"#149a3f","mode":"bus","arr":["97"],"angle":82.3}},{"type":"Feature","geometry":{"type":"Point","coordinates":[26.120689,44.431803]},"properties":{"lines":"97","color":"#149a3f","mode":"bus","arr":["97"],"angle":-88.6}},{"type":"Feature","geometry":{"type":"Point","coordinates":[26.119214,44.427508]},"properties":{"lines":"97","color":"#149a3f","mode":"bus","arr":["97"],"angle":40.9}},{"type":"Feature","geometry":{"type":"Point","coordinates":[26.142945,44.432594]},"properties":{"lines":"640, N109","color":"#0059a9","mode":"bus","arr":["640","N109"],"angle":-7}},{"type":"Feature","geometry":{"type":"Point","coordinates":[26.129175,44.431948]},"properties":{"lines":"640, N109","color":"#0059a9","mode":"bus","arr":["640","N109"],"angle":11.3,"extra":1}},{"type":"Feature","geometry":{"type":"Point","coordinates":[26.13601,44.43175]},"properties":{"lines":"640, N109","color":"#0059a9","mode":"bus","arr":["640","N109"],"angle":-9.7,"extra":1}},{"type":"Feature","geometry":{"type":"Point","coordinates":[26.149706,44.433161]},"properties":{"lines":"640, N109","color":"#0059a9","mode":"bus","arr":["640","N109"],"angle":-6.4,"extra":1}},{"type":"Feature","geometry":{"type":"Point","coordinates":[26.156481,44.434063]},"properties":{"lines":"640, N109","color":"#0059a9","mode":"bus","arr":["640","N109"],"angle":-20.3,"extra":1}},{"type":"Feature","geometry":{"type":"Point","coordinates":[26.117424,44.433263]},"properties":{"lines":"640, N109","color":"#0059a9","mode":"bus","arr":["640","N109"],"angle":2.9,"extra":1}},{"type":"Feature","geometry":{"type":"Point","coordinates":[26.149717,44.433048]},"properties":{"lines":"640, N109","color":"#0059a9","mode":"bus","arr":["640","N109"],"angle":-6.9}},{"type":"Feature","geometry":{"type":"Point","coordinates":[26.181905,44.43467]},"properties":{"lines":"640, N109","color":"#0059a9","mode":"bus","arr":["640","N109"],"angle":12,"extra":1}},{"type":"Feature","geometry":{"type":"Point","coordinates":[26.175201,44.435897]},"properties":{"lines":"640, N109","color":"#0059a9","mode":"bus","arr":["640","N109"],"angle":16.9,"extra":1}},{"type":"Feature","geometry":{"type":"Point","coordinates":[26.168554,44.437022]},"properties":{"lines":"640, N109","color":"#0059a9","mode":"bus","arr":["640","N109"],"angle":-15.7,"extra":1}},{"type":"Feature","geometry":{"type":"Point","coordinates":[26.14235,44.432453]},"properties":{"lines":"640, N109","color":"#0059a9","mode":"bus","arr":["640","N109"],"angle":-7,"extra":1}},{"type":"Feature","geometry":{"type":"Point","coordinates":[26.156035,44.433833]},"properties":{"lines":"640, N109","color":"#0059a9","mode":"bus","arr":["640","N109"],"angle":-19.9,"extra":1}},{"type":"Feature","geometry":{"type":"Point","coordinates":[26.112228,44.432786]},"properties":{"lines":"640, N109","color":"#0059a9","mode":"bus","arr":["640","N109"],"angle":-2.4}},{"type":"Feature","geometry":{"type":"Point","coordinates":[26.123345,44.432698]},"properties":{"lines":"97, 640, N109","color":"#0059a9","mode":"bus","arr":["97","640","N109"],"angle":10.8}},{"type":"Feature","geometry":{"type":"Point","coordinates":[26.116364,44.421025]},"properties":{"lines":"97, 619","color":"#0059a9","mode":"bus","arr":["97","619"],"angle":-60.7}},{"type":"Feature","geometry":{"type":"Point","coordinates":[26.113788,44.41723]},"properties":{"lines":"97, 323, 619, N106","color":"#0059a9","mode":"bus","arr":["97","323","619","N106"],"angle":-60.1}},{"type":"Feature","geometry":{"type":"Point","coordinates":[26.114667,44.411942]},"properties":{"lines":"97, N106","color":"#0059a9","mode":"bus","arr":["97","N106"],"angle":73.5}},{"type":"Feature","geometry":{"type":"Point","coordinates":[26.120171,44.407882]},"properties":{"lines":"73, 74, 97, 381, N105, N106","color":"#0059a9","mode":"bus","arr":["73","74","97","381","N105","N106"],"angle":42.1}},{"type":"Feature","geometry":{"type":"Point","coordinates":[26.084823,44.443479]},"properties":{"lines":"97, 168, 178, 226, 368, N117, N121","color":"#0059a9","mode":"bus","arr":["97","168","178","226","368","N117","N121"],"angle":-12.5}},{"type":"Feature","geometry":{"type":"Point","coordinates":[26.075483,44.446534]},"properties":{"lines":"93, 97, 105, 178, 182, 196, 610, N10, N117","color":"#0059a9","mode":"bus","arr":["93","97","105","178","182","196","610","N10","N117"],"angle":62.1}},{"type":"Feature","geometry":{"type":"Point","coordinates":[26.075745,44.447136]},"properties":{"lines":"93, 97, 105, 178, 182, 196, 282, 610, N10, N117","color":"#0059a9","mode":"bus","arr":["93","97","105","178","182","196","282","610","N10","N117"],"angle":-48.5}},{"type":"Feature","geometry":{"type":"Point","coordinates":[26.07112,44.451858]},"properties":{"lines":"196, 282, 610, N1","color":"#0059a9","mode":"bus","arr":["196","282","610","N1"],"angle":-34.3}},{"type":"Feature","geometry":{"type":"Point","coordinates":[26.051498,44.470269]},"properties":{"lines":"86, 93, N113, N117","color":"#0059a9","mode":"bus","arr":["86","93","N113","N117"],"angle":-53.4}},{"type":"Feature","geometry":{"type":"Point","coordinates":[26.190245,44.439586]},"properties":{"lines":"102, 104","color":"#0059a9","mode":"bus","arr":["102","104"],"angle":-17.7}},{"type":"Feature","geometry":{"type":"Point","coordinates":[26.185689,44.440004]},"properties":{"lines":"102, 104","color":"#0059a9","mode":"bus","arr":["102","104"],"angle":44.5}},{"type":"Feature","geometry":{"type":"Point","coordinates":[26.186755,44.439347]},"properties":{"lines":"102, 104","color":"#0059a9","mode":"bus","arr":["102","104"],"angle":19.4}},{"type":"Feature","geometry":{"type":"Point","coordinates":[26.192003,44.43997]},"properties":{"lines":"102, 103, 104","color":"#0059a9","mode":"bus","arr":["102","103","104"],"angle":-57.4}},{"type":"Feature","geometry":{"type":"Point","coordinates":[26.191644,44.440764]},"properties":{"lines":"102, 103, 104, 246","color":"#0059a9","mode":"bus","arr":["102","103","104","246"],"angle":34.6}},{"type":"Feature","geometry":{"type":"Point","coordinates":[26.187599,44.44063]},"properties":{"lines":"102, 103, 104, 246, 407, 451, 452, 454, 457, 458","color":"#0059a9","mode":"bus","arr":["102","103","104","246","407","451","452","454","457","458"],"angle":-11.7}},{"type":"Feature","geometry":{"type":"Point","coordinates":[26.183581,44.440575]},"properties":{"lines":"102, 103, 104, 246, 407, 451, 452, 454, 457, 458, N102","color":"#0059a9","mode":"bus","arr":["102","103","104","246","407","451","452","454","457","458","N102"],"angle":13.7}},{"type":"Feature","geometry":{"type":"Point","coordinates":[26.182451,44.439819]},"properties":{"lines":"102","color":"#0059a9","mode":"bus","arr":["102"],"angle":-57.2}},{"type":"Feature","geometry":{"type":"Point","coordinates":[26.175722,44.438321]},"properties":{"lines":"102","color":"#0059a9","mode":"bus","arr":["102"],"angle":-15.9}},{"type":"Feature","geometry":{"type":"Point","coordinates":[26.17137,44.437419]},"properties":{"lines":"102","color":"#0059a9","mode":"bus","arr":["102"],"angle":-16,"extra":1}},{"type":"Feature","geometry":{"type":"Point","coordinates":[26.167955,44.43712]},"properties":{"lines":"102","color":"#0059a9","mode":"bus","arr":["102"],"angle":-60.2}},{"type":"Feature","geometry":{"type":"Point","coordinates":[26.140232,44.408481]},"properties":{"lines":"102","color":"#0059a9","mode":"bus","arr":["102"],"angle":67.1}},{"type":"Feature","geometry":{"type":"Point","coordinates":[26.142842,44.397679]},"properties":{"lines":"102","color":"#0059a9","mode":"bus","arr":["102"],"angle":86.6}},{"type":"Feature","geometry":{"type":"Point","coordinates":[26.142576,44.391085]},"properties":{"lines":"102","color":"#0059a9","mode":"bus","arr":["102"],"angle":-86.5,"extra":1}},{"type":"Feature","geometry":{"type":"Point","coordinates":[26.142597,44.40096]},"properties":{"lines":"102","color":"#0059a9","mode":"bus","arr":["102"],"angle":87.2,"extra":1}},{"type":"Feature","geometry":{"type":"Point","coordinates":[26.142085,44.405889]},"properties":{"lines":"102","color":"#0059a9","mode":"bus","arr":["102"],"angle":82.2,"extra":1}},{"type":"Feature","geometry":{"type":"Point","coordinates":[26.141102,44.407628]},"properties":{"lines":"102","color":"#0059a9","mode":"bus","arr":["102"],"angle":54.4}},{"type":"Feature","geometry":{"type":"Point","coordinates":[26.168187,44.437325]},"properties":{"lines":"102, 253, 455","color":"#0059a9","mode":"bus","arr":["102","253","455"],"angle":78.6}},{"type":"Feature","geometry":{"type":"Point","coordinates":[26.16424,44.435942]},"properties":{"lines":"102, 640, N109","color":"#0059a9","mode":"bus","arr":["102","640","N109"],"angle":-19.5}},{"type":"Feature","geometry":{"type":"Point","coordinates":[26.160979,44.432121]},"properties":{"lines":"101, 102, 243, 335","color":"#0059a9","mode":"bus","arr":["101","102","243","335"],"angle":75.5}},{"type":"Feature","geometry":{"type":"Point","coordinates":[26.162667,44.427068]},"properties":{"lines":"101, 102, 243, 253, 335, N104","color":"#0059a9","mode":"bus","arr":["101","102","243","253","335","N104"],"angle":79.3}},{"type":"Feature","geometry":{"type":"Point","coordinates":[26.164608,44.420383]},"properties":{"lines":"101, 102, 243, 311","color":"#0059a9","mode":"bus","arr":["101","102","243","311"],"angle":79.9}},{"type":"Feature","geometry":{"type":"Point","coordinates":[26.164968,44.417534]},"properties":{"lines":"101, 102, 243, 311","color":"#0059a9","mode":"bus","arr":["101","102","243","311"],"angle":88.1,"extra":1}},{"type":"Feature","geometry":{"type":"Point","coordinates":[26.163896,44.423183]},"properties":{"lines":"101, 102, 243, 311","color":"#0059a9","mode":"bus","arr":["101","102","243","311"],"angle":79.7,"extra":1}},{"type":"Feature","geometry":{"type":"Point","coordinates":[26.164461,44.414385]},"properties":{"lines":"102, 243, N122","color":"#0059a9","mode":"bus","arr":["102","243","N122"],"angle":-72.8}},{"type":"Feature","geometry":{"type":"Point","coordinates":[26.158396,44.413399]},"properties":{"lines":"102, 619, 627, N111, N122","color":"#0059a9","mode":"bus","arr":["102","619","627","N111","N122"],"angle":5.7}},{"type":"Feature","geometry":{"type":"Point","coordinates":[26.153695,44.414873]},"properties":{"lines":"102, 619, 627, N111, N122","color":"#0059a9","mode":"bus","arr":["102","619","627","N111","N122"],"angle":29.4,"extra":1}},{"type":"Feature","geometry":{"type":"Point","coordinates":[26.163275,44.413021]},"properties":{"lines":"102, 619, 627, N111, N122","color":"#0059a9","mode":"bus","arr":["102","619","627","N111","N122"],"angle":10.5,"extra":1}},{"type":"Feature","geometry":{"type":"Point","coordinates":[26.148589,44.41184]},"properties":{"lines":"102, N111","color":"#0059a9","mode":"bus","arr":["102","N111"],"angle":-62.5}},{"type":"Feature","geometry":{"type":"Point","coordinates":[26.143912,44.407403]},"properties":{"lines":"102, 123, 135, N111","color":"#0059a9","mode":"bus","arr":["102","123","135","N111"],"angle":25.7}},{"type":"Feature","geometry":{"type":"Point","coordinates":[26.140903,44.38785]},"properties":{"lines":"102, 243","color":"#0059a9","mode":"bus","arr":["102","243"],"angle":-61.2}},{"type":"Feature","geometry":{"type":"Point","coordinates":[26.137362,44.382712]},"properties":{"lines":"102, 243, N106","color":"#0059a9","mode":"bus","arr":["102","243","N106"],"angle":-62}},{"type":"Feature","geometry":{"type":"Point","coordinates":[26.130851,44.379512]},"properties":{"lines":"102, 125, 243, N106","color":"#0059a9","mode":"bus","arr":["102","125","243","N106"],"angle":-4}},{"type":"Feature","geometry":{"type":"Point","coordinates":[26.125292,44.378587]},"properties":{"lines":"74, 102, 125, 312, N106","color":"#0059a9","mode":"bus","arr":["74","102","125","312","N106"],"angle":-25.9}},{"type":"Feature","geometry":{"type":"Point","coordinates":[26.122126,44.377586]},"properties":{"lines":"74, 102, 125, N106","color":"#0059a9","mode":"bus","arr":["74","102","125","N106"],"angle":-25.4}},{"type":"Feature","geometry":{"type":"Point","coordinates":[26.115394,44.375679]},"properties":{"lines":"102, 141, 220","color":"#0059a9","mode":"bus","arr":["102","141","220"],"angle":3.1}},{"type":"Feature","geometry":{"type":"Point","coordinates":[26.108431,44.376568]},"properties":{"lines":"102, 116, 216, 220","color":"#0059a9","mode":"bus","arr":["102","116","216","220"],"angle":11.4}},{"type":"Feature","geometry":{"type":"Point","coordinates":[26.099159,44.377902]},"properties":{"lines":"102, 116, 220","color":"#0059a9","mode":"bus","arr":["102","116","220"],"angle":11.5}},{"type":"Feature","geometry":{"type":"Point","coordinates":[26.10305,44.377353]},"properties":{"lines":"102, 116, 220","color":"#0059a9","mode":"bus","arr":["102","116","220"],"angle":11.2,"extra":1}},{"type":"Feature","geometry":{"type":"Point","coordinates":[26.152466,44.400749]},"properties":{"lines":"223","color":"#0059a9","mode":"bus","arr":["223"],"angle":19.6}},{"type":"Feature","geometry":{"type":"Point","coordinates":[26.145887,44.402958]},"properties":{"lines":"223","color":"#0059a9","mode":"bus","arr":["223"],"angle":20,"extra":1}},{"type":"Feature","geometry":{"type":"Point","coordinates":[26.15894,44.399642]},"properties":{"lines":"223","color":"#0059a9","mode":"bus","arr":["223"],"angle":19.4,"extra":1}},{"type":"Feature","geometry":{"type":"Point","coordinates":[26.165469,44.39799]},"properties":{"lines":"223","color":"#0059a9","mode":"bus","arr":["223"],"angle":19.5,"extra":1}},{"type":"Feature","geometry":{"type":"Point","coordinates":[26.171994,44.39633]},"properties":{"lines":"223","color":"#0059a9","mode":"bus","arr":["223"],"angle":19.4,"extra":1}},{"type":"Feature","geometry":{"type":"Point","coordinates":[26.17853,44.394691]},"properties":{"lines":"223","color":"#0059a9","mode":"bus","arr":["223"],"angle":17.2,"extra":1}},{"type":"Feature","geometry":{"type":"Point","coordinates":[26.125074,44.407744]},"properties":{"lines":"223","color":"#0059a9","mode":"bus","arr":["223"],"angle":21.7,"extra":1}},{"type":"Feature","geometry":{"type":"Point","coordinates":[26.131607,44.406098]},"properties":{"lines":"223","color":"#0059a9","mode":"bus","arr":["223"],"angle":19.6,"extra":1}},{"type":"Feature","geometry":{"type":"Point","coordinates":[26.138131,44.404436]},"properties":{"lines":"223","color":"#0059a9","mode":"bus","arr":["223"],"angle":20.2,"extra":1}},{"type":"Feature","geometry":{"type":"Point","coordinates":[26.205714,44.394831]},"properties":{"lines":"223","color":"#0059a9","mode":"bus","arr":["223"],"angle":-3.5,"extra":1}},{"type":"Feature","geometry":{"type":"Point","coordinates":[26.212629,44.395129]},"properties":{"lines":"223","color":"#0059a9","mode":"bus","arr":["223"],"angle":-3.4,"extra":1}},{"type":"Feature","geometry":{"type":"Point","coordinates":[26.219544,44.395424]},"properties":{"lines":"223","color":"#0059a9","mode":"bus","arr":["223"],"angle":-3.7,"extra":1}},{"type":"Feature","geometry":{"type":"Point","coordinates":[26.184366,44.439981]},"properties":{"lines":"102, 104, 454","color":"#0059a9","mode":"bus","arr":["102","104","454"],"angle":-13.8}},{"type":"Feature","geometry":{"type":"Point","coordinates":[26.217721,44.416758]},"properties":{"lines":"103, 246","color":"#0059a9","mode":"bus","arr":["103","246"],"angle":-87.6}},{"type":"Feature","geometry":{"type":"Point","coordinates":[26.219811,44.42337]},"properties":{"lines":"103, 246","color":"#0059a9","mode":"bus","arr":["103","246"],"angle":-73.8,"extra":1}},{"type":"Feature","geometry":{"type":"Point","coordinates":[26.217999,44.413654]},"properties":{"lines":"103, 246","color":"#0059a9","mode":"bus","arr":["103","246"],"angle":86,"extra":1}},{"type":"Feature","geometry":{"type":"Point","coordinates":[26.218476,44.40872]},"properties":{"lines":"103, 246","color":"#0059a9","mode":"bus","arr":["103","246"],"angle":-88.6,"extra":1}},{"type":"Feature","geometry":{"type":"Point","coordinates":[26.18813,44.440632]},"properties":{"lines":"103, 246, 407, 451, 452, 454, 457, 458","color":"#0059a9","mode":"bus","arr":["103","246","407","451","452","454","457","458"],"angle":-11.5}},{"type":"Feature","geometry":{"type":"Point","coordinates":[26.189049,44.4367]},"properties":{"lines":"103","color":"#0059a9","mode":"bus","arr":["103"],"angle":-57.1}},{"type":"Feature","geometry":{"type":"Point","coordinates":[26.203303,44.429678]},"properties":{"lines":"103","color":"#0059a9","mode":"bus","arr":["103"],"angle":17.5}},{"type":"Feature","geometry":{"type":"Point","coordinates":[26.189096,44.432882]},"properties":{"lines":"103","color":"#0059a9","mode":"bus","arr":["103"],"angle":17.9,"extra":1}},{"type":"Feature","geometry":{"type":"Point","coordinates":[26.1957,44.43139]},"properties":{"lines":"103","color":"#0059a9","mode":"bus","arr":["103"],"angle":17.5,"extra":1}},{"type":"Feature","geometry":{"type":"Point","coordinates":[26.208913,44.428415]},"properties":{"lines":"103","color":"#0059a9","mode":"bus","arr":["103"],"angle":17.6,"extra":1}},{"type":"Feature","geometry":{"type":"Point","coordinates":[26.21552,44.426928]},"properties":{"lines":"103","color":"#0059a9","mode":"bus","arr":["103"],"angle":17.4,"extra":1}},{"type":"Feature","geometry":{"type":"Point","coordinates":[26.217186,44.406719]},"properties":{"lines":"103","color":"#0059a9","mode":"bus","arr":["103"],"angle":80}},{"type":"Feature","geometry":{"type":"Point","coordinates":[26.150039,44.44348]},"properties":{"lines":"104, 335, N102","color":"#0059a9","mode":"bus","arr":["104","335","N102"],"angle":-29.9}},{"type":"Feature","geometry":{"type":"Point","coordinates":[26.150107,44.442076]},"properties":{"lines":"104, 143","color":"#0059a9","mode":"bus","arr":["104","143"],"angle":80.3}},{"type":"Feature","geometry":{"type":"Point","coordinates":[26.143393,44.439403]},"properties":{"lines":"85, 90, 104","color":"#0059a9","mode":"bus","arr":["85","90","104"],"angle":-20.1}},{"type":"Feature","geometry":{"type":"Point","coordinates":[26.147042,44.440357]},"properties":{"lines":"85, 90, 104","color":"#0059a9","mode":"bus","arr":["85","90","104"],"angle":-20.1,"extra":1}},{"type":"Feature","geometry":{"type":"Point","coordinates":[26.14329,44.439287]},"properties":{"lines":"85, 90, 104","color":"#0059a9","mode":"bus","arr":["85","90","104"],"angle":-20.1}},{"type":"Feature","geometry":{"type":"Point","coordinates":[26.139515,44.438307]},"properties":{"lines":"85, 90, 104","color":"#0059a9","mode":"bus","arr":["85","90","104"],"angle":-20,"extra":1}},{"type":"Feature","geometry":{"type":"Point","coordinates":[26.137027,44.43108]},"properties":{"lines":"104","color":"#0059a9","mode":"bus","arr":["104"],"angle":-39.1}},{"type":"Feature","geometry":{"type":"Point","coordinates":[26.133546,44.428997]},"properties":{"lines":"104","color":"#0059a9","mode":"bus","arr":["104"],"angle":-39.9,"extra":1}},{"type":"Feature","geometry":{"type":"Point","coordinates":[26.135489,44.430053]},"properties":{"lines":"104","color":"#0059a9","mode":"bus","arr":["104"],"angle":-40.1}},{"type":"Feature","geometry":{"type":"Point","coordinates":[26.130662,44.42727]},"properties":{"lines":"104, N104","color":"#0059a9","mode":"bus","arr":["104","N104"],"angle":-40.1}},{"type":"Feature","geometry":{"type":"Point","coordinates":[26.126057,44.425798]},"properties":{"lines":"104, N104, N122","color":"#0059a9","mode":"bus","arr":["104","N104","N122"],"angle":3.5}},{"type":"Feature","geometry":{"type":"Point","coordinates":[26.126064,44.42563]},"properties":{"lines":"104, N104, N122","color":"#0059a9","mode":"bus","arr":["104","N104","N122"],"angle":3.7}},{"type":"Feature","geometry":{"type":"Point","coordinates":[26.113552,44.426362]},"properties":{"lines":"104, 123, N104, N111, N122","color":"#0059a9","mode":"bus","arr":["104","123","N104","N111","N122"],"angle":3.7}},{"type":"Feature","geometry":{"type":"Point","coordinates":[26.119663,44.426082]},"properties":{"lines":"104, 123, N104, N111, N122","color":"#0059a9","mode":"bus","arr":["104","123","N104","N111","N122"],"angle":3.7,"extra":1}},{"type":"Feature","geometry":{"type":"Point","coordinates":[26.105837,44.426713]},"properties":{"lines":"104, 123, N104, N111, N122","color":"#0059a9","mode":"bus","arr":["104","123","N104","N111","N122"],"angle":3.6,"extra":1}},{"type":"Feature","geometry":{"type":"Point","coordinates":[26.103911,44.427496]},"properties":{"lines":"100, 104, 123, 205, 323, 385, City Tour, N101, N102, N103, N104, N105 +17","color":"#0059a9","mode":"bus","arr":["100","104","123","205","323","385","City Tour","N101","N102","N103","N104","N105","N106","N107","N108","N109","N110","N111","N112","N113","N114","N115","N116","N117","N118","N119","N120","N121","N122"],"angle":85.9}},{"type":"Feature","geometry":{"type":"Point","coordinates":[26.103657,44.428604]},"properties":{"lines":"104, 123, 205, N101, N104, N105, N107, N110, N111, N112, N114, N115, N118, N122","color":"#0059a9","mode":"bus","arr":["104","123","205","N101","N104","N105","N107","N110","N111","N112","N114","N115","N118","N122"],"angle":65.7}},{"type":"Feature","geometry":{"type":"Point","coordinates":[26.102547,44.429042]},"properties":{"lines":"73, 100, 104, 116, 117, 123, 205, 312, 323, 385, N101, N102 +20","color":"#0059a9","mode":"bus","arr":["73","100","104","116","117","123","205","312","323","385","N101","N102","N103","N104","N105","N106","N107","N108","N109","N110","N111","N112","N113","N114","N115","N116","N117","N118","N119","N120","N121","N122"],"angle":10.3}},{"type":"Feature","geometry":{"type":"Point","coordinates":[26.095492,44.431007]},"properties":{"lines":"104, 123, 205, 385, N110, N115","color":"#0059a9","mode":"bus","arr":["104","123","205","385","N110","N115"],"angle":51.6}},{"type":"Feature","geometry":{"type":"Point","coordinates":[26.084598,44.433832]},"properties":{"lines":"104, 123, N110, N115","color":"#0059a9","mode":"bus","arr":["104","123","N110","N115"],"angle":5.2}},{"type":"Feature","geometry":{"type":"Point","coordinates":[26.094097,44.431616]},"properties":{"lines":"104, 123, N110, N115","color":"#0059a9","mode":"bus","arr":["104","123","N110","N115"],"angle":52.9,"extra":1}},{"type":"Feature","geometry":{"type":"Point","coordinates":[26.073801,44.435123]},"properties":{"lines":"96, 104, 122, 137, 163, 168, 196, 226, 368, N116, N121","color":"#0059a9","mode":"bus","arr":["96","104","122","137","163","168","196","226","368","N116","N121"],"angle":-44}},{"type":"Feature","geometry":{"type":"Point","coordinates":[26.076013,44.435133]},"properties":{"lines":"90, 104, 123, 163, N110, N115, N116","color":"#0059a9","mode":"bus","arr":["90","104","123","163","N110","N115","N116"],"angle":28.4}},{"type":"Feature","geometry":{"type":"Point","coordinates":[26.078111,44.434329]},"properties":{"lines":"90, 104, 123, N110, N115, N116","color":"#0059a9","mode":"bus","arr":["90","104","123","N110","N115","N116"],"angle":29.2}},{"type":"Feature","geometry":{"type":"Point","coordinates":[26.086937,44.433266]},"properties":{"lines":"63, 104, 123, N110, N115","color":"#0059a9","mode":"bus","arr":["63","104","123","N110","N115"],"angle":5.1}},{"type":"Feature","geometry":{"type":"Point","coordinates":[26.090487,44.433036]},"properties":{"lines":"63, 104, 123, 385, N110, N115","color":"#0059a9","mode":"bus","arr":["63","104","123","385","N110","N115"],"angle":5.8}},{"type":"Feature","geometry":{"type":"Point","coordinates":[26.098861,44.429235]},"properties":{"lines":"104, 123, 205, N110, N115","color":"#0059a9","mode":"bus","arr":["104","123","205","N110","N115"],"angle":5.5}},{"type":"Feature","geometry":{"type":"Point","coordinates":[26.101053,44.427667]},"properties":{"lines":"73, 100, 104, 116, 117, 123, 205, 312, 323, N101, N102, N103 +19","color":"#0059a9","mode":"bus","arr":["73","100","104","116","117","123","205","312","323","N101","N102","N103","N104","N105","N106","N107","N108","N109","N110","N111","N112","N113","N114","N115","N116","N117","N118","N119","N120","N121","N122"],"angle":-86.2}},{"type":"Feature","geometry":{"type":"Point","coordinates":[26.102491,44.425872]},"properties":{"lines":"73, 100, 104, 116, 117, 123, 205, 312, 323, 385, City Tour, N101 +21","color":"#0059a9","mode":"bus","arr":["73","100","104","116","117","123","205","312","323","385","City Tour","N101","N102","N103","N104","N105","N106","N107","N108","N109","N110","N111","N112","N113","N114","N115","N116","N117","N118","N119","N120","N121","N122"],"angle":2.8}},{"type":"Feature","geometry":{"type":"Point","coordinates":[26.104022,44.426275]},"properties":{"lines":"73, 100, 104, 116, 117, 123, 205, 323, 385, City Tour, N101, N102 +20","color":"#0059a9","mode":"bus","arr":["73","100","104","116","117","123","205","323","385","City Tour","N101","N102","N103","N104","N105","N106","N107","N108","N109","N110","N111","N112","N113","N114","N115","N116","N117","N118","N119","N120","N121","N122"],"angle":87.2}},{"type":"Feature","geometry":{"type":"Point","coordinates":[26.107971,44.426457]},"properties":{"lines":"73, 104, 116, 117, 123, N104, N111, N122","color":"#0059a9","mode":"bus","arr":["73","104","116","117","123","N104","N111","N122"],"angle":3.5}},{"type":"Feature","geometry":{"type":"Point","coordinates":[26.18293,44.439871]},"properties":{"lines":"104, 454, N102","color":"#0059a9","mode":"bus","arr":["104","454","N102"],"angle":24.1}},{"type":"Feature","geometry":{"type":"Point","coordinates":[26.014517,44.414323]},"properties":{"lines":"105","color":"#0059a9","mode":"bus","arr":["105"],"angle":80}},{"type":"Feature","geometry":{"type":"Point","coordinates":[26.077609,44.450302]},"properties":{"lines":"105","color":"#0059a9","mode":"bus","arr":["105"],"angle":24.1}},{"type":"Feature","geometry":{"type":"Point","coordinates":[26.020258,44.41891]},"properties":{"lines":"93, 105, 138, 232, N121","color":"#0059a9","mode":"bus","arr":["93","105","138","232","N121"],"angle":80.1}},{"type":"Feature","geometry":{"type":"Point","coordinates":[26.022309,44.422577]},"properties":{"lines":"105, 138, 168, N116, N121","color":"#0059a9","mode":"bus","arr":["105","138","168","N116","N121"],"angle":-32.8}},{"type":"Feature","geometry":{"type":"Point","coordinates":[26.029852,44.422393]},"properties":{"lines":"105, 168, N116","color":"#0059a9","mode":"bus","arr":["105","168","N116"],"angle":11.9}},{"type":"Feature","geometry":{"type":"Point","coordinates":[26.040702,44.423035]},"properties":{"lines":"105, 168, 368, N116","color":"#0059a9","mode":"bus","arr":["105","168","368","N116"],"angle":-15.7}},{"type":"Feature","geometry":{"type":"Point","coordinates":[26.044733,44.423695]},"properties":{"lines":"105, 168, 368, N116","color":"#0059a9","mode":"bus","arr":["105","168","368","N116"],"angle":-17,"extra":1}},{"type":"Feature","geometry":{"type":"Point","coordinates":[26.036874,44.422453]},"properties":{"lines":"105, 168, 368, N116","color":"#0059a9","mode":"bus","arr":["105","168","368","N116"],"angle":-7.8,"extra":1}},{"type":"Feature","geometry":{"type":"Point","coordinates":[26.05486,44.427212]},"properties":{"lines":"93, 105, 139, 487","color":"#0059a9","mode":"bus","arr":["93","105","139","487"],"angle":80.2}},{"type":"Feature","geometry":{"type":"Point","coordinates":[26.054434,44.431586]},"properties":{"lines":"93, 105, 139, 610, N10","color":"#0059a9","mode":"bus","arr":["93","105","139","610","N10"],"angle":88.3}},{"type":"Feature","geometry":{"type":"Point","coordinates":[26.060093,44.441404]},"properties":{"lines":"105, 610, N10","color":"#0059a9","mode":"bus","arr":["105","610","N10"],"angle":-45.6}},{"type":"Feature","geometry":{"type":"Point","coordinates":[26.054842,44.436877]},"properties":{"lines":"105, 610, N10","color":"#0059a9","mode":"bus","arr":["105","610","N10"],"angle":-69.9,"extra":1}},{"type":"Feature","geometry":{"type":"Point","coordinates":[26.061543,44.445195]},"properties":{"lines":"105, 610, N10","color":"#0059a9","mode":"bus","arr":["105","610","N10"],"angle":-72.6,"extra":1}},{"type":"Feature","geometry":{"type":"Point","coordinates":[26.059528,44.443045]},"properties":{"lines":"90, N110","color":"#0059a9","mode":"bus","arr":["90","N110"],"angle":15.1}},{"type":"Feature","geometry":{"type":"Point","coordinates":[26.050625,44.445252]},"properties":{"lines":"90, N110","color":"#0059a9","mode":"bus","arr":["90","N110"],"angle":14.6,"extra":1}},{"type":"Feature","geometry":{"type":"Point","coordinates":[26.047574,44.448445]},"properties":{"lines":"90, N110","color":"#0059a9","mode":"bus","arr":["90","N110"],"angle":-88.1,"extra":1}},{"type":"Feature","geometry":{"type":"Point","coordinates":[26.067483,44.440154]},"properties":{"lines":"90, N110","color":"#0059a9","mode":"bus","arr":["90","N110"],"angle":38.8,"extra":1}},{"type":"Feature","geometry":{"type":"Point","coordinates":[26.063904,44.441603]},"properties":{"lines":"90, N110","color":"#0059a9","mode":"bus","arr":["90","N110"],"angle":38,"extra":1}},{"type":"Feature","geometry":{"type":"Point","coordinates":[26.041119,44.446181]},"properties":{"lines":"90, N110","color":"#0059a9","mode":"bus","arr":["90","N110"],"angle":-5.3}},{"type":"Feature","geometry":{"type":"Point","coordinates":[26.045796,44.445636]},"properties":{"lines":"90, N110","color":"#0059a9","mode":"bus","arr":["90","N110"],"angle":14.6,"extra":1}},{"type":"Feature","geometry":{"type":"Point","coordinates":[26.065208,44.4472]},"properties":{"lines":"105, 123, 162, 163, 178, 610, N1, N10","color":"#0059a9","mode":"bus","arr":["105","123","162","163","178","610","N1","N10"],"angle":46.7}},{"type":"Feature","geometry":{"type":"Point","coordinates":[26.070637,44.448004]},"properties":{"lines":"105, 162, 178, 610, N10","color":"#0059a9","mode":"bus","arr":["105","162","178","610","N10"],"angle":43.1}},{"type":"Feature","geometry":{"type":"Point","coordinates":[26.072704,44.446617]},"properties":{"lines":"105, 123, 162, 178, 182, 282, 610, N10","color":"#0059a9","mode":"bus","arr":["105","123","162","178","182","282","610","N10"],"angle":43.4}},{"type":"Feature","geometry":{"type":"Point","coordinates":[26.075335,44.445706]},"properties":{"lines":"105, 178, 182, 610, N10","color":"#0059a9","mode":"bus","arr":["105","178","182","610","N10"],"angle":-47.9}},{"type":"Feature","geometry":{"type":"Point","coordinates":[26.070714,44.451266]},"properties":{"lines":"105, 196, 282, 610, N10","color":"#0059a9","mode":"bus","arr":["105","196","282","610","N10"],"angle":-45.5}},{"type":"Feature","geometry":{"type":"Point","coordinates":[26.074565,44.451275]},"properties":{"lines":"105, 182","color":"#0059a9","mode":"bus","arr":["105","182"],"angle":24.1}},{"type":"Feature","geometry":{"type":"Point","coordinates":[26.077056,44.448677]},"properties":{"lines":"105, 182","color":"#0059a9","mode":"bus","arr":["105","182"],"angle":-43.3}},{"type":"Feature","geometry":{"type":"Point","coordinates":[26.075475,44.44721]},"properties":{"lines":"93, 105, 182, 196, 282, 610, N1","color":"#0059a9","mode":"bus","arr":["93","105","182","196","282","610","N1"],"angle":-48.7}},{"type":"Feature","geometry":{"type":"Point","coordinates":[26.068277,44.444934]},"properties":{"lines":"105, 123, 162, 163, 178, 610, N1","color":"#0059a9","mode":"bus","arr":["105","123","162","163","178","610","N1"],"angle":45.6}},{"type":"Feature","geometry":{"type":"Point","coordinates":[26.062141,44.447283]},"properties":{"lines":"105, 162, 163, 610, N1","color":"#0059a9","mode":"bus","arr":["105","162","163","610","N1"],"angle":-20.7}},{"type":"Feature","geometry":{"type":"Point","coordinates":[26.058539,44.440439]},"properties":{"lines":"105, 610, N1","color":"#0059a9","mode":"bus","arr":["105","610","N1"],"angle":-54.6}},{"type":"Feature","geometry":{"type":"Point","coordinates":[26.06063,44.44444]},"properties":{"lines":"105, 610, N1","color":"#0059a9","mode":"bus","arr":["105","610","N1"],"angle":82.9,"extra":1}},{"type":"Feature","geometry":{"type":"Point","coordinates":[26.054355,44.435988]},"properties":{"lines":"105, 610, N1","color":"#0059a9","mode":"bus","arr":["105","610","N1"],"angle":-82,"extra":1}},{"type":"Feature","geometry":{"type":"Point","coordinates":[26.054258,44.431556]},"properties":{"lines":"93, 105, 610, N1","color":"#0059a9","mode":"bus","arr":["93","105","610","N1"],"angle":88.5}},{"type":"Feature","geometry":{"type":"Point","coordinates":[25.991301,44.422873]},"properties":{"lines":"106, 221","color":"#0059a9","mode":"bus","arr":["106","221"],"angle":-6.9}},{"type":"Feature","geometry":{"type":"Point","coordinates":[25.995903,44.423266]},"properties":{"lines":"106, 221","color":"#0059a9","mode":"bus","arr":["106","221"],"angle":-6.9,"extra":1}},{"type":"Feature","geometry":{"type":"Point","coordinates":[26.010724,44.438845]},"properties":{"lines":"106","color":"#0059a9","mode":"bus","arr":["106"],"angle":-55.9}},{"type":"Feature","geometry":{"type":"Point","coordinates":[26.004975,44.439896]},"properties":{"lines":"106","color":"#0059a9","mode":"bus","arr":["106"],"angle":-38.6}},{"type":"Feature","geometry":{"type":"Point","coordinates":[26.01457,44.437923]},"properties":{"lines":"106","color":"#0059a9","mode":"bus","arr":["106"],"angle":-57.9}},{"type":"Feature","geometry":{"type":"Point","coordinates":[26.006031,44.433457]},"properties":{"lines":"106","color":"#0059a9","mode":"bus","arr":["106"],"angle":-59.5}},{"type":"Feature","geometry":{"type":"Point","coordinates":[26.005863,44.43307]},"properties":{"lines":"106, 429, 431, 432, 433, 478","color":"#0059a9","mode":"bus","arr":["106","429","431","432","433","478"],"angle":-58.1}},{"type":"Feature","geometry":{"type":"Point","coordinates":[26.015347,44.438805]},"properties":{"lines":"106, 178","color":"#0059a9","mode":"bus","arr":["106","178"],"angle":-57.9}},{"type":"Feature","geometry":{"type":"Point","coordinates":[26.017806,44.441487]},"properties":{"lines":"178","color":"#0059a9","mode":"bus","arr":["178"],"angle":-58.3}},{"type":"Feature","geometry":{"type":"Point","coordinates":[26.081334,44.440368]},"properties":{"lines":"178","color":"#0059a9","mode":"bus","arr":["178"],"angle":72}},{"type":"Feature","geometry":{"type":"Point","coordinates":[26.094408,44.437392]},"properties":{"lines":"178","color":"#0059a9","mode":"bus","arr":["178"],"angle":57.9}},{"type":"Feature","geometry":{"type":"Point","coordinates":[26.113467,44.486565]},"properties":{"lines":"112, 135","color":"#0059a9","mode":"bus","arr":["112","135"],"angle":-54.2}},{"type":"Feature","geometry":{"type":"Point","coordinates":[26.107162,44.482573]},"properties":{"lines":"112, 135, 343, 449","color":"#0059a9","mode":"bus","arr":["112","135","343","449"],"angle":-39.1}},{"type":"Feature","geometry":{"type":"Point","coordinates":[26.10345,44.480616]},"properties":{"lines":"112, 135, 343, 449","color":"#0059a9","mode":"bus","arr":["112","135","343","449"],"angle":-29.8,"extra":1}},{"type":"Feature","geometry":{"type":"Point","coordinates":[26.101837,44.480079]},"properties":{"lines":"112, 135, 343, 449, N119","color":"#0059a9","mode":"bus","arr":["112","135","343","449","N119"],"angle":-23.2}},{"type":"Feature","geometry":{"type":"Point","coordinates":[26.096966,44.479249]},"properties":{"lines":"112","color":"#0059a9","mode":"bus","arr":["112"],"angle":-0.4}},{"type":"Feature","geometry":{"type":"Point","coordinates":[26.064408,44.499202]},"properties":{"lines":"112","color":"#0059a9","mode":"bus","arr":["112"],"angle":-15.3}},{"type":"Feature","geometry":{"type":"Point","coordinates":[26.062976,44.496018]},"properties":{"lines":"112","color":"#0059a9","mode":"bus","arr":["112"],"angle":77.6}},{"type":"Feature","geometry":{"type":"Point","coordinates":[26.060586,44.483295]},"properties":{"lines":"112","color":"#0059a9","mode":"bus","arr":["112"],"angle":37.9}},{"type":"Feature","geometry":{"type":"Point","coordinates":[26.04706,44.484138]},"properties":{"lines":"112","color":"#0059a9","mode":"bus","arr":["112"],"angle":-8.4}},{"type":"Feature","geometry":{"type":"Point","coordinates":[26.042331,44.483653]},"properties":{"lines":"112","color":"#0059a9","mode":"bus","arr":["112"],"angle":-7.7,"extra":1}},{"type":"Feature","geometry":{"type":"Point","coordinates":[26.041469,44.483576]},"properties":{"lines":"112","color":"#0059a9","mode":"bus","arr":["112"],"angle":76.9}},{"type":"Feature","geometry":{"type":"Point","coordinates":[26.068037,44.484688]},"properties":{"lines":"112","color":"#0059a9","mode":"bus","arr":["112"],"angle":76.8}},{"type":"Feature","geometry":{"type":"Point","coordinates":[26.061583,44.482528]},"properties":{"lines":"112","color":"#0059a9","mode":"bus","arr":["112"],"angle":-24.2,"extra":1}},{"type":"Feature","geometry":{"type":"Point","coordinates":[26.065309,44.488865]},"properties":{"lines":"112","color":"#0059a9","mode":"bus","arr":["112"],"angle":70.4,"extra":1}},{"type":"Feature","geometry":{"type":"Point","coordinates":[26.092198,44.4835]},"properties":{"lines":"112, 301, 301B","color":"#0059a9","mode":"bus","arr":["112","301","301B"],"angle":87}},{"type":"Feature","geometry":{"type":"Point","coordinates":[26.092416,44.480514]},"properties":{"lines":"112, 301, 301B","color":"#0059a9","mode":"bus","arr":["112","301","301B"],"angle":87.1,"extra":1}},{"type":"Feature","geometry":{"type":"Point","coordinates":[26.079345,44.494557]},"properties":{"lines":"112, 205","color":"#0059a9","mode":"bus","arr":["112","205"],"angle":22}},{"type":"Feature","geometry":{"type":"Point","coordinates":[26.072866,44.498101]},"properties":{"lines":"112, 205","color":"#0059a9","mode":"bus","arr":["112","205"],"angle":38.7}},{"type":"Feature","geometry":{"type":"Point","coordinates":[26.069235,44.499935]},"properties":{"lines":"112, 205","color":"#0059a9","mode":"bus","arr":["112","205"],"angle":9,"extra":1}},{"type":"Feature","geometry":{"type":"Point","coordinates":[26.063892,44.492496]},"properties":{"lines":"112, 331B","color":"#0059a9","mode":"bus","arr":["112","331B"],"angle":78.5}},{"type":"Feature","geometry":{"type":"Point","coordinates":[26.058257,44.484747]},"properties":{"lines":"112, 331, 331B","color":"#0059a9","mode":"bus","arr":["112","331","331B"],"angle":55.7}},{"type":"Feature","geometry":{"type":"Point","coordinates":[26.056573,44.485141]},"properties":{"lines":"112, 331, 331B","color":"#0059a9","mode":"bus","arr":["112","331","331B"],"angle":-8.7}},{"type":"Feature","geometry":{"type":"Point","coordinates":[26.035643,44.489491]},"properties":{"lines":"95, 112, N117","color":"#0059a9","mode":"bus","arr":["95","112","N117"],"angle":60.8}},{"type":"Feature","geometry":{"type":"Point","coordinates":[26.038767,44.485693]},"properties":{"lines":"95, 112, N117","color":"#0059a9","mode":"bus","arr":["95","112","N117"],"angle":60.8,"extra":1}},{"type":"Feature","geometry":{"type":"Point","coordinates":[26.032051,44.494345]},"properties":{"lines":"95, 112, N117","color":"#0059a9","mode":"bus","arr":["95","112","N117"],"angle":61.3,"extra":1}},{"type":"Feature","geometry":{"type":"Point","coordinates":[26.023258,44.485931]},"properties":{"lines":"112, 476","color":"#0059a9","mode":"bus","arr":["112","476"],"angle":-30.5}},{"type":"Feature","geometry":{"type":"Point","coordinates":[26.029317,44.493528]},"properties":{"lines":"112, 476","color":"#0059a9","mode":"bus","arr":["112","476"],"angle":-60.8,"extra":1}},{"type":"Feature","geometry":{"type":"Point","coordinates":[26.025989,44.48919]},"properties":{"lines":"112, 476","color":"#0059a9","mode":"bus","arr":["112","476"],"angle":-61.4,"extra":1}},{"type":"Feature","geometry":{"type":"Point","coordinates":[26.016074,44.487889]},"properties":{"lines":"112, 476","color":"#0059a9","mode":"bus","arr":["112","476"],"angle":29.2,"extra":1}},{"type":"Feature","geometry":{"type":"Point","coordinates":[26.010058,44.490341]},"properties":{"lines":"112, 476","color":"#0059a9","mode":"bus","arr":["112","476"],"angle":30,"extra":1}},{"type":"Feature","geometry":{"type":"Point","coordinates":[26.011098,44.491024]},"properties":{"lines":"112, 470","color":"#0059a9","mode":"bus","arr":["112","470"],"angle":-25.6}},{"type":"Feature","geometry":{"type":"Point","coordinates":[26.01375,44.49142]},"properties":{"lines":"112, 470","color":"#0059a9","mode":"bus","arr":["112","470"],"angle":9.2}},{"type":"Feature","geometry":{"type":"Point","coordinates":[26.013715,44.491493]},"properties":{"lines":"112, 470","color":"#0059a9","mode":"bus","arr":["112","470"],"angle":10.2}},{"type":"Feature","geometry":{"type":"Point","coordinates":[26.011039,44.491077]},"properties":{"lines":"112, 470","color":"#0059a9","mode":"bus","arr":["112","470"],"angle":-25}},{"type":"Feature","geometry":{"type":"Point","coordinates":[26.00617,44.492493]},"properties":{"lines":"470, 476","color":"#0059a9","mode":"bus","arr":["470","476"],"angle":42.5}},{"type":"Feature","geometry":{"type":"Point","coordinates":[26.102034,44.479968]},"properties":{"lines":"112, 135, 343, 459, N119","color":"#0059a9","mode":"bus","arr":["112","135","343","459","N119"],"angle":-23.5}},{"type":"Feature","geometry":{"type":"Point","coordinates":[26.107485,44.482607]},"properties":{"lines":"112, 135, 343, 416, 449, 450, 459, 488","color":"#0059a9","mode":"bus","arr":["112","135","343","416","449","450","459","488"],"angle":-39.3}},{"type":"Feature","geometry":{"type":"Point","coordinates":[26.11128,44.484819]},"properties":{"lines":"112, 135, 343, 416, 449, 450, 459, 488","color":"#0059a9","mode":"bus","arr":["112","135","343","416","449","450","459","488"],"angle":-39.4,"extra":1}},{"type":"Feature","geometry":{"type":"Point","coordinates":[26.110487,44.376558]},"properties":{"lines":"116, 216","color":"#0059a9","mode":"bus","arr":["116","216"],"angle":84.5}},{"type":"Feature","geometry":{"type":"Point","coordinates":[26.109914,44.382128]},"properties":{"lines":"116, 141, 216","color":"#0059a9","mode":"bus","arr":["116","141","216"],"angle":89.4}},{"type":"Feature","geometry":{"type":"Point","coordinates":[26.110097,44.379291]},"properties":{"lines":"116, 141, 216","color":"#0059a9","mode":"bus","arr":["116","141","216"],"angle":89.5,"extra":1}},{"type":"Feature","geometry":{"type":"Point","coordinates":[26.109862,44.38507]},"properties":{"lines":"116, 141, 216","color":"#0059a9","mode":"bus","arr":["116","141","216"],"angle":89.1,"extra":1}},{"type":"Feature","geometry":{"type":"Point","coordinates":[26.109886,44.392872]},"properties":{"lines":"116, 141, N112","color":"#0059a9","mode":"bus","arr":["116","141","N112"],"angle":89.7}},{"type":"Feature","geometry":{"type":"Point","coordinates":[26.109915,44.390018]},"properties":{"lines":"116, 141, N112","color":"#0059a9","mode":"bus","arr":["116","141","N112"],"angle":89.6,"extra":1}},{"type":"Feature","geometry":{"type":"Point","coordinates":[26.109746,44.39435]},"properties":{"lines":"116, 141, N112","color":"#0059a9","mode":"bus","arr":["116","141","N112"],"angle":89.8}},{"type":"Feature","geometry":{"type":"Point","coordinates":[26.108828,44.398477]},"properties":{"lines":"116, 141, N112","color":"#0059a9","mode":"bus","arr":["116","141","N112"],"angle":32.2,"extra":1}},{"type":"Feature","geometry":{"type":"Point","coordinates":[26.109799,44.388792]},"properties":{"lines":"116, 141, N112","color":"#0059a9","mode":"bus","arr":["116","141","N112"],"angle":89.8,"extra":1}},{"type":"Feature","geometry":{"type":"Point","coordinates":[26.098528,44.409927]},"properties":{"lines":"116, 323, 619, N112","color":"#0059a9","mode":"bus","arr":["116","323","619","N112"],"angle":-46.8}},{"type":"Feature","geometry":{"type":"Point","coordinates":[26.095694,44.40693]},"properties":{"lines":"116, 323, 619, N112","color":"#0059a9","mode":"bus","arr":["116","323","619","N112"],"angle":-88,"extra":1}},{"type":"Feature","geometry":{"type":"Point","coordinates":[26.101794,44.412337]},"properties":{"lines":"116, 323, 619, N112","color":"#0059a9","mode":"bus","arr":["116","323","619","N112"],"angle":-41.7,"extra":1}},{"type":"Feature","geometry":{"type":"Point","coordinates":[26.104326,44.417603]},"properties":{"lines":"73, 74, 116, 381, N105, N112","color":"#0059a9","mode":"bus","arr":["73","74","116","381","N105","N112"],"angle":86.7}},{"type":"Feature","geometry":{"type":"Point","coordinates":[26.104138,44.421809]},"properties":{"lines":"73, 74, 116, 381, N105, N107, N112","color":"#0059a9","mode":"bus","arr":["73","74","116","381","N105","N107","N112"],"angle":-88.9}},{"type":"Feature","geometry":{"type":"Point","coordinates":[26.104249,44.423836]},"properties":{"lines":"73, 74, 116, N105, N107, N112","color":"#0059a9","mode":"bus","arr":["73","74","116","N105","N107","N112"],"angle":-88.5}},{"type":"Feature","geometry":{"type":"Point","coordinates":[26.103934,44.425494]},"properties":{"lines":"73, 116, N105, N107, N112","color":"#0059a9","mode":"bus","arr":["73","116","N105","N107","N112"],"angle":88.7}},{"type":"Feature","geometry":{"type":"Point","coordinates":[26.112035,44.427212]},"properties":{"lines":"73, 116, 117, 312, 323, N106","color":"#0059a9","mode":"bus","arr":["73","116","117","312","323","N106"],"angle":-85.7}},{"type":"Feature","geometry":{"type":"Point","coordinates":[26.111315,44.430012]},"properties":{"lines":"73, 116, 117, 385, 640","color":"#0059a9","mode":"bus","arr":["73","116","117","385","640"],"angle":88.4}},{"type":"Feature","geometry":{"type":"Point","coordinates":[26.109172,44.431178]},"properties":{"lines":"73, 116, 117, 385, 640, N109","color":"#0059a9","mode":"bus","arr":["73","116","117","385","640","N109"],"angle":-34.6}},{"type":"Feature","geometry":{"type":"Point","coordinates":[26.105482,44.429496]},"properties":{"lines":"73, 116, 117, 312, 323, 385, N103, N106, N109","color":"#0059a9","mode":"bus","arr":["73","116","117","312","323","385","N103","N106","N109"],"angle":-30.8}},{"type":"Feature","geometry":{"type":"Point","coordinates":[26.101344,44.428818]},"properties":{"lines":"73, 100, 116, 117, 312, 323, N101, N102, N103, N104, N105, N106 +14","color":"#0059a9","mode":"bus","arr":["73","100","116","117","312","323","N101","N102","N103","N104","N105","N106","N107","N108","N109","N111","N112","N113","N114","N116","N117","N118","N119","N120","N121","N122"],"angle":-49.8}},{"type":"Feature","geometry":{"type":"Point","coordinates":[26.104434,44.414298]},"properties":{"lines":"116, N112","color":"#0059a9","mode":"bus","arr":["116","N112"],"angle":-87.9}},{"type":"Feature","geometry":{"type":"Point","coordinates":[26.06124,44.388001]},"properties":{"lines":"117, 227","color":"#0059a9","mode":"bus","arr":["117","227"],"angle":-56.6}},{"type":"Feature","geometry":{"type":"Point","coordinates":[26.064851,44.391876]},"properties":{"lines":"117","color":"#0059a9","mode":"bus","arr":["117"],"angle":-56.1}},{"type":"Feature","geometry":{"type":"Point","coordinates":[26.069938,44.396776]},"properties":{"lines":"117","color":"#0059a9","mode":"bus","arr":["117"],"angle":-89.6}},{"type":"Feature","geometry":{"type":"Point","coordinates":[26.069591,44.392731]},"properties":{"lines":"117","color":"#0059a9","mode":"bus","arr":["117"],"angle":14.4,"extra":1}},{"type":"Feature","geometry":{"type":"Point","coordinates":[26.073925,44.404835]},"properties":{"lines":"117, 220","color":"#0059a9","mode":"bus","arr":["117","220"],"angle":-65.6}},{"type":"Feature","geometry":{"type":"Point","coordinates":[26.07578,44.40729]},"properties":{"lines":"117, 220","color":"#0059a9","mode":"bus","arr":["117","220"],"angle":-59.3,"extra":1}},{"type":"Feature","geometry":{"type":"Point","coordinates":[26.080011,44.413242]},"properties":{"lines":"117, N118","color":"#0059a9","mode":"bus","arr":["117","N118"],"angle":-64.9}},{"type":"Feature","geometry":{"type":"Point","coordinates":[26.077902,44.410599]},"properties":{"lines":"117, N118","color":"#0059a9","mode":"bus","arr":["117","N118"],"angle":-60.3,"extra":1}},{"type":"Feature","geometry":{"type":"Point","coordinates":[26.082913,44.417176]},"properties":{"lines":"117, 196, 232, N118","color":"#0059a9","mode":"bus","arr":["117","196","232","N118"],"angle":42}},{"type":"Feature","geometry":{"type":"Point","coordinates":[26.147969,44.406003]},"properties":{"lines":"123, 135","color":"#0059a9","mode":"bus","arr":["123","135"],"angle":50.6}},{"type":"Feature","geometry":{"type":"Point","coordinates":[26.135677,44.411515]},"properties":{"lines":"123, 135, N111","color":"#0059a9","mode":"bus","arr":["123","135","N111"],"angle":54.7}},{"type":"Feature","geometry":{"type":"Point","coordinates":[26.138654,44.408991]},"properties":{"lines":"123, 135, N111","color":"#0059a9","mode":"bus","arr":["123","135","N111"],"angle":8,"extra":1}},{"type":"Feature","geometry":{"type":"Point","coordinates":[26.12303,44.42492]},"properties":{"lines":"123, N111","color":"#0059a9","mode":"bus","arr":["123","N111"],"angle":-87.1}},{"type":"Feature","geometry":{"type":"Point","coordinates":[26.076594,44.435443]},"properties":{"lines":"90, 122, 123, 137, N110, N115, N116","color":"#0059a9","mode":"bus","arr":["90","122","123","137","N110","N115","N116"],"angle":28.2}},{"type":"Feature","geometry":{"type":"Point","coordinates":[26.072691,44.437275]},"properties":{"lines":"90, 96, 123, 196, N110, N115","color":"#0059a9","mode":"bus","arr":["90","96","123","196","N110","N115"],"angle":36.4}},{"type":"Feature","geometry":{"type":"Point","coordinates":[26.070225,44.447848]},"properties":{"lines":"123, 182, 282","color":"#0059a9","mode":"bus","arr":["123","182","282"],"angle":41.9}},{"type":"Feature","geometry":{"type":"Point","coordinates":[26.072378,44.436898]},"properties":{"lines":"90, 123, N110, N115","color":"#0059a9","mode":"bus","arr":["90","123","N110","N115"],"angle":36.2}},{"type":"Feature","geometry":{"type":"Point","coordinates":[26.135662,44.36343]},"properties":{"lines":"125, 141, 220, N105","color":"#0059a9","mode":"bus","arr":["125","141","220","N105"],"angle":61.7}},{"type":"Feature","geometry":{"type":"Point","coordinates":[26.137751,44.360662]},"properties":{"lines":"125, 141, 220, N105","color":"#0059a9","mode":"bus","arr":["125","141","220","N105"],"angle":61.7,"extra":1}},{"type":"Feature","geometry":{"type":"Point","coordinates":[26.129629,44.365923]},"properties":{"lines":"125, 141, 220, 232, 241, N105","color":"#0059a9","mode":"bus","arr":["125","141","220","232","241","N105"],"angle":-29.2}},{"type":"Feature","geometry":{"type":"Point","coordinates":[26.124672,44.367731]},"properties":{"lines":"73, 74, 125, 141, 220, 241, N105","color":"#0059a9","mode":"bus","arr":["73","74","125","141","220","241","N105"],"angle":70.7}},{"type":"Feature","geometry":{"type":"Point","coordinates":[26.121879,44.373531]},"properties":{"lines":"73, 74, 125, 141, 220, N105","color":"#0059a9","mode":"bus","arr":["73","74","125","141","220","N105"],"angle":71}},{"type":"Feature","geometry":{"type":"Point","coordinates":[26.138212,44.375266]},"properties":{"lines":"125, 232, 241, 438, 475","color":"#0059a9","mode":"bus","arr":["125","232","241","438","475"],"angle":61.2}},{"type":"Feature","geometry":{"type":"Point","coordinates":[26.136347,44.377669]},"properties":{"lines":"125, 232, 241, 438, 475","color":"#0059a9","mode":"bus","arr":["125","232","241","438","475"],"angle":61.3,"extra":1}},{"type":"Feature","geometry":{"type":"Point","coordinates":[26.154336,44.354209]},"properties":{"lines":"125, 438, 475","color":"#0059a9","mode":"bus","arr":["125","438","475"],"angle":61.2}},{"type":"Feature","geometry":{"type":"Point","coordinates":[26.143368,44.36851]},"properties":{"lines":"125, 438, 475","color":"#0059a9","mode":"bus","arr":["125","438","475"],"angle":61.5,"extra":1}},{"type":"Feature","geometry":{"type":"Point","coordinates":[26.146681,44.364166]},"properties":{"lines":"125, 438, 475","color":"#0059a9","mode":"bus","arr":["125","438","475"],"angle":61.7,"extra":1}},{"type":"Feature","geometry":{"type":"Point","coordinates":[26.158744,44.348366]},"properties":{"lines":"125, 438, 475","color":"#0059a9","mode":"bus","arr":["125","438","475"],"angle":61.6,"extra":1}},{"type":"Feature","geometry":{"type":"Point","coordinates":[26.152144,44.357061]},"properties":{"lines":"125, 438, 475","color":"#0059a9","mode":"bus","arr":["125","438","475"],"angle":61.2,"extra":1}},{"type":"Feature","geometry":{"type":"Point","coordinates":[26.148825,44.361403]},"properties":{"lines":"125, 438, 475","color":"#0059a9","mode":"bus","arr":["125","438","475"],"angle":60.8,"extra":1}},{"type":"Feature","geometry":{"type":"Point","coordinates":[26.16211,44.343772]},"properties":{"lines":"125, 438, 475","color":"#0059a9","mode":"bus","arr":["125","438","475"],"angle":61,"extra":1}},{"type":"Feature","geometry":{"type":"Point","coordinates":[26.154325,44.338873]},"properties":{"lines":"125","color":"#0059a9","mode":"bus","arr":["125"],"angle":-22.6}},{"type":"Feature","geometry":{"type":"Point","coordinates":[26.160193,44.340689]},"properties":{"lines":"125","color":"#0059a9","mode":"bus","arr":["125"],"angle":-22.9,"extra":1}},{"type":"Feature","geometry":{"type":"Point","coordinates":[26.147158,44.337469]},"properties":{"lines":"125","color":"#0059a9","mode":"bus","arr":["125"],"angle":-12.8,"extra":1}},{"type":"Feature","geometry":{"type":"Point","coordinates":[26.160175,44.346545]},"properties":{"lines":"125","color":"#0059a9","mode":"bus","arr":["125"],"angle":61.5}},{"type":"Feature","geometry":{"type":"Point","coordinates":[26.102446,44.477774]},"properties":{"lines":"135, 343, 449, 459, N119","color":"#0059a9","mode":"bus","arr":["135","343","449","459","N119"],"angle":68.2}},{"type":"Feature","geometry":{"type":"Point","coordinates":[26.104679,44.470807]},"properties":{"lines":"135, N119","color":"#0059a9","mode":"bus","arr":["135","N119"],"angle":-68.5}},{"type":"Feature","geometry":{"type":"Point","coordinates":[26.100835,44.459525]},"properties":{"lines":"135","color":"#0059a9","mode":"bus","arr":["135"],"angle":-81.9}},{"type":"Feature","geometry":{"type":"Point","coordinates":[26.101594,44.463462]},"properties":{"lines":"135","color":"#0059a9","mode":"bus","arr":["135"],"angle":-82.5,"extra":1}},{"type":"Feature","geometry":{"type":"Point","coordinates":[26.100794,44.453623]},"properties":{"lines":"135","color":"#0059a9","mode":"bus","arr":["135"],"angle":87.5,"extra":1}},{"type":"Feature","geometry":{"type":"Point","coordinates":[26.101517,44.451108]},"properties":{"lines":"135","color":"#0059a9","mode":"bus","arr":["135"],"angle":63.4}},{"type":"Feature","geometry":{"type":"Point","coordinates":[26.106906,44.449241]},"properties":{"lines":"135, 605, N103","color":"#0059a9","mode":"bus","arr":["135","605","N103"],"angle":65.7}},{"type":"Feature","geometry":{"type":"Point","coordinates":[26.109246,44.446269]},"properties":{"lines":"135, 605, N103","color":"#0059a9","mode":"bus","arr":["135","605","N103"],"angle":43.4,"extra":1}},{"type":"Feature","geometry":{"type":"Point","coordinates":[26.118783,44.439213]},"properties":{"lines":"605, N103","color":"#0059a9","mode":"bus","arr":["605","N103"],"angle":-31.2}},{"type":"Feature","geometry":{"type":"Point","coordinates":[26.127584,44.440202]},"properties":{"lines":"86, 135, 311, 655, N102, N120","color":"#0059a9","mode":"bus","arr":["86","135","311","655","N102","N120"],"angle":-14.6}},{"type":"Feature","geometry":{"type":"Point","coordinates":[26.129,44.424824]},"properties":{"lines":"N122","color":"#0059a9","mode":"bus","arr":["N122"],"angle":43.1}},{"type":"Feature","geometry":{"type":"Point","coordinates":[26.131629,44.421693]},"properties":{"lines":"N122","color":"#0059a9","mode":"bus","arr":["N122"],"angle":48.3}},{"type":"Feature","geometry":{"type":"Point","coordinates":[26.129421,44.424531]},"properties":{"lines":"N122","color":"#0059a9","mode":"bus","arr":["N122"],"angle":56.4,"extra":1}},{"type":"Feature","geometry":{"type":"Point","coordinates":[26.129166,44.426177]},"properties":{"lines":"N122","color":"#0059a9","mode":"bus","arr":["N122"],"angle":5.3}},{"type":"Feature","geometry":{"type":"Point","coordinates":[25.966668,44.437398]},"properties":{"lines":"137, 429, 432, 433","color":"#0059a9","mode":"bus","arr":["137","429","432","433"],"angle":90}},{"type":"Feature","geometry":{"type":"Point","coordinates":[25.962703,44.438237]},"properties":{"lines":"137, 429, 432, 433","color":"#0059a9","mode":"bus","arr":["137","429","432","433"],"angle":-3.7,"extra":1}},{"type":"Feature","geometry":{"type":"Point","coordinates":[25.960222,44.436799]},"properties":{"lines":"137, 429, 432, 433","color":"#0059a9","mode":"bus","arr":["137","429","432","433"],"angle":6.4}},{"type":"Feature","geometry":{"type":"Point","coordinates":[25.962766,44.437261]},"properties":{"lines":"137, 429, 432, 433","color":"#0059a9","mode":"bus","arr":["137","429","432","433"],"angle":82.6}},{"type":"Feature","geometry":{"type":"Point","coordinates":[25.959336,44.436496]},"properties":{"lines":"137","color":"#0059a9","mode":"bus","arr":["137"],"angle":-3.2}},{"type":"Feature","geometry":{"type":"Point","coordinates":[25.958331,44.435777]},"properties":{"lines":"137","color":"#0059a9","mode":"bus","arr":["137"],"angle":-65.8}},{"type":"Feature","geometry":{"type":"Point","coordinates":[25.958397,44.435747]},"properties":{"lines":"137","color":"#0059a9","mode":"bus","arr":["137"],"angle":-65.6}},{"type":"Feature","geometry":{"type":"Point","coordinates":[25.958987,44.436848]},"properties":{"lines":"137","color":"#0059a9","mode":"bus","arr":["137"],"angle":-35.9}},{"type":"Feature","geometry":{"type":"Point","coordinates":[25.968628,44.436111]},"properties":{"lines":"137, 429, 431, 432, 433","color":"#0059a9","mode":"bus","arr":["137","429","431","432","433"],"angle":6.6}},{"type":"Feature","geometry":{"type":"Point","coordinates":[25.964396,44.436474]},"properties":{"lines":"137, 429, 431, 432, 433","color":"#0059a9","mode":"bus","arr":["137","429","431","432","433"],"angle":7,"extra":1}},{"type":"Feature","geometry":{"type":"Point","coordinates":[25.970511,44.436064]},"properties":{"lines":"137, 429, 431, 432, 433","color":"#0059a9","mode":"bus","arr":["137","429","431","432","433"],"angle":6.6}},{"type":"Feature","geometry":{"type":"Point","coordinates":[25.965571,44.436482]},"properties":{"lines":"137, 429, 431, 432, 433","color":"#0059a9","mode":"bus","arr":["137","429","431","432","433"],"angle":7.2,"extra":1}},{"type":"Feature","geometry":{"type":"Point","coordinates":[26.014892,44.426919]},"properties":{"lines":"137, 138","color":"#0059a9","mode":"bus","arr":["137","138"],"angle":-84.8}},{"type":"Feature","geometry":{"type":"Point","coordinates":[26.021142,44.42648]},"properties":{"lines":"137, 138","color":"#0059a9","mode":"bus","arr":["137","138"],"angle":-6.6,"extra":1}},{"type":"Feature","geometry":{"type":"Point","coordinates":[26.017757,44.430434]},"properties":{"lines":"137, 138","color":"#0059a9","mode":"bus","arr":["137","138"],"angle":-57.9,"extra":1}},{"type":"Feature","geometry":{"type":"Point","coordinates":[26.07603,44.436696]},"properties":{"lines":"96, 122, 137, 163, 168, 196, 226, 368, N121","color":"#0059a9","mode":"bus","arr":["96","122","137","163","168","196","226","368","N121"],"angle":-44}},{"type":"Feature","geometry":{"type":"Point","coordinates":[26.079426,44.439004]},"properties":{"lines":"122, 137, 168, 226, 368, N121","color":"#0059a9","mode":"bus","arr":["122","137","168","226","368","N121"],"angle":-44.2}},{"type":"Feature","geometry":{"type":"Point","coordinates":[26.084154,44.440132]},"properties":{"lines":"122, 137, 168, 178, 226, 368, N121","color":"#0059a9","mode":"bus","arr":["122","137","168","178","226","368","N121"],"angle":-3.8}},{"type":"Feature","geometry":{"type":"Point","coordinates":[26.090005,44.439873]},"properties":{"lines":"122, 137, 168, 178, 226, 311, 368, N121","color":"#0059a9","mode":"bus","arr":["122","137","168","178","226","311","368","N121"],"angle":-7.2}},{"type":"Feature","geometry":{"type":"Point","coordinates":[26.093936,44.438733]},"properties":{"lines":"178, N121","color":"#0059a9","mode":"bus","arr":["178","N121"],"angle":65.3}},{"type":"Feature","geometry":{"type":"Point","coordinates":[26.094508,44.440342]},"properties":{"lines":"122, 137, 168, 226, 311, 368, N121","color":"#0059a9","mode":"bus","arr":["122","137","168","226","311","368","N121"],"angle":-21.5}},{"type":"Feature","geometry":{"type":"Point","coordinates":[26.090598,44.446144]},"properties":{"lines":"205, City Tour","color":"#0059a9","mode":"bus","arr":["205","City Tour"],"angle":65.5}},{"type":"Feature","geometry":{"type":"Point","coordinates":[26.093621,44.442647]},"properties":{"lines":"205, City Tour","color":"#0059a9","mode":"bus","arr":["205","City Tour"],"angle":58.1,"extra":1}},{"type":"Feature","geometry":{"type":"Point","coordinates":[26.086789,44.451227]},"properties":{"lines":"205, City Tour","color":"#0059a9","mode":"bus","arr":["205","City Tour"],"angle":55.9,"extra":1}},{"type":"Feature","geometry":{"type":"Point","coordinates":[26.097249,44.432433]},"properties":{"lines":"205, City Tour","color":"#0059a9","mode":"bus","arr":["205","City Tour"],"angle":-70.7,"extra":1}},{"type":"Feature","geometry":{"type":"Point","coordinates":[26.09616,44.44034]},"properties":{"lines":"122, 137, 168, 205, 226, 311, 368, City Tour, N121","color":"#0059a9","mode":"bus","arr":["122","137","168","205","226","311","368","City Tour","N121"],"angle":50}},{"type":"Feature","geometry":{"type":"Point","coordinates":[26.09809,44.440341]},"properties":{"lines":"122, 137, 311, N121","color":"#0059a9","mode":"bus","arr":["122","137","311","N121"],"angle":-25}},{"type":"Feature","geometry":{"type":"Point","coordinates":[26.100999,44.438125]},"properties":{"lines":"100, 122, 137, 381, N113, N117, N119, N121","color":"#0059a9","mode":"bus","arr":["100","122","137","381","N113","N117","N119","N121"],"angle":69.8}},{"type":"Feature","geometry":{"type":"Point","coordinates":[26.069123,44.431957]},"properties":{"lines":"122, 137, 168, 196, 226, 368, N116, N121","color":"#0059a9","mode":"bus","arr":["122","137","168","196","226","368","N116","N121"],"angle":-44.4}},{"type":"Feature","geometry":{"type":"Point","coordinates":[25.985256,44.440762]},"properties":{"lines":"138","color":"#0059a9","mode":"bus","arr":["138"],"angle":87.2}},{"type":"Feature","geometry":{"type":"Point","coordinates":[25.98558,44.439366]},"properties":{"lines":"138","color":"#0059a9","mode":"bus","arr":["138"],"angle":3.7}},{"type":"Feature","geometry":{"type":"Point","coordinates":[25.985765,44.44174]},"properties":{"lines":"138, 478, 483","color":"#0059a9","mode":"bus","arr":["138","478","483"],"angle":-3.3}},{"type":"Feature","geometry":{"type":"Point","coordinates":[25.987301,44.438535]},"properties":{"lines":"138, 478","color":"#0059a9","mode":"bus","arr":["138","478"],"angle":89.1}},{"type":"Feature","geometry":{"type":"Point","coordinates":[26.02488,44.424901]},"properties":{"lines":"138, N121","color":"#0059a9","mode":"bus","arr":["138","N121"],"angle":83.4}},{"type":"Feature","geometry":{"type":"Point","coordinates":[26.035826,44.412121]},"properties":{"lines":"138, 221","color":"#0059a9","mode":"bus","arr":["138","221"],"angle":79.1}},{"type":"Feature","geometry":{"type":"Point","coordinates":[26.035354,44.410036]},"properties":{"lines":"138, 221","color":"#0059a9","mode":"bus","arr":["138","221"],"angle":20.7}},{"type":"Feature","geometry":{"type":"Point","coordinates":[26.076425,44.400146]},"properties":{"lines":"139, 220","color":"#0059a9","mode":"bus","arr":["139","220"],"angle":-12.6}},{"type":"Feature","geometry":{"type":"Point","coordinates":[26.083357,44.397765]},"properties":{"lines":"139, 220","color":"#0059a9","mode":"bus","arr":["139","220"],"angle":80.6,"extra":1}},{"type":"Feature","geometry":{"type":"Point","coordinates":[26.071548,44.400331]},"properties":{"lines":"139, 220","color":"#0059a9","mode":"bus","arr":["139","220"],"angle":51,"extra":1}},{"type":"Feature","geometry":{"type":"Point","coordinates":[26.066416,44.404799]},"properties":{"lines":"139, 220, 227","color":"#0059a9","mode":"bus","arr":["139","220","227"],"angle":43.9}},{"type":"Feature","geometry":{"type":"Point","coordinates":[26.061418,44.40706]},"properties":{"lines":"139, 226","color":"#0059a9","mode":"bus","arr":["139","226"],"angle":16.1}},{"type":"Feature","geometry":{"type":"Point","coordinates":[26.061155,44.413254]},"properties":{"lines":"139, 226, 484","color":"#0059a9","mode":"bus","arr":["139","226","484"],"angle":-73}},{"type":"Feature","geometry":{"type":"Point","coordinates":[26.059756,44.409986]},"properties":{"lines":"139, 226, 484","color":"#0059a9","mode":"bus","arr":["139","226","484"],"angle":-72.9,"extra":1}},{"type":"Feature","geometry":{"type":"Point","coordinates":[26.059638,44.423236]},"properties":{"lines":"96, 139, 487","color":"#0059a9","mode":"bus","arr":["96","139","487"],"angle":-84.3}},{"type":"Feature","geometry":{"type":"Point","coordinates":[26.059137,44.426222]},"properties":{"lines":"139, 487","color":"#0059a9","mode":"bus","arr":["139","487"],"angle":-10.6}},{"type":"Feature","geometry":{"type":"Point","coordinates":[26.05916,44.432508]},"properties":{"lines":"63, 139","color":"#0059a9","mode":"bus","arr":["63","139"],"angle":90}},{"type":"Feature","geometry":{"type":"Point","coordinates":[26.064993,44.40467]},"properties":{"lines":"139","color":"#0059a9","mode":"bus","arr":["139"],"angle":61.7}},{"type":"Feature","geometry":{"type":"Point","coordinates":[26.090261,44.401352]},"properties":{"lines":"141","color":"#0059a9","mode":"bus","arr":["141"],"angle":-26.6}},{"type":"Feature","geometry":{"type":"Point","coordinates":[26.093627,44.40302]},"properties":{"lines":"141","color":"#0059a9","mode":"bus","arr":["141"],"angle":-36.1,"extra":1}},{"type":"Feature","geometry":{"type":"Point","coordinates":[26.111003,44.376341]},"properties":{"lines":"141","color":"#0059a9","mode":"bus","arr":["141"],"angle":28.3}},{"type":"Feature","geometry":{"type":"Point","coordinates":[26.150497,44.44039]},"properties":{"lines":"85, 90, 143","color":"#0059a9","mode":"bus","arr":["85","90","143"],"angle":80.5}},{"type":"Feature","geometry":{"type":"Point","coordinates":[26.145935,44.444006]},"properties":{"lines":"101, 143","color":"#0059a9","mode":"bus","arr":["101","143"],"angle":8.3}},{"type":"Feature","geometry":{"type":"Point","coordinates":[26.148382,44.449669]},"properties":{"lines":"143, N120","color":"#0059a9","mode":"bus","arr":["143","N120"],"angle":51}},{"type":"Feature","geometry":{"type":"Point","coordinates":[26.142468,44.453528]},"properties":{"lines":"143, N120","color":"#0059a9","mode":"bus","arr":["143","N120"],"angle":36.6,"extra":1}},{"type":"Feature","geometry":{"type":"Point","coordinates":[26.144893,44.44744]},"properties":{"lines":"143, N120","color":"#0059a9","mode":"bus","arr":["143","N120"],"angle":-50.9,"extra":1}},{"type":"Feature","geometry":{"type":"Point","coordinates":[26.137824,44.458311]},"properties":{"lines":"143, 243, N120","color":"#0059a9","mode":"bus","arr":["143","243","N120"],"angle":49.3}},{"type":"Feature","geometry":{"type":"Point","coordinates":[26.003084,44.472899]},"properties":{"lines":"162, 163","color":"#0059a9","mode":"bus","arr":["162","163"],"angle":-35.8}},{"type":"Feature","geometry":{"type":"Point","coordinates":[26.056929,44.446058]},"properties":{"lines":"162, 163","color":"#0059a9","mode":"bus","arr":["162","163"],"angle":29.5}},{"type":"Feature","geometry":{"type":"Point","coordinates":[26.053834,44.4514]},"properties":{"lines":"162, 163","color":"#0059a9","mode":"bus","arr":["162","163"],"angle":24.6}},{"type":"Feature","geometry":{"type":"Point","coordinates":[26.010014,44.467591]},"properties":{"lines":"163","color":"#0059a9","mode":"bus","arr":["163"],"angle":52.8}},{"type":"Feature","geometry":{"type":"Point","coordinates":[26.003682,44.469958]},"properties":{"lines":"163","color":"#0059a9","mode":"bus","arr":["163"],"angle":-5.1,"extra":1}},{"type":"Feature","geometry":{"type":"Point","coordinates":[26.013744,44.466507]},"properties":{"lines":"163","color":"#0059a9","mode":"bus","arr":["163"],"angle":22.1,"extra":1}},{"type":"Feature","geometry":{"type":"Point","coordinates":[26.019366,44.469226]},"properties":{"lines":"163","color":"#0059a9","mode":"bus","arr":["163"],"angle":-36.9,"extra":1}},{"type":"Feature","geometry":{"type":"Point","coordinates":[26.001147,44.47388]},"properties":{"lines":"163","color":"#0059a9","mode":"bus","arr":["163"],"angle":-16.9}},{"type":"Feature","geometry":{"type":"Point","coordinates":[26.065513,44.446816]},"properties":{"lines":"163","color":"#0059a9","mode":"bus","arr":["163"],"angle":32.9}},{"type":"Feature","geometry":{"type":"Point","coordinates":[26.012126,44.474819]},"properties":{"lines":"162","color":"#0059a9","mode":"bus","arr":["162"],"angle":23}},{"type":"Feature","geometry":{"type":"Point","coordinates":[26.005539,44.477058]},"properties":{"lines":"162","color":"#0059a9","mode":"bus","arr":["162"],"angle":-22.5,"extra":1}},{"type":"Feature","geometry":{"type":"Point","coordinates":[26.017723,44.472709]},"properties":{"lines":"162","color":"#0059a9","mode":"bus","arr":["162"],"angle":41.5,"extra":1}},{"type":"Feature","geometry":{"type":"Point","coordinates":[26.000341,44.471215]},"properties":{"lines":"162","color":"#0059a9","mode":"bus","arr":["162"],"angle":52.9}},{"type":"Feature","geometry":{"type":"Point","coordinates":[26.037228,44.465621]},"properties":{"lines":"162, 163, N110","color":"#0059a9","mode":"bus","arr":["162","163","N110"],"angle":37}},{"type":"Feature","geometry":{"type":"Point","coordinates":[26.02568,44.469301]},"properties":{"lines":"162, 163, N110","color":"#0059a9","mode":"bus","arr":["162","163","N110"],"angle":23.3,"extra":1}},{"type":"Feature","geometry":{"type":"Point","coordinates":[26.032034,44.46733]},"properties":{"lines":"162, 163, N110","color":"#0059a9","mode":"bus","arr":["162","163","N110"],"angle":23.4,"extra":1}},{"type":"Feature","geometry":{"type":"Point","coordinates":[26.0406,44.461259]},"properties":{"lines":"162, 163, N110","color":"#0059a9","mode":"bus","arr":["162","163","N110"],"angle":-80.6,"extra":1}},{"type":"Feature","geometry":{"type":"Point","coordinates":[26.042309,44.456745]},"properties":{"lines":"162, 163, N110","color":"#0059a9","mode":"bus","arr":["162","163","N110"],"angle":55.1,"extra":1}},{"type":"Feature","geometry":{"type":"Point","coordinates":[26.039767,44.464368]},"properties":{"lines":"162, 163, N110","color":"#0059a9","mode":"bus","arr":["162","163","N110"],"angle":37.7}},{"type":"Feature","geometry":{"type":"Point","coordinates":[26.044938,44.454202]},"properties":{"lines":"162, 163, N110","color":"#0059a9","mode":"bus","arr":["162","163","N110"],"angle":55,"extra":1}},{"type":"Feature","geometry":{"type":"Point","coordinates":[26.041005,44.458271]},"properties":{"lines":"162, 163, N110","color":"#0059a9","mode":"bus","arr":["162","163","N110"],"angle":56.3,"extra":1}},{"type":"Feature","geometry":{"type":"Point","coordinates":[26.036579,44.46601]},"properties":{"lines":"162, 163, N110","color":"#0059a9","mode":"bus","arr":["162","163","N110"],"angle":24.3,"extra":1}},{"type":"Feature","geometry":{"type":"Point","coordinates":[26.030219,44.46797]},"properties":{"lines":"162, 163, N110","color":"#0059a9","mode":"bus","arr":["162","163","N110"],"angle":23.5,"extra":1}},{"type":"Feature","geometry":{"type":"Point","coordinates":[26.023861,44.469933]},"properties":{"lines":"162, 163, N110","color":"#0059a9","mode":"bus","arr":["162","163","N110"],"angle":19.3,"extra":1}},{"type":"Feature","geometry":{"type":"Point","coordinates":[26.064046,44.447524]},"properties":{"lines":"162, 178","color":"#0059a9","mode":"bus","arr":["162","178"],"angle":-42.5}},{"type":"Feature","geometry":{"type":"Point","coordinates":[26.07481,44.439168]},"properties":{"lines":"85, 96, 163, 196","color":"#0059a9","mode":"bus","arr":["85","96","163","196"],"angle":37}},{"type":"Feature","geometry":{"type":"Point","coordinates":[26.077087,44.43768]},"properties":{"lines":"96, 163, 196","color":"#0059a9","mode":"bus","arr":["96","163","196"],"angle":88.9}},{"type":"Feature","geometry":{"type":"Point","coordinates":[26.074012,44.439743]},"properties":{"lines":"85, 163","color":"#0059a9","mode":"bus","arr":["85","163"],"angle":34.6}},{"type":"Feature","geometry":{"type":"Point","coordinates":[26.026842,44.439896]},"properties":{"lines":"178, 434, 483","color":"#0059a9","mode":"bus","arr":["178","434","483"],"angle":32.7}},{"type":"Feature","geometry":{"type":"Point","coordinates":[26.022226,44.442006]},"properties":{"lines":"178, 434, 483","color":"#0059a9","mode":"bus","arr":["178","434","483"],"angle":31.3,"extra":1}},{"type":"Feature","geometry":{"type":"Point","coordinates":[26.033889,44.436667]},"properties":{"lines":"178, 434, 483","color":"#0059a9","mode":"bus","arr":["178","434","483"],"angle":32.7,"extra":1}},{"type":"Feature","geometry":{"type":"Point","coordinates":[26.081105,44.444266]},"properties":{"lines":"178, 642","color":"#0059a9","mode":"bus","arr":["178","642"],"angle":-82.3}},{"type":"Feature","geometry":{"type":"Point","coordinates":[26.08083,44.441706]},"properties":{"lines":"168, 178, 226, 368, N121","color":"#0059a9","mode":"bus","arr":["168","178","226","368","N121"],"angle":76.4}},{"type":"Feature","geometry":{"type":"Point","coordinates":[26.091228,44.442557]},"properties":{"lines":"178, 368, N121","color":"#0059a9","mode":"bus","arr":["178","368","N121"],"angle":44}},{"type":"Feature","geometry":{"type":"Point","coordinates":[26.023113,44.405707]},"properties":{"lines":"185","color":"#0059a9","mode":"bus","arr":["185"],"angle":-56}},{"type":"Feature","geometry":{"type":"Point","coordinates":[26.016046,44.405284]},"properties":{"lines":"185","color":"#0059a9","mode":"bus","arr":["185"],"angle":32.9,"extra":1}},{"type":"Feature","geometry":{"type":"Point","coordinates":[26.02536,44.408005]},"properties":{"lines":"185","color":"#0059a9","mode":"bus","arr":["185"],"angle":-55,"extra":1}},{"type":"Feature","geometry":{"type":"Point","coordinates":[26.029335,44.412056]},"properties":{"lines":"185","color":"#0059a9","mode":"bus","arr":["185"],"angle":-55,"extra":1}},{"type":"Feature","geometry":{"type":"Point","coordinates":[26.046283,44.415362]},"properties":{"lines":"122, 185, 232, 385, 422, 423, 425, 425B, 426, 427, 428, N101","color":"#0059a9","mode":"bus","arr":["122","185","232","385","422","423","425","425B","426","427","428","N101"],"angle":-7.1}},{"type":"Feature","geometry":{"type":"Point","coordinates":[26.032914,44.413792]},"properties":{"lines":"122, 185, 222, 385, 422, 423, 425, 425B, N101","color":"#0059a9","mode":"bus","arr":["122","185","222","385","422","423","425","425B","N101"],"angle":-9.4}},{"type":"Feature","geometry":{"type":"Point","coordinates":[26.030475,44.41364]},"properties":{"lines":"122, 185, 322, 385, 422, 423, 425, 425B, 485, N101","color":"#0059a9","mode":"bus","arr":["122","185","322","385","422","423","425","425B","485","N101"],"angle":-9.7}},{"type":"Feature","geometry":{"type":"Point","coordinates":[26.024888,44.412931]},"properties":{"lines":"122, 185, 222, 322, 368, 385, 422, 423, 425, 425B, 485, N101","color":"#0059a9","mode":"bus","arr":["122","185","222","322","368","385","422","423","425","425B","485","N101"],"angle":-10}},{"type":"Feature","geometry":{"type":"Point","coordinates":[26.02061,44.412395]},"properties":{"lines":"122, 222, 322, 368, 385, 422, 423, 425, 425B, N101","color":"#0059a9","mode":"bus","arr":["122","222","322","368","385","422","423","425","425B","N101"],"angle":-9.9}},{"type":"Feature","geometry":{"type":"Point","coordinates":[26.020336,44.410221]},"properties":{"lines":"185, 485","color":"#0059a9","mode":"bus","arr":["185","485"],"angle":-52.7}},{"type":"Feature","geometry":{"type":"Point","coordinates":[26.01732,44.40725]},"properties":{"lines":"185, 485","color":"#0059a9","mode":"bus","arr":["185","485"],"angle":-55,"extra":1}},{"type":"Feature","geometry":{"type":"Point","coordinates":[26.024109,44.503931]},"properties":{"lines":"205, 304, 436, 476","color":"#0059a9","mode":"bus","arr":["205","304","436","476"],"angle":-19.3}},{"type":"Feature","geometry":{"type":"Point","coordinates":[26.025797,44.503551]},"properties":{"lines":"95, 205, 304, 436, 476, N117","color":"#0059a9","mode":"bus","arr":["95","205","304","436","476","N117"],"angle":65.2}},{"type":"Feature","geometry":{"type":"Point","coordinates":[26.025325,44.503018]},"properties":{"lines":"205, 304, 436","color":"#0059a9","mode":"bus","arr":["205","304","436"],"angle":69.2}},{"type":"Feature","geometry":{"type":"Point","coordinates":[26.025349,44.504658]},"properties":{"lines":"205, 304, 436","color":"#0059a9","mode":"bus","arr":["205","304","436"],"angle":-80.8}},{"type":"Feature","geometry":{"type":"Point","coordinates":[26.042278,44.50428]},"properties":{"lines":"205, 435","color":"#0059a9","mode":"bus","arr":["205","435"],"angle":10.3}},{"type":"Feature","geometry":{"type":"Point","coordinates":[26.0553,44.502651]},"properties":{"lines":"205, 435","color":"#0059a9","mode":"bus","arr":["205","435"],"angle":10.2,"extra":1}},{"type":"Feature","geometry":{"type":"Point","coordinates":[26.048473,44.50349]},"properties":{"lines":"205, 435","color":"#0059a9","mode":"bus","arr":["205","435"],"angle":9.5,"extra":1}},{"type":"Feature","geometry":{"type":"Point","coordinates":[26.034935,44.50544]},"properties":{"lines":"205, 435","color":"#0059a9","mode":"bus","arr":["205","435"],"angle":7.9,"extra":1}},{"type":"Feature","geometry":{"type":"Point","coordinates":[26.028079,44.506147]},"properties":{"lines":"205, 435","color":"#0059a9","mode":"bus","arr":["205","435"],"angle":8.6,"extra":1}},{"type":"Feature","geometry":{"type":"Point","coordinates":[26.062461,44.501149]},"properties":{"lines":"205","color":"#0059a9","mode":"bus","arr":["205"],"angle":33.6}},{"type":"Feature","geometry":{"type":"Point","coordinates":[26.08971,44.434059]},"properties":{"lines":"205","color":"#0059a9","mode":"bus","arr":["205"],"angle":-87.3}},{"type":"Feature","geometry":{"type":"Point","coordinates":[26.084478,44.442881]},"properties":{"lines":"205","color":"#0059a9","mode":"bus","arr":["205"],"angle":55.7}},{"type":"Feature","geometry":{"type":"Point","coordinates":[26.084566,44.489068]},"properties":{"lines":"205","color":"#0059a9","mode":"bus","arr":["205"],"angle":-79}},{"type":"Feature","geometry":{"type":"Point","coordinates":[26.077433,44.486377]},"properties":{"lines":"100, 196, 203, 205, 304, 335, 403, 441, 441B, 442, 443, 443B +6","color":"#0059a9","mode":"bus","arr":["100","196","203","205","304","335","403","441","441B","442","443","443B","444","446","447","447B","448","477"],"angle":-67.8}},{"type":"Feature","geometry":{"type":"Point","coordinates":[26.079014,44.492017]},"properties":{"lines":"100, 196, 203, 205, 304, 335, 403, 441, 441B, 442, 443, 443B +6","color":"#0059a9","mode":"bus","arr":["100","196","203","205","304","335","403","441","441B","442","443","443B","444","446","447","447B","448","477"],"angle":88.8,"extra":1}},{"type":"Feature","geometry":{"type":"Point","coordinates":[26.075214,44.482635]},"properties":{"lines":"100, 196, 203, 205, 304, 335, 403, 441, 441B, 442, 443, 443B +6","color":"#0059a9","mode":"bus","arr":["100","196","203","205","304","335","403","441","441B","442","443","443B","444","446","447","447B","448","477"],"angle":-66.9,"extra":1}},{"type":"Feature","geometry":{"type":"Point","coordinates":[26.072791,44.477518]},"properties":{"lines":"100, 203, 205, 331, 331B, 335","color":"#0059a9","mode":"bus","arr":["100","203","205","331","331B","335"],"angle":61.1}},{"type":"Feature","geometry":{"type":"Point","coordinates":[26.075475,44.472487]},"properties":{"lines":"100, 203, 205, 331, 331B, 335, City Tour","color":"#0059a9","mode":"bus","arr":["100","203","205","331","331B","335","City Tour"],"angle":70.3}},{"type":"Feature","geometry":{"type":"Point","coordinates":[26.07686,44.469706]},"properties":{"lines":"100, 203, 205, 331, 331B, 335, City Tour","color":"#0059a9","mode":"bus","arr":["100","203","205","331","331B","335","City Tour"],"angle":70.4,"extra":1}},{"type":"Feature","geometry":{"type":"Point","coordinates":[26.075765,44.471563]},"properties":{"lines":"100","color":"#0059a9","mode":"bus","arr":["100"],"angle":70.5}},{"type":"Feature","geometry":{"type":"Point","coordinates":[26.077184,44.468705]},"properties":{"lines":"100","color":"#0059a9","mode":"bus","arr":["100"],"angle":70.5,"extra":1}},{"type":"Feature","geometry":{"type":"Point","coordinates":[26.08167,44.505261]},"properties":{"lines":"100","color":"#0059a9","mode":"bus","arr":["100"],"angle":-77.7}},{"type":"Feature","geometry":{"type":"Point","coordinates":[26.080825,44.512795]},"properties":{"lines":"100","color":"#0059a9","mode":"bus","arr":["100"],"angle":74.4,"extra":1}},{"type":"Feature","geometry":{"type":"Point","coordinates":[26.07707,44.568608]},"properties":{"lines":"100","color":"#0059a9","mode":"bus","arr":["100"],"angle":-55.3}},{"type":"Feature","geometry":{"type":"Point","coordinates":[26.081257,44.460875]},"properties":{"lines":"100, 203, 205, City Tour","color":"#0059a9","mode":"bus","arr":["100","203","205","City Tour"],"angle":70.5}},{"type":"Feature","geometry":{"type":"Point","coordinates":[26.079377,44.464656]},"properties":{"lines":"100, 203, 205, City Tour","color":"#0059a9","mode":"bus","arr":["100","203","205","City Tour"],"angle":70.4,"extra":1}},{"type":"Feature","geometry":{"type":"Point","coordinates":[26.084103,44.455358]},"properties":{"lines":"100, 203, 205, City Tour","color":"#0059a9","mode":"bus","arr":["100","203","205","City Tour"],"angle":67.1,"extra":1}},{"type":"Feature","geometry":{"type":"Point","coordinates":[26.08624,44.459813]},"properties":{"lines":"100, 203, 205, City Tour","color":"#0059a9","mode":"bus","arr":["100","203","205","City Tour"],"angle":-85.8}},{"type":"Feature","geometry":{"type":"Point","coordinates":[26.086064,44.4563]},"properties":{"lines":"100, 203, 205, City Tour","color":"#0059a9","mode":"bus","arr":["100","203","205","City Tour"],"angle":-89.9,"extra":1}},{"type":"Feature","geometry":{"type":"Point","coordinates":[26.085258,44.453336]},"properties":{"lines":"100, 205, City Tour","color":"#0059a9","mode":"bus","arr":["100","205","City Tour"],"angle":71.9}},{"type":"Feature","geometry":{"type":"Point","coordinates":[26.086208,44.453059]},"properties":{"lines":"100, 205, City Tour","color":"#0059a9","mode":"bus","arr":["100","205","City Tour"],"angle":78.7}},{"type":"Feature","geometry":{"type":"Point","coordinates":[26.096806,44.439609]},"properties":{"lines":"168, 205, 226, 368, City Tour","color":"#0059a9","mode":"bus","arr":["168","205","226","368","City Tour"],"angle":67}},{"type":"Feature","geometry":{"type":"Point","coordinates":[26.097231,44.438214]},"properties":{"lines":"205, 311, City Tour, N121","color":"#0059a9","mode":"bus","arr":["205","311","City Tour","N121"],"angle":76}},{"type":"Feature","geometry":{"type":"Point","coordinates":[26.097872,44.435983]},"properties":{"lines":"205, 311, City Tour","color":"#0059a9","mode":"bus","arr":["205","311","City Tour"],"angle":89.9}},{"type":"Feature","geometry":{"type":"Point","coordinates":[26.087457,44.438571]},"properties":{"lines":"205, 311","color":"#0059a9","mode":"bus","arr":["205","311"],"angle":68.1}},{"type":"Feature","geometry":{"type":"Point","coordinates":[26.08285,44.448626]},"properties":{"lines":"205, 642","color":"#0059a9","mode":"bus","arr":["205","642"],"angle":-68.8}},{"type":"Feature","geometry":{"type":"Point","coordinates":[26.085433,44.451902]},"properties":{"lines":"205, 381, N113","color":"#0059a9","mode":"bus","arr":["205","381","N113"],"angle":0}},{"type":"Feature","geometry":{"type":"Point","coordinates":[26.082186,44.466665]},"properties":{"lines":"100, 203, 205, 282, 331, 331B, 335, City Tour","color":"#0059a9","mode":"bus","arr":["100","203","205","282","331","331B","335","City Tour"],"angle":10}},{"type":"Feature","geometry":{"type":"Point","coordinates":[25.973676,44.54297]},"properties":{"lines":"436","color":"#0059a9","mode":"bus","arr":["436"],"angle":27.4}},{"type":"Feature","geometry":{"type":"Point","coordinates":[26.00358,44.525483]},"properties":{"lines":"436","color":"#0059a9","mode":"bus","arr":["436"],"angle":54.4,"extra":1}},{"type":"Feature","geometry":{"type":"Point","coordinates":[25.996161,44.533015]},"properties":{"lines":"436","color":"#0059a9","mode":"bus","arr":["436"],"angle":54.7,"extra":1}},{"type":"Feature","geometry":{"type":"Point","coordinates":[25.991009,44.53606]},"properties":{"lines":"436","color":"#0059a9","mode":"bus","arr":["436"],"angle":18,"extra":1}},{"type":"Feature","geometry":{"type":"Point","coordinates":[25.984927,44.538393]},"properties":{"lines":"436","color":"#0059a9","mode":"bus","arr":["436"],"angle":34.4,"extra":1}},{"type":"Feature","geometry":{"type":"Point","coordinates":[25.979067,44.541001]},"properties":{"lines":"436","color":"#0059a9","mode":"bus","arr":["436"],"angle":27.3,"extra":1}},{"type":"Feature","geometry":{"type":"Point","coordinates":[25.966975,44.545769]},"properties":{"lines":"436","color":"#0059a9","mode":"bus","arr":["436"],"angle":42.9,"extra":1}},{"type":"Feature","geometry":{"type":"Point","coordinates":[25.962458,44.549483]},"properties":{"lines":"436","color":"#0059a9","mode":"bus","arr":["436"],"angle":58.7,"extra":1}},{"type":"Feature","geometry":{"type":"Point","coordinates":[25.958543,44.553561]},"properties":{"lines":"436","color":"#0059a9","mode":"bus","arr":["436"],"angle":53.8,"extra":1}},{"type":"Feature","geometry":{"type":"Point","coordinates":[25.953349,44.556774]},"properties":{"lines":"436","color":"#0059a9","mode":"bus","arr":["436"],"angle":37.1,"extra":1}},{"type":"Feature","geometry":{"type":"Point","coordinates":[26.013788,44.417272]},"properties":{"lines":"221","color":"#0059a9","mode":"bus","arr":["221"],"angle":80}},{"type":"Feature","geometry":{"type":"Point","coordinates":[26.013117,44.419992]},"properties":{"lines":"93, 221","color":"#0059a9","mode":"bus","arr":["93","221"],"angle":80}},{"type":"Feature","geometry":{"type":"Point","coordinates":[25.980544,44.407049]},"properties":{"lines":"122, 222","color":"#0059a9","mode":"bus","arr":["122","222"],"angle":-7.6}},{"type":"Feature","geometry":{"type":"Point","coordinates":[25.978895,44.407114]},"properties":{"lines":"122, 222","color":"#0059a9","mode":"bus","arr":["122","222"],"angle":-11.8}},{"type":"Feature","geometry":{"type":"Point","coordinates":[25.992533,44.40844]},"properties":{"lines":"122, 222, 422, 423, 425, 425B","color":"#0059a9","mode":"bus","arr":["122","222","422","423","425","425B"],"angle":-22.7}},{"type":"Feature","geometry":{"type":"Point","coordinates":[25.9996,44.409819]},"properties":{"lines":"122, 222, 422, 423, 425, 425B","color":"#0059a9","mode":"bus","arr":["122","222","422","423","425","425B"],"angle":-9.5,"extra":1}},{"type":"Feature","geometry":{"type":"Point","coordinates":[25.986341,44.407439]},"properties":{"lines":"122, 222, 422, 423, 425, 425B","color":"#0059a9","mode":"bus","arr":["122","222","422","423","425","425B"],"angle":1.8,"extra":1}},{"type":"Feature","geometry":{"type":"Point","coordinates":[26.010091,44.411107]},"properties":{"lines":"122, 222, 322, 422, 423, 425, 425B","color":"#0059a9","mode":"bus","arr":["122","222","322","422","423","425","425B"],"angle":-10}},{"type":"Feature","geometry":{"type":"Point","coordinates":[26.02834,44.413237]},"properties":{"lines":"122, 222, 385, 422, 423, 425, 425B, N101","color":"#0059a9","mode":"bus","arr":["122","222","385","422","423","425","425B","N101"],"angle":-9.8}},{"type":"Feature","geometry":{"type":"Point","coordinates":[26.02465,44.414697]},"properties":{"lines":"222, 322, 368, 485","color":"#0059a9","mode":"bus","arr":["222","322","368","485"],"angle":62.4}},{"type":"Feature","geometry":{"type":"Point","coordinates":[26.118181,44.413088]},"properties":{"lines":"223, 312","color":"#0059a9","mode":"bus","arr":["223","312"],"angle":52.7}},{"type":"Feature","geometry":{"type":"Point","coordinates":[26.192784,44.394787]},"properties":{"lines":"223, 480","color":"#0059a9","mode":"bus","arr":["223","480"],"angle":-3.5}},{"type":"Feature","geometry":{"type":"Point","coordinates":[26.187679,44.394051]},"properties":{"lines":"223, 480","color":"#0059a9","mode":"bus","arr":["223","480"],"angle":-3.7,"extra":1}},{"type":"Feature","geometry":{"type":"Point","coordinates":[26.201507,44.394651]},"properties":{"lines":"223, 480","color":"#0059a9","mode":"bus","arr":["223","480"],"angle":-3.6,"extra":1}},{"type":"Feature","geometry":{"type":"Point","coordinates":[26.111067,44.420367]},"properties":{"lines":"312","color":"#0059a9","mode":"bus","arr":["312"],"angle":74.6}},{"type":"Feature","geometry":{"type":"Point","coordinates":[26.111246,44.423301]},"properties":{"lines":"312","color":"#0059a9","mode":"bus","arr":["312"],"angle":-23,"extra":1}},{"type":"Feature","geometry":{"type":"Point","coordinates":[26.122039,44.377404]},"properties":{"lines":"312","color":"#0059a9","mode":"bus","arr":["312"],"angle":-26.2}},{"type":"Feature","geometry":{"type":"Point","coordinates":[26.109731,44.42239]},"properties":{"lines":"312","color":"#0059a9","mode":"bus","arr":["312"],"angle":74.2}},{"type":"Feature","geometry":{"type":"Point","coordinates":[26.10737,44.425596]},"properties":{"lines":"312","color":"#0059a9","mode":"bus","arr":["312"],"angle":16.6,"extra":1}},{"type":"Feature","geometry":{"type":"Point","coordinates":[26.113263,44.416961]},"properties":{"lines":"312","color":"#0059a9","mode":"bus","arr":["312"],"angle":51.8,"extra":1}},{"type":"Feature","geometry":{"type":"Point","coordinates":[26.043884,44.398427]},"properties":{"lines":"464","color":"#0059a9","mode":"bus","arr":["464"],"angle":-66.6}},{"type":"Feature","geometry":{"type":"Point","coordinates":[26.002577,44.354977]},"properties":{"lines":"464","color":"#0059a9","mode":"bus","arr":["464"],"angle":25}},{"type":"Feature","geometry":{"type":"Point","coordinates":[25.988685,44.363366]},"properties":{"lines":"464","color":"#0059a9","mode":"bus","arr":["464"],"angle":-36.2,"extra":1}},{"type":"Feature","geometry":{"type":"Point","coordinates":[25.992925,44.359793]},"properties":{"lines":"464","color":"#0059a9","mode":"bus","arr":["464"],"angle":52.5,"extra":1}},{"type":"Feature","geometry":{"type":"Point","coordinates":[25.990014,44.355684]},"properties":{"lines":"464","color":"#0059a9","mode":"bus","arr":["464"],"angle":-59.4,"extra":1}},{"type":"Feature","geometry":{"type":"Point","coordinates":[25.985493,44.36055]},"properties":{"lines":"464","color":"#0059a9","mode":"bus","arr":["464"],"angle":48.8,"extra":1}},{"type":"Feature","geometry":{"type":"Point","coordinates":[25.998809,44.353206]},"properties":{"lines":"464","color":"#0059a9","mode":"bus","arr":["464"],"angle":18.2,"extra":1}},{"type":"Feature","geometry":{"type":"Point","coordinates":[26.008772,44.351897]},"properties":{"lines":"464","color":"#0059a9","mode":"bus","arr":["464"],"angle":-6,"extra":1}},{"type":"Feature","geometry":{"type":"Point","coordinates":[26.014388,44.352819]},"properties":{"lines":"464","color":"#0059a9","mode":"bus","arr":["464"],"angle":31.9,"extra":1}},{"type":"Feature","geometry":{"type":"Point","coordinates":[26.020831,44.351131]},"properties":{"lines":"464","color":"#0059a9","mode":"bus","arr":["464"],"angle":29.1,"extra":1}},{"type":"Feature","geometry":{"type":"Point","coordinates":[26.026946,44.348818]},"properties":{"lines":"464","color":"#0059a9","mode":"bus","arr":["464"],"angle":28.5,"extra":1}},{"type":"Feature","geometry":{"type":"Point","coordinates":[26.048553,44.397239]},"properties":{"lines":"227, 426, 427, 428, 464, 487","color":"#0059a9","mode":"bus","arr":["227","426","427","428","464","487"],"angle":-84.8}},{"type":"Feature","geometry":{"type":"Point","coordinates":[26.055154,44.396419]},"properties":{"lines":"227","color":"#0059a9","mode":"bus","arr":["227"],"angle":-80}},{"type":"Feature","geometry":{"type":"Point","coordinates":[26.051692,44.394632]},"properties":{"lines":"227","color":"#0059a9","mode":"bus","arr":["227"],"angle":7.7,"extra":1}},{"type":"Feature","geometry":{"type":"Point","coordinates":[26.056524,44.401998]},"properties":{"lines":"227","color":"#0059a9","mode":"bus","arr":["227"],"angle":-80.2,"extra":1}},{"type":"Feature","geometry":{"type":"Point","coordinates":[26.061201,44.395415]},"properties":{"lines":"227","color":"#0059a9","mode":"bus","arr":["227"],"angle":-81}},{"type":"Feature","geometry":{"type":"Point","coordinates":[26.062818,44.402613]},"properties":{"lines":"227","color":"#0059a9","mode":"bus","arr":["227"],"angle":-81.4,"extra":1}},{"type":"Feature","geometry":{"type":"Point","coordinates":[26.059344,44.387984]},"properties":{"lines":"227","color":"#0059a9","mode":"bus","arr":["227"],"angle":-78.8,"extra":1}},{"type":"Feature","geometry":{"type":"Point","coordinates":[26.064867,44.396694]},"properties":{"lines":"227","color":"#0059a9","mode":"bus","arr":["227"],"angle":-79.9}},{"type":"Feature","geometry":{"type":"Point","coordinates":[26.063848,44.392629]},"properties":{"lines":"227","color":"#0059a9","mode":"bus","arr":["227"],"angle":-79.8,"extra":1}},{"type":"Feature","geometry":{"type":"Point","coordinates":[26.066285,44.402367]},"properties":{"lines":"227","color":"#0059a9","mode":"bus","arr":["227"],"angle":-80,"extra":1}},{"type":"Feature","geometry":{"type":"Point","coordinates":[26.124436,44.36356]},"properties":{"lines":"74, 232","color":"#0059a9","mode":"bus","arr":["74","232"],"angle":-40}},{"type":"Feature","geometry":{"type":"Point","coordinates":[26.137275,44.368939]},"properties":{"lines":"232, 241","color":"#0059a9","mode":"bus","arr":["232","241"],"angle":-28.8}},{"type":"Feature","geometry":{"type":"Point","coordinates":[26.128084,44.386652]},"properties":{"lines":"232, 438, 475","color":"#0059a9","mode":"bus","arr":["232","438","475"],"angle":55.5}},{"type":"Feature","geometry":{"type":"Point","coordinates":[26.132836,44.381815]},"properties":{"lines":"232, 438, 475","color":"#0059a9","mode":"bus","arr":["232","438","475"],"angle":55.9,"extra":1}},{"type":"Feature","geometry":{"type":"Point","coordinates":[26.125082,44.390013]},"properties":{"lines":"232, 438, 475","color":"#0059a9","mode":"bus","arr":["232","438","475"],"angle":56.1,"extra":1}},{"type":"Feature","geometry":{"type":"Point","coordinates":[26.067496,44.418721]},"properties":{"lines":"232","color":"#0059a9","mode":"bus","arr":["232"],"angle":57.4}},{"type":"Feature","geometry":{"type":"Point","coordinates":[26.085911,44.414066]},"properties":{"lines":"196, 232","color":"#0059a9","mode":"bus","arr":["196","232"],"angle":57.8}},{"type":"Feature","geometry":{"type":"Point","coordinates":[26.017374,44.421318]},"properties":{"lines":"93, 168, 232, N116","color":"#0059a9","mode":"bus","arr":["93","168","232","N116"],"angle":8.4}},{"type":"Feature","geometry":{"type":"Point","coordinates":[26.046193,44.415258]},"properties":{"lines":"122, 232, 385, N101","color":"#0059a9","mode":"bus","arr":["122","232","385","N101"],"angle":-6.3}},{"type":"Feature","geometry":{"type":"Point","coordinates":[26.121022,44.393739]},"properties":{"lines":"232, 438, 439, 475, N1, N10, N106","color":"#0059a9","mode":"bus","arr":["232","438","439","475","N1","N10","N106"],"angle":17.7}},{"type":"Feature","geometry":{"type":"Point","coordinates":[26.115186,44.36212]},"properties":{"lines":"241","color":"#0059a9","mode":"bus","arr":["241"],"angle":-54.2}},{"type":"Feature","geometry":{"type":"Point","coordinates":[26.116591,44.371084]},"properties":{"lines":"241","color":"#0059a9","mode":"bus","arr":["241"],"angle":59.9}},{"type":"Feature","geometry":{"type":"Point","coordinates":[26.121304,44.368662]},"properties":{"lines":"241","color":"#0059a9","mode":"bus","arr":["241"],"angle":-56,"extra":1}},{"type":"Feature","geometry":{"type":"Point","coordinates":[26.113581,44.365331]},"properties":{"lines":"241","color":"#0059a9","mode":"bus","arr":["241"],"angle":-78.9,"extra":1}},{"type":"Feature","geometry":{"type":"Point","coordinates":[26.129642,44.373142]},"properties":{"lines":"241","color":"#0059a9","mode":"bus","arr":["241"],"angle":-38.1}},{"type":"Feature","geometry":{"type":"Point","coordinates":[26.127117,44.368701]},"properties":{"lines":"241","color":"#0059a9","mode":"bus","arr":["241"],"angle":-56,"extra":1}},{"type":"Feature","geometry":{"type":"Point","coordinates":[26.133021,44.377375]},"properties":{"lines":"241","color":"#0059a9","mode":"bus","arr":["241"],"angle":-75.3,"extra":1}},{"type":"Feature","geometry":{"type":"Point","coordinates":[26.124533,44.382481]},"properties":{"lines":"74, 243, 312","color":"#0059a9","mode":"bus","arr":["74","243","312"],"angle":56.1}},{"type":"Feature","geometry":{"type":"Point","coordinates":[26.127355,44.379487]},"properties":{"lines":"74, 243, 312","color":"#0059a9","mode":"bus","arr":["74","243","312"],"angle":56,"extra":1}},{"type":"Feature","geometry":{"type":"Point","coordinates":[26.158997,44.397227]},"properties":{"lines":"243","color":"#0059a9","mode":"bus","arr":["243"],"angle":-62.4}},{"type":"Feature","geometry":{"type":"Point","coordinates":[26.144724,44.388562]},"properties":{"lines":"243","color":"#0059a9","mode":"bus","arr":["243"],"angle":0.1,"extra":1}},{"type":"Feature","geometry":{"type":"Point","coordinates":[26.150943,44.390618]},"properties":{"lines":"243","color":"#0059a9","mode":"bus","arr":["243"],"angle":-31.5,"extra":1}},{"type":"Feature","geometry":{"type":"Point","coordinates":[26.156486,44.393491]},"properties":{"lines":"243","color":"#0059a9","mode":"bus","arr":["243"],"angle":-56,"extra":1}},{"type":"Feature","geometry":{"type":"Point","coordinates":[26.161716,44.402556]},"properties":{"lines":"243","color":"#0059a9","mode":"bus","arr":["243"],"angle":-71.1,"extra":1}},{"type":"Feature","geometry":{"type":"Point","coordinates":[26.163955,44.407236]},"properties":{"lines":"243","color":"#0059a9","mode":"bus","arr":["243"],"angle":-72.1,"extra":1}},{"type":"Feature","geometry":{"type":"Point","coordinates":[26.163454,44.41209]},"properties":{"lines":"243","color":"#0059a9","mode":"bus","arr":["243"],"angle":-77.2,"extra":1}},{"type":"Feature","geometry":{"type":"Point","coordinates":[26.152305,44.451352]},"properties":{"lines":"243","color":"#0059a9","mode":"bus","arr":["243"],"angle":68.8}},{"type":"Feature","geometry":{"type":"Point","coordinates":[26.156008,44.446405]},"properties":{"lines":"243","color":"#0059a9","mode":"bus","arr":["243"],"angle":44.8,"extra":1}},{"type":"Feature","geometry":{"type":"Point","coordinates":[26.14878,44.454516]},"properties":{"lines":"243","color":"#0059a9","mode":"bus","arr":["243"],"angle":39.3,"extra":1}},{"type":"Feature","geometry":{"type":"Point","coordinates":[26.152228,44.451159]},"properties":{"lines":"243","color":"#0059a9","mode":"bus","arr":["243"],"angle":68.7}},{"type":"Feature","geometry":{"type":"Point","coordinates":[26.14707,44.455187]},"properties":{"lines":"243","color":"#0059a9","mode":"bus","arr":["243"],"angle":22.3,"extra":1}},{"type":"Feature","geometry":{"type":"Point","coordinates":[26.154615,44.447254]},"properties":{"lines":"243","color":"#0059a9","mode":"bus","arr":["243"],"angle":49.5,"extra":1}},{"type":"Feature","geometry":{"type":"Point","coordinates":[26.158752,44.397599]},"properties":{"lines":"243","color":"#0059a9","mode":"bus","arr":["243"],"angle":-63.3}},{"type":"Feature","geometry":{"type":"Point","coordinates":[26.163273,44.410788]},"properties":{"lines":"243","color":"#0059a9","mode":"bus","arr":["243"],"angle":77.9,"extra":1}},{"type":"Feature","geometry":{"type":"Point","coordinates":[26.163246,44.406008]},"properties":{"lines":"243","color":"#0059a9","mode":"bus","arr":["243"],"angle":-70.9,"extra":1}},{"type":"Feature","geometry":{"type":"Point","coordinates":[26.160965,44.401342]},"properties":{"lines":"243","color":"#0059a9","mode":"bus","arr":["243"],"angle":-76.7,"extra":1}},{"type":"Feature","geometry":{"type":"Point","coordinates":[26.155065,44.39254]},"properties":{"lines":"243","color":"#0059a9","mode":"bus","arr":["243"],"angle":-33.6,"extra":1}},{"type":"Feature","geometry":{"type":"Point","coordinates":[26.149126,44.389994]},"properties":{"lines":"243","color":"#0059a9","mode":"bus","arr":["243"],"angle":-30.9,"extra":1}},{"type":"Feature","geometry":{"type":"Point","coordinates":[26.142619,44.388739]},"properties":{"lines":"243","color":"#0059a9","mode":"bus","arr":["243"],"angle":2.8,"extra":1}},{"type":"Feature","geometry":{"type":"Point","coordinates":[26.119409,44.389934]},"properties":{"lines":"243","color":"#0059a9","mode":"bus","arr":["243"],"angle":-66.5}},{"type":"Feature","geometry":{"type":"Point","coordinates":[26.1584,44.438698]},"properties":{"lines":"101, 243, 335","color":"#0059a9","mode":"bus","arr":["101","243","335"],"angle":72.6}},{"type":"Feature","geometry":{"type":"Point","coordinates":[26.157439,44.442021]},"properties":{"lines":"101, 243, 335","color":"#0059a9","mode":"bus","arr":["101","243","335"],"angle":-85.9,"extra":1}},{"type":"Feature","geometry":{"type":"Point","coordinates":[26.159708,44.435485]},"properties":{"lines":"101, 243, 335","color":"#0059a9","mode":"bus","arr":["101","243","335"],"angle":71.6,"extra":1}},{"type":"Feature","geometry":{"type":"Point","coordinates":[26.13164,44.462721]},"properties":{"lines":"243, 282, N103","color":"#0059a9","mode":"bus","arr":["243","282","N103"],"angle":41.4}},{"type":"Feature","geometry":{"type":"Point","coordinates":[26.129661,44.464197]},"properties":{"lines":"243, 282, 290, N103","color":"#0059a9","mode":"bus","arr":["243","282","290","N103"],"angle":40.5}},{"type":"Feature","geometry":{"type":"Point","coordinates":[26.12392,44.473785]},"properties":{"lines":"290","color":"#0059a9","mode":"bus","arr":["290"],"angle":85.3}},{"type":"Feature","geometry":{"type":"Point","coordinates":[26.12723,44.468057]},"properties":{"lines":"290","color":"#0059a9","mode":"bus","arr":["290"],"angle":64.6,"extra":1}},{"type":"Feature","geometry":{"type":"Point","coordinates":[26.125349,44.477204]},"properties":{"lines":"290","color":"#0059a9","mode":"bus","arr":["290"],"angle":-86.6,"extra":1}},{"type":"Feature","geometry":{"type":"Point","coordinates":[26.125799,44.482139]},"properties":{"lines":"290","color":"#0059a9","mode":"bus","arr":["290"],"angle":-84.5,"extra":1}},{"type":"Feature","geometry":{"type":"Point","coordinates":[26.13118,44.463106]},"properties":{"lines":"290","color":"#0059a9","mode":"bus","arr":["290"],"angle":40.2}},{"type":"Feature","geometry":{"type":"Point","coordinates":[26.195679,44.407162]},"properties":{"lines":"246, 405, 408, 472, 480, N111","color":"#0059a9","mode":"bus","arr":["246","405","408","472","480","N111"],"angle":13}},{"type":"Feature","geometry":{"type":"Point","coordinates":[26.198563,44.407047]},"properties":{"lines":"246, 405, 408, 472, 480, 627, N111","color":"#0059a9","mode":"bus","arr":["246","405","408","472","480","627","N111"],"angle":11.8}},{"type":"Feature","geometry":{"type":"Point","coordinates":[26.20144,44.406095]},"properties":{"lines":"246, 405, 408, 472, 480, 627","color":"#0059a9","mode":"bus","arr":["246","405","408","472","480","627"],"angle":12.7}},{"type":"Feature","geometry":{"type":"Point","coordinates":[26.210537,44.40575]},"properties":{"lines":"246, 405, 408, 472","color":"#0059a9","mode":"bus","arr":["246","405","408","472"],"angle":-12.4}},{"type":"Feature","geometry":{"type":"Point","coordinates":[26.210251,44.405123]},"properties":{"lines":"246, 408, 472","color":"#0059a9","mode":"bus","arr":["246","408","472"],"angle":-6}},{"type":"Feature","geometry":{"type":"Point","coordinates":[26.207004,44.433233]},"properties":{"lines":"246","color":"#0059a9","mode":"bus","arr":["246"],"angle":34.6}},{"type":"Feature","geometry":{"type":"Point","coordinates":[26.218695,44.427397]},"properties":{"lines":"246","color":"#0059a9","mode":"bus","arr":["246"],"angle":34.5,"extra":1}},{"type":"Feature","geometry":{"type":"Point","coordinates":[26.213002,44.430216]},"properties":{"lines":"246","color":"#0059a9","mode":"bus","arr":["246"],"angle":34.4,"extra":1}},{"type":"Feature","geometry":{"type":"Point","coordinates":[26.201629,44.435862]},"properties":{"lines":"246","color":"#0059a9","mode":"bus","arr":["246"],"angle":34.2,"extra":1}},{"type":"Feature","geometry":{"type":"Point","coordinates":[26.195927,44.438669]},"properties":{"lines":"246","color":"#0059a9","mode":"bus","arr":["246"],"angle":34.5,"extra":1}},{"type":"Feature","geometry":{"type":"Point","coordinates":[26.153327,44.468788]},"properties":{"lines":"66, 253","color":"#0059a9","mode":"bus","arr":["66","253"],"angle":43.8}},{"type":"Feature","geometry":{"type":"Point","coordinates":[26.174465,44.471283]},"properties":{"lines":"343","color":"#0059a9","mode":"bus","arr":["343"],"angle":39}},{"type":"Feature","geometry":{"type":"Point","coordinates":[26.140377,44.475444]},"properties":{"lines":"343","color":"#0059a9","mode":"bus","arr":["343"],"angle":64.9}},{"type":"Feature","geometry":{"type":"Point","coordinates":[26.1224,44.478468]},"properties":{"lines":"343","color":"#0059a9","mode":"bus","arr":["343"],"angle":-6.8}},{"type":"Feature","geometry":{"type":"Point","coordinates":[26.134194,44.478535]},"properties":{"lines":"343","color":"#0059a9","mode":"bus","arr":["343"],"angle":3.2,"extra":1}},{"type":"Feature","geometry":{"type":"Point","coordinates":[26.127275,44.478774]},"properties":{"lines":"343","color":"#0059a9","mode":"bus","arr":["343"],"angle":2.8,"extra":1}},{"type":"Feature","geometry":{"type":"Point","coordinates":[26.113609,44.47736]},"properties":{"lines":"343","color":"#0059a9","mode":"bus","arr":["343"],"angle":-19.9,"extra":1}},{"type":"Feature","geometry":{"type":"Point","coordinates":[26.109654,44.495657]},"properties":{"lines":"343","color":"#0059a9","mode":"bus","arr":["343"],"angle":65.9}},{"type":"Feature","geometry":{"type":"Point","coordinates":[26.11494,44.489945]},"properties":{"lines":"343","color":"#0059a9","mode":"bus","arr":["343"],"angle":-32.3,"extra":1}},{"type":"Feature","geometry":{"type":"Point","coordinates":[26.111293,44.493051]},"properties":{"lines":"343","color":"#0059a9","mode":"bus","arr":["343"],"angle":66.8,"extra":1}},{"type":"Feature","geometry":{"type":"Point","coordinates":[26.101392,44.496177]},"properties":{"lines":"343","color":"#0059a9","mode":"bus","arr":["343"],"angle":3.2,"extra":1}},{"type":"Feature","geometry":{"type":"Point","coordinates":[26.101334,44.497991]},"properties":{"lines":"343","color":"#0059a9","mode":"bus","arr":["343"],"angle":-3.8}},{"type":"Feature","geometry":{"type":"Point","coordinates":[26.122318,44.478389]},"properties":{"lines":"343","color":"#0059a9","mode":"bus","arr":["343"],"angle":-7}},{"type":"Feature","geometry":{"type":"Point","coordinates":[26.110771,44.476352]},"properties":{"lines":"343","color":"#0059a9","mode":"bus","arr":["343"],"angle":-29.9,"extra":1}},{"type":"Feature","geometry":{"type":"Point","coordinates":[26.11731,44.477852]},"properties":{"lines":"343","color":"#0059a9","mode":"bus","arr":["343"],"angle":-11.5,"extra":1}},{"type":"Feature","geometry":{"type":"Point","coordinates":[26.13107,44.478529]},"properties":{"lines":"343","color":"#0059a9","mode":"bus","arr":["343"],"angle":2.5,"extra":1}},{"type":"Feature","geometry":{"type":"Point","coordinates":[26.149342,44.465367]},"properties":{"lines":"182, 253, 343, N103","color":"#0059a9","mode":"bus","arr":["182","253","343","N103"],"angle":38.7}},{"type":"Feature","geometry":{"type":"Point","coordinates":[26.146046,44.467255]},"properties":{"lines":"182, 253, 343, N103","color":"#0059a9","mode":"bus","arr":["182","253","343","N103"],"angle":38.4,"extra":1}},{"type":"Feature","geometry":{"type":"Point","coordinates":[26.156511,44.462641]},"properties":{"lines":"182, 253, 343","color":"#0059a9","mode":"bus","arr":["182","253","343"],"angle":22.7}},{"type":"Feature","geometry":{"type":"Point","coordinates":[26.163725,44.453782]},"properties":{"lines":"253","color":"#0059a9","mode":"bus","arr":["253"],"angle":-86.8}},{"type":"Feature","geometry":{"type":"Point","coordinates":[26.160722,44.461189]},"properties":{"lines":"253","color":"#0059a9","mode":"bus","arr":["253"],"angle":38.8,"extra":1}},{"type":"Feature","geometry":{"type":"Point","coordinates":[26.162944,44.456695]},"properties":{"lines":"253","color":"#0059a9","mode":"bus","arr":["253"],"angle":77.6,"extra":1}},{"type":"Feature","geometry":{"type":"Point","coordinates":[26.166329,44.447358]},"properties":{"lines":"253","color":"#0059a9","mode":"bus","arr":["253"],"angle":89.9,"extra":1}},{"type":"Feature","geometry":{"type":"Point","coordinates":[26.165286,44.451009]},"properties":{"lines":"253","color":"#0059a9","mode":"bus","arr":["253"],"angle":67.6,"extra":1}},{"type":"Feature","geometry":{"type":"Point","coordinates":[26.165702,44.4433]},"properties":{"lines":"253, 455","color":"#0059a9","mode":"bus","arr":["253","455"],"angle":-82.8}},{"type":"Feature","geometry":{"type":"Point","coordinates":[26.166722,44.440797]},"properties":{"lines":"253, 455","color":"#0059a9","mode":"bus","arr":["253","455"],"angle":69}},{"type":"Feature","geometry":{"type":"Point","coordinates":[26.168679,44.436404]},"properties":{"lines":"253, 455","color":"#0059a9","mode":"bus","arr":["253","455"],"angle":51.4}},{"type":"Feature","geometry":{"type":"Point","coordinates":[26.185218,44.421823]},"properties":{"lines":"253, 330, N104","color":"#0059a9","mode":"bus","arr":["253","330","N104"],"angle":15.9}},{"type":"Feature","geometry":{"type":"Point","coordinates":[26.181146,44.42286]},"properties":{"lines":"253, 330, N104","color":"#0059a9","mode":"bus","arr":["253","330","N104"],"angle":15.8,"extra":1}},{"type":"Feature","geometry":{"type":"Point","coordinates":[26.19315,44.421711]},"properties":{"lines":"253, 330, N104","color":"#0059a9","mode":"bus","arr":["253","330","N104"],"angle":-70.8}},{"type":"Feature","geometry":{"type":"Point","coordinates":[26.177804,44.423362]},"properties":{"lines":"253, 330, N104","color":"#0059a9","mode":"bus","arr":["253","330","N104"],"angle":16.6}},{"type":"Feature","geometry":{"type":"Point","coordinates":[26.148506,44.4648]},"properties":{"lines":"282","color":"#0059a9","mode":"bus","arr":["282"],"angle":-73.7}},{"type":"Feature","geometry":{"type":"Point","coordinates":[26.107739,44.463175]},"properties":{"lines":"282","color":"#0059a9","mode":"bus","arr":["282"],"angle":-77.6}},{"type":"Feature","geometry":{"type":"Point","coordinates":[26.105452,44.465537]},"properties":{"lines":"282","color":"#0059a9","mode":"bus","arr":["282"],"angle":11.4,"extra":1}},{"type":"Feature","geometry":{"type":"Point","coordinates":[26.105955,44.457489]},"properties":{"lines":"282","color":"#0059a9","mode":"bus","arr":["282"],"angle":-77.4,"extra":1}},{"type":"Feature","geometry":{"type":"Point","coordinates":[26.074368,44.468012]},"properties":{"lines":"282","color":"#0059a9","mode":"bus","arr":["282"],"angle":-3.6}},{"type":"Feature","geometry":{"type":"Point","coordinates":[26.093706,44.459566]},"properties":{"lines":"282","color":"#0059a9","mode":"bus","arr":["282"],"angle":56.5}},{"type":"Feature","geometry":{"type":"Point","coordinates":[26.145159,44.463724]},"properties":{"lines":"282, N120","color":"#0059a9","mode":"bus","arr":["282","N120"],"angle":-35.3}},{"type":"Feature","geometry":{"type":"Point","coordinates":[26.142316,44.462147]},"properties":{"lines":"282, N120","color":"#0059a9","mode":"bus","arr":["282","N120"],"angle":54.1}},{"type":"Feature","geometry":{"type":"Point","coordinates":[26.13998,44.46448]},"properties":{"lines":"282, N120","color":"#0059a9","mode":"bus","arr":["282","N120"],"angle":54.5,"extra":1}},{"type":"Feature","geometry":{"type":"Point","coordinates":[26.132895,44.462596]},"properties":{"lines":"282, N103","color":"#0059a9","mode":"bus","arr":["282","N103"],"angle":-20.2}},{"type":"Feature","geometry":{"type":"Point","coordinates":[26.125966,44.464384]},"properties":{"lines":"282, N103","color":"#0059a9","mode":"bus","arr":["282","N103"],"angle":-85.5}},{"type":"Feature","geometry":{"type":"Point","coordinates":[26.119081,44.461837]},"properties":{"lines":"182, 282, N103","color":"#0059a9","mode":"bus","arr":["182","282","N103"],"angle":67.2}},{"type":"Feature","geometry":{"type":"Point","coordinates":[26.109,44.458064]},"properties":{"lines":"182, 282, N103","color":"#0059a9","mode":"bus","arr":["182","282","N103"],"angle":-27.6,"extra":1}},{"type":"Feature","geometry":{"type":"Point","coordinates":[26.115139,44.460356]},"properties":{"lines":"182, 282, N103","color":"#0059a9","mode":"bus","arr":["182","282","N103"],"angle":-27.5,"extra":1}},{"type":"Feature","geometry":{"type":"Point","coordinates":[26.122836,44.463284]},"properties":{"lines":"182, 282, N103","color":"#0059a9","mode":"bus","arr":["182","282","N103"],"angle":-27.3,"extra":1}},{"type":"Feature","geometry":{"type":"Point","coordinates":[26.095773,44.464782]},"properties":{"lines":"282, N119","color":"#0059a9","mode":"bus","arr":["282","N119"],"angle":-77.3}},{"type":"Feature","geometry":{"type":"Point","coordinates":[26.091026,44.463583]},"properties":{"lines":"282, 301, 301B, 331, 331B, 335","color":"#0059a9","mode":"bus","arr":["282","301","301B","331","331B","335"],"angle":40.9}},{"type":"Feature","geometry":{"type":"Point","coordinates":[26.087025,44.465891]},"properties":{"lines":"282, 301, 301B, 331, 331B, 335","color":"#0059a9","mode":"bus","arr":["282","301","301B","331","331B","335"],"angle":59,"extra":1}},{"type":"Feature","geometry":{"type":"Point","coordinates":[26.093825,44.460641]},"properties":{"lines":"282, 301, 301B, 331, 331B, 335","color":"#0059a9","mode":"bus","arr":["282","301","301B","331","331B","335"],"angle":61.4,"extra":1}},{"type":"Feature","geometry":{"type":"Point","coordinates":[26.07348,44.461582]},"properties":{"lines":"196, 282, 381, 642, N113","color":"#0059a9","mode":"bus","arr":["196","282","381","642","N113"],"angle":48.6}},{"type":"Feature","geometry":{"type":"Point","coordinates":[26.068813,44.464802]},"properties":{"lines":"196, 282, 381, 642, N113","color":"#0059a9","mode":"bus","arr":["196","282","381","642","N113"],"angle":30.6,"extra":1}},{"type":"Feature","geometry":{"type":"Point","coordinates":[26.078405,44.457715]},"properties":{"lines":"196, 282, 381, 642, N113","color":"#0059a9","mode":"bus","arr":["196","282","381","642","N113"],"angle":50.9,"extra":1}},{"type":"Feature","geometry":{"type":"Point","coordinates":[26.062592,44.46725]},"properties":{"lines":"196, 381, 642, N113","color":"#0059a9","mode":"bus","arr":["196","381","642","N113"],"angle":29.6}},{"type":"Feature","geometry":{"type":"Point","coordinates":[26.076382,44.454785]},"properties":{"lines":"196, 282","color":"#0059a9","mode":"bus","arr":["196","282"],"angle":-40}},{"type":"Feature","geometry":{"type":"Point","coordinates":[26.072873,44.452508]},"properties":{"lines":"182, 196, 282, 610, N10","color":"#0059a9","mode":"bus","arr":["182","196","282","610","N10"],"angle":-33.9}},{"type":"Feature","geometry":{"type":"Point","coordinates":[26.0787,44.467039]},"properties":{"lines":"282, 331, 331B, 335","color":"#0059a9","mode":"bus","arr":["282","331","331B","335"],"angle":-11.2}},{"type":"Feature","geometry":{"type":"Point","coordinates":[26.085661,44.466138]},"properties":{"lines":"282, 331, 331B, 335","color":"#0059a9","mode":"bus","arr":["282","331","331B","335"],"angle":34.8}},{"type":"Feature","geometry":{"type":"Point","coordinates":[26.085469,44.507726]},"properties":{"lines":"290, 335, 435, 450, 473, N119","color":"#0059a9","mode":"bus","arr":["290","335","435","450","473","N119"],"angle":-49.1}},{"type":"Feature","geometry":{"type":"Point","coordinates":[26.085608,44.507603]},"properties":{"lines":"290, 335, 435, 450, 473, N119","color":"#0059a9","mode":"bus","arr":["290","335","435","450","473","N119"],"angle":-19}},{"type":"Feature","geometry":{"type":"Point","coordinates":[26.082697,44.506513]},"properties":{"lines":"290, 301, 301B, 335, 435, N119","color":"#0059a9","mode":"bus","arr":["290","301","301B","335","435","N119"],"angle":-7.1}},{"type":"Feature","geometry":{"type":"Point","coordinates":[26.082321,44.506492]},"properties":{"lines":"301, 301B, 335","color":"#0059a9","mode":"bus","arr":["301","301B","335"],"angle":-42.7}},{"type":"Feature","geometry":{"type":"Point","coordinates":[26.081172,44.50458]},"properties":{"lines":"100, 196, 203, 290, 301, 301B, 304, 335, 403, 441, 441B, 442 +9","color":"#0059a9","mode":"bus","arr":["100","196","203","290","301","301B","304","335","403","441","441B","442","443","443B","444","446","447","447B","448","477","N119"],"angle":-78.1}},{"type":"Feature","geometry":{"type":"Point","coordinates":[26.080008,44.499367]},"properties":{"lines":"100, 196, 203, 290, 301, 301B, 304, 335, 403, 441, 441B, 442 +9","color":"#0059a9","mode":"bus","arr":["100","196","203","290","301","301B","304","335","403","441","441B","442","443","443B","444","446","447","447B","448","477","N119"],"angle":-79.7}},{"type":"Feature","geometry":{"type":"Point","coordinates":[26.080015,44.500058]},"properties":{"lines":"100, 203, 290, 301, 301B, 304, 335, 403, 441, 441B, 442, 443 +8","color":"#0059a9","mode":"bus","arr":["100","203","290","301","301B","304","335","403","441","441B","442","443","443B","444","446","447","447B","448","477","N119"],"angle":-80}},{"type":"Feature","geometry":{"type":"Point","coordinates":[26.079137,44.494609]},"properties":{"lines":"290, 301, 301B, N119","color":"#0059a9","mode":"bus","arr":["290","301","301B","N119"],"angle":52.4}},{"type":"Feature","geometry":{"type":"Point","coordinates":[26.079742,44.494552]},"properties":{"lines":"290, 301, 301B, N119","color":"#0059a9","mode":"bus","arr":["290","301","301B","N119"],"angle":29.2}},{"type":"Feature","geometry":{"type":"Point","coordinates":[26.106695,44.477021]},"properties":{"lines":"290, 459","color":"#0059a9","mode":"bus","arr":["290","459"],"angle":67}},{"type":"Feature","geometry":{"type":"Point","coordinates":[26.115647,44.480787]},"properties":{"lines":"290, 416, 450, 459, 488","color":"#0059a9","mode":"bus","arr":["290","416","450","459","488"],"angle":-24.3}},{"type":"Feature","geometry":{"type":"Point","coordinates":[26.109133,44.478898]},"properties":{"lines":"290, 416, 450, 459, 488","color":"#0059a9","mode":"bus","arr":["290","416","450","459","488"],"angle":-15.5,"extra":1}},{"type":"Feature","geometry":{"type":"Point","coordinates":[26.121971,44.482424]},"properties":{"lines":"290, 416, 450, 459, 488","color":"#0059a9","mode":"bus","arr":["290","416","450","459","488"],"angle":3.1,"extra":1}},{"type":"Feature","geometry":{"type":"Point","coordinates":[26.081269,44.503603]},"properties":{"lines":"196, 203, 290, 301, 301B, 304, 335, 403, 441, 441B, 442, 443 +8","color":"#0059a9","mode":"bus","arr":["196","203","290","301","301B","304","335","403","441","441B","442","443","443B","444","446","447","447B","448","477","N119"],"angle":-77}},{"type":"Feature","geometry":{"type":"Point","coordinates":[26.142539,44.533717]},"properties":{"lines":"301, 488","color":"#0059a9","mode":"bus","arr":["301","488"],"angle":83.5}},{"type":"Feature","geometry":{"type":"Point","coordinates":[26.142738,44.534294]},"properties":{"lines":"488","color":"#0059a9","mode":"bus","arr":["488"],"angle":86.4}},{"type":"Feature","geometry":{"type":"Point","coordinates":[26.145998,44.517162]},"properties":{"lines":"488","color":"#0059a9","mode":"bus","arr":["488"],"angle":59.2}},{"type":"Feature","geometry":{"type":"Point","coordinates":[26.151162,44.5153]},"properties":{"lines":"488","color":"#0059a9","mode":"bus","arr":["488"],"angle":21.3,"extra":1}},{"type":"Feature","geometry":{"type":"Point","coordinates":[26.14455,44.521843]},"properties":{"lines":"488","color":"#0059a9","mode":"bus","arr":["488"],"angle":-0.8,"extra":1}},{"type":"Feature","geometry":{"type":"Point","coordinates":[26.142797,44.519632]},"properties":{"lines":"301, 301B, 449, 459, 488","color":"#0059a9","mode":"bus","arr":["301","301B","449","459","488"],"angle":-77.6}},{"type":"Feature","geometry":{"type":"Point","coordinates":[26.142995,44.52909]},"properties":{"lines":"301, 301B, 449, 459, 488","color":"#0059a9","mode":"bus","arr":["301","301B","449","459","488"],"angle":87.8,"extra":1}},{"type":"Feature","geometry":{"type":"Point","coordinates":[26.143285,44.523629]},"properties":{"lines":"301, 301B, 449, 459, 488","color":"#0059a9","mode":"bus","arr":["301","301B","449","459","488"],"angle":88,"extra":1}},{"type":"Feature","geometry":{"type":"Point","coordinates":[26.140512,44.514005]},"properties":{"lines":"301, 301B, 449, 459, 488","color":"#0059a9","mode":"bus","arr":["301","301B","449","459","488"],"angle":-72.5,"extra":1}},{"type":"Feature","geometry":{"type":"Point","coordinates":[26.133884,44.513716]},"properties":{"lines":"301, 301B, 450, 473","color":"#0059a9","mode":"bus","arr":["301","301B","450","473"],"angle":4.5}},{"type":"Feature","geometry":{"type":"Point","coordinates":[26.138028,44.513475]},"properties":{"lines":"301, 301B, 450, 473","color":"#0059a9","mode":"bus","arr":["301","301B","450","473"],"angle":5.3,"extra":1}},{"type":"Feature","geometry":{"type":"Point","coordinates":[26.12395,44.514325]},"properties":{"lines":"301, 301B, 450, 473","color":"#0059a9","mode":"bus","arr":["301","301B","450","473"],"angle":5,"extra":1}},{"type":"Feature","geometry":{"type":"Point","coordinates":[26.117047,44.514742]},"properties":{"lines":"301, 301B, 450, 473","color":"#0059a9","mode":"bus","arr":["301","301B","450","473"],"angle":5.3,"extra":1}},{"type":"Feature","geometry":{"type":"Point","coordinates":[26.106348,44.515402]},"properties":{"lines":"301, 301B, 450, 473","color":"#0059a9","mode":"bus","arr":["301","301B","450","473"],"angle":5.3,"extra":1}},{"type":"Feature","geometry":{"type":"Point","coordinates":[26.113251,44.514985]},"properties":{"lines":"301, 301B, 450, 473","color":"#0059a9","mode":"bus","arr":["301","301B","450","473"],"angle":4.6,"extra":1}},{"type":"Feature","geometry":{"type":"Point","coordinates":[26.091925,44.516374]},"properties":{"lines":"301, 301B, 450, 473","color":"#0059a9","mode":"bus","arr":["301","301B","450","473"],"angle":8.4}},{"type":"Feature","geometry":{"type":"Point","coordinates":[26.084573,44.51714]},"properties":{"lines":"301, 301B, 450, 473","color":"#0059a9","mode":"bus","arr":["301","301B","450","473"],"angle":7.8,"extra":1}},{"type":"Feature","geometry":{"type":"Point","coordinates":[26.098282,44.51571]},"properties":{"lines":"301, 301B, 450, 473","color":"#0059a9","mode":"bus","arr":["301","301B","450","473"],"angle":8.3,"extra":1}},{"type":"Feature","geometry":{"type":"Point","coordinates":[26.081762,44.511516]},"properties":{"lines":"301, 301B, 450, 473","color":"#0059a9","mode":"bus","arr":["301","301B","450","473"],"angle":74.6}},{"type":"Feature","geometry":{"type":"Point","coordinates":[26.083848,44.508221]},"properties":{"lines":"301, 301B, 450, 473","color":"#0059a9","mode":"bus","arr":["301","301B","450","473"],"angle":56}},{"type":"Feature","geometry":{"type":"Point","coordinates":[26.09264,44.476877]},"properties":{"lines":"301, 301B","color":"#0059a9","mode":"bus","arr":["301","301B"],"angle":87.4}},{"type":"Feature","geometry":{"type":"Point","coordinates":[26.091311,44.475067]},"properties":{"lines":"301, 301B","color":"#0059a9","mode":"bus","arr":["301","301B"],"angle":-7}},{"type":"Feature","geometry":{"type":"Point","coordinates":[26.087273,44.469514]},"properties":{"lines":"301, 301B","color":"#0059a9","mode":"bus","arr":["301","301B"],"angle":-80.2}},{"type":"Feature","geometry":{"type":"Point","coordinates":[26.094218,44.460387]},"properties":{"lines":"301, 301B, 331, 331B, 335","color":"#0059a9","mode":"bus","arr":["301","301B","331","331B","335"],"angle":-70.8}},{"type":"Feature","geometry":{"type":"Point","coordinates":[26.096785,44.456406]},"properties":{"lines":"301, 301B, 331, 331B, 335, N119","color":"#0059a9","mode":"bus","arr":["301","301B","331","331B","335","N119"],"angle":65.2}},{"type":"Feature","geometry":{"type":"Point","coordinates":[26.099232,44.450038]},"properties":{"lines":"301, 301B, 331, 331B, N119","color":"#0059a9","mode":"bus","arr":["301","301B","331","331B","N119"],"angle":81.9}},{"type":"Feature","geometry":{"type":"Point","coordinates":[26.099602,44.446182]},"properties":{"lines":"301, 301B, 331, 331B","color":"#0059a9","mode":"bus","arr":["301","301B","331","331B"],"angle":80}},{"type":"Feature","geometry":{"type":"Point","coordinates":[26.099092,44.444701]},"properties":{"lines":"301, 301B, 331, 331B","color":"#0059a9","mode":"bus","arr":["301","301B","331","331B"],"angle":-50.8}},{"type":"Feature","geometry":{"type":"Point","coordinates":[26.097673,44.445285]},"properties":{"lines":"100, 168, 226, 301, 301B, 331, 331B, 368, 381, City Tour, N113, N117, N119","color":"#0059a9","mode":"bus","arr":["100","168","226","301","301B","331","331B","368","381","City Tour","N113","N117","N119"],"angle":70.5}},{"type":"Feature","geometry":{"type":"Point","coordinates":[26.142898,44.51967]},"properties":{"lines":"301, 301B, 449, 459","color":"#0059a9","mode":"bus","arr":["301","301B","449","459"],"angle":-77.5}},{"type":"Feature","geometry":{"type":"Point","coordinates":[26.021319,44.510318]},"properties":{"lines":"304, 435, 436","color":"#0059a9","mode":"bus","arr":["304","435","436"],"angle":50.3}},{"type":"Feature","geometry":{"type":"Point","coordinates":[26.051016,44.530062]},"properties":{"lines":"304","color":"#0059a9","mode":"bus","arr":["304"],"angle":-19.2}},{"type":"Feature","geometry":{"type":"Point","coordinates":[26.018238,44.516924]},"properties":{"lines":"304","color":"#0059a9","mode":"bus","arr":["304"],"angle":-39.7,"extra":1}},{"type":"Feature","geometry":{"type":"Point","coordinates":[26.024129,44.519506]},"properties":{"lines":"304","color":"#0059a9","mode":"bus","arr":["304"],"angle":-29.8,"extra":1}},{"type":"Feature","geometry":{"type":"Point","coordinates":[26.030125,44.521982]},"properties":{"lines":"304","color":"#0059a9","mode":"bus","arr":["304"],"angle":-30,"extra":1}},{"type":"Feature","geometry":{"type":"Point","coordinates":[26.038005,44.525241]},"properties":{"lines":"304","color":"#0059a9","mode":"bus","arr":["304"],"angle":-29.9,"extra":1}},{"type":"Feature","geometry":{"type":"Point","coordinates":[26.044009,44.527708]},"properties":{"lines":"304","color":"#0059a9","mode":"bus","arr":["304"],"angle":-30,"extra":1}},{"type":"Feature","geometry":{"type":"Point","coordinates":[26.056739,44.531525]},"properties":{"lines":"304","color":"#0059a9","mode":"bus","arr":["304"],"angle":-19.6,"extra":1}},{"type":"Feature","geometry":{"type":"Point","coordinates":[26.063256,44.533203]},"properties":{"lines":"304","color":"#0059a9","mode":"bus","arr":["304"],"angle":-19.9,"extra":1}},{"type":"Feature","geometry":{"type":"Point","coordinates":[26.058691,44.53211]},"properties":{"lines":"304","color":"#0059a9","mode":"bus","arr":["304"],"angle":-20}},{"type":"Feature","geometry":{"type":"Point","coordinates":[26.080383,44.537309]},"properties":{"lines":"304","color":"#0059a9","mode":"bus","arr":["304"],"angle":-13.1,"extra":1}},{"type":"Feature","geometry":{"type":"Point","coordinates":[26.073749,44.535946]},"properties":{"lines":"304","color":"#0059a9","mode":"bus","arr":["304"],"angle":-18.9,"extra":1}},{"type":"Feature","geometry":{"type":"Point","coordinates":[26.067218,44.534299]},"properties":{"lines":"304","color":"#0059a9","mode":"bus","arr":["304"],"angle":-20.3,"extra":1}},{"type":"Feature","geometry":{"type":"Point","coordinates":[26.054177,44.530958]},"properties":{"lines":"304","color":"#0059a9","mode":"bus","arr":["304"],"angle":-19.6,"extra":1}},{"type":"Feature","geometry":{"type":"Point","coordinates":[26.047665,44.529278]},"properties":{"lines":"304","color":"#0059a9","mode":"bus","arr":["304"],"angle":-26.5,"extra":1}},{"type":"Feature","geometry":{"type":"Point","coordinates":[26.041648,44.526827]},"properties":{"lines":"304","color":"#0059a9","mode":"bus","arr":["304"],"angle":-29.9,"extra":1}},{"type":"Feature","geometry":{"type":"Point","coordinates":[26.03565,44.524353]},"properties":{"lines":"304","color":"#0059a9","mode":"bus","arr":["304"],"angle":-29.7,"extra":1}},{"type":"Feature","geometry":{"type":"Point","coordinates":[26.068481,44.53236]},"properties":{"lines":"203, 304","color":"#0059a9","mode":"bus","arr":["203","304"],"angle":72.7}},{"type":"Feature","geometry":{"type":"Point","coordinates":[26.07311,44.523619]},"properties":{"lines":"100, 203, 304, 403, 441, 441B, 442, 443, 443B, 444, 446, 447 +3","color":"#0059a9","mode":"bus","arr":["100","203","304","403","441","441B","442","443","443B","444","446","447","447B","448","477"],"angle":56.7}},{"type":"Feature","geometry":{"type":"Point","coordinates":[26.070153,44.52859]},"properties":{"lines":"100, 203, 304, 403, 441, 441B, 442, 443, 443B, 444, 446, 447 +3","color":"#0059a9","mode":"bus","arr":["100","203","304","403","441","441B","442","443","443B","444","446","447","447B","448","477"],"angle":75.2,"extra":1}},{"type":"Feature","geometry":{"type":"Point","coordinates":[26.076492,44.51989]},"properties":{"lines":"100, 203, 304, 403, 441, 441B, 442, 443, 443B, 444, 446, 447 +3","color":"#0059a9","mode":"bus","arr":["100","203","304","403","441","441B","442","443","443B","444","446","447","447B","448","477"],"angle":57.2,"extra":1}},{"type":"Feature","geometry":{"type":"Point","coordinates":[26.07951,44.515443]},"properties":{"lines":"203, 304, 403, 441, 441B, 442, 443, 443B, 444, 446, 447, 447B, 448, 477","color":"#0059a9","mode":"bus","arr":["203","304","403","441","441B","442","443","443B","444","446","447","447B","448","477"],"angle":74.9}},{"type":"Feature","geometry":{"type":"Point","coordinates":[26.079882,44.515548]},"properties":{"lines":"203, 304, 403, 441, 441B, 442, 443, 443B, 444, 446, 447, 447B, 448, 477","color":"#0059a9","mode":"bus","arr":["203","304","403","441","441B","442","443","443B","444","446","447","447B","448","477"],"angle":74}},{"type":"Feature","geometry":{"type":"Point","coordinates":[26.080831,44.512072]},"properties":{"lines":"203, 304, 403, 435, 441, 441B, 442, 443, 443B, 444, 446, 447 +3","color":"#0059a9","mode":"bus","arr":["203","304","403","435","441","441B","442","443","443B","444","446","447","447B","448","477"],"angle":74.6}},{"type":"Feature","geometry":{"type":"Point","coordinates":[26.082229,44.507309]},"properties":{"lines":"203, 304, 403, 435, 441, 441B, 442, 443, 443B, 444, 446, 447 +3","color":"#0059a9","mode":"bus","arr":["203","304","403","435","441","441B","442","443","443B","444","446","447","447B","448","477"],"angle":-81.9}},{"type":"Feature","geometry":{"type":"Point","coordinates":[26.081201,44.512125]},"properties":{"lines":"203, 304, 403, 435, 441, 441B, 442, 443, 443B, 444, 446, 447 +3","color":"#0059a9","mode":"bus","arr":["203","304","403","435","441","441B","442","443","443B","444","446","447","447B","448","477"],"angle":74.7}},{"type":"Feature","geometry":{"type":"Point","coordinates":[26.08197,44.508067]},"properties":{"lines":"100, 203, 304, 403, 435, 441, 441B, 442, 443, 443B, 444, 446 +4","color":"#0059a9","mode":"bus","arr":["100","203","304","403","435","441","441B","442","443","443B","444","446","447","447B","448","477"],"angle":-84.8}},{"type":"Feature","geometry":{"type":"Point","coordinates":[26.079333,44.492393]},"properties":{"lines":"100, 196, 203, 304, 335, 403, 441, 441B, 442, 443, 443B, 444 +5","color":"#0059a9","mode":"bus","arr":["100","196","203","304","335","403","441","441B","442","443","443B","444","446","447","447B","448","477"],"angle":-87.8}},{"type":"Feature","geometry":{"type":"Point","coordinates":[26.068936,44.532635]},"properties":{"lines":"203, 304, 403","color":"#0059a9","mode":"bus","arr":["203","304","403"],"angle":77.7}},{"type":"Feature","geometry":{"type":"Point","coordinates":[26.076276,44.53651]},"properties":{"lines":"304, 403","color":"#0059a9","mode":"bus","arr":["304","403"],"angle":-20.5}},{"type":"Feature","geometry":{"type":"Point","coordinates":[26.072284,44.53551]},"properties":{"lines":"304, 403","color":"#0059a9","mode":"bus","arr":["304","403"],"angle":-18.9,"extra":1}},{"type":"Feature","geometry":{"type":"Point","coordinates":[26.175392,44.42052]},"properties":{"lines":"101, 311, 619, N122","color":"#0059a9","mode":"bus","arr":["101","311","619","N122"],"angle":71.9}},{"type":"Feature","geometry":{"type":"Point","coordinates":[26.17035,44.417241]},"properties":{"lines":"101, 311, N122","color":"#0059a9","mode":"bus","arr":["101","311","N122"],"angle":-18.9}},{"type":"Feature","geometry":{"type":"Point","coordinates":[26.174618,44.417352]},"properties":{"lines":"101, 311, N122","color":"#0059a9","mode":"bus","arr":["101","311","N122"],"angle":-21.5,"extra":1}},{"type":"Feature","geometry":{"type":"Point","coordinates":[26.101571,44.437389]},"properties":{"lines":"100, 311, 381, City Tour, N113, N117, N119, N121","color":"#0059a9","mode":"bus","arr":["100","311","381","City Tour","N113","N117","N119","N121"],"angle":70.1}},{"type":"Feature","geometry":{"type":"Point","coordinates":[26.099472,44.439165]},"properties":{"lines":"168, 226, 311, 368, N121","color":"#0059a9","mode":"bus","arr":["168","226","311","368","N121"],"angle":10}},{"type":"Feature","geometry":{"type":"Point","coordinates":[26.097619,44.439303]},"properties":{"lines":"311, N121","color":"#0059a9","mode":"bus","arr":["311","N121"],"angle":-0.4}},{"type":"Feature","geometry":{"type":"Point","coordinates":[26.108213,44.442245]},"properties":{"lines":"311","color":"#0059a9","mode":"bus","arr":["311"],"angle":-0.8}},{"type":"Feature","geometry":{"type":"Point","coordinates":[26.102961,44.441312]},"properties":{"lines":"311","color":"#0059a9","mode":"bus","arr":["311"],"angle":11.2,"extra":1}},{"type":"Feature","geometry":{"type":"Point","coordinates":[26.116141,44.440928]},"properties":{"lines":"311","color":"#0059a9","mode":"bus","arr":["311"],"angle":25.3,"extra":1}},{"type":"Feature","geometry":{"type":"Point","coordinates":[26.119905,44.391501]},"properties":{"lines":"72, 73, 74, 76, 216, 312, 381, N105","color":"#0059a9","mode":"bus","arr":["72","73","74","76","216","312","381","N105"],"angle":-65}},{"type":"Feature","geometry":{"type":"Point","coordinates":[26.111823,44.424862]},"properties":{"lines":"312, 323, N106","color":"#0059a9","mode":"bus","arr":["312","323","N106"],"angle":-86.6}},{"type":"Feature","geometry":{"type":"Point","coordinates":[26.107633,44.429581]},"properties":{"lines":"312, 323, N106","color":"#0059a9","mode":"bus","arr":["312","323","N106"],"angle":59.1}},{"type":"Feature","geometry":{"type":"Point","coordinates":[26.110109,44.428213]},"properties":{"lines":"312, 323, 385, 640, N106","color":"#0059a9","mode":"bus","arr":["312","323","385","640","N106"],"angle":3.3}},{"type":"Feature","geometry":{"type":"Point","coordinates":[26.137654,44.423749]},"properties":{"lines":"330","color":"#0059a9","mode":"bus","arr":["330"],"angle":58.6}},{"type":"Feature","geometry":{"type":"Point","coordinates":[26.138933,44.421605]},"properties":{"lines":"330, 627","color":"#0059a9","mode":"bus","arr":["330","627"],"angle":76.4}},{"type":"Feature","geometry":{"type":"Point","coordinates":[26.146758,44.417691]},"properties":{"lines":"619, 627, N122","color":"#0059a9","mode":"bus","arr":["619","627","N122"],"angle":26}},{"type":"Feature","geometry":{"type":"Point","coordinates":[26.142822,44.418799]},"properties":{"lines":"619, 627, N122","color":"#0059a9","mode":"bus","arr":["619","627","N122"],"angle":19.4,"extra":1}},{"type":"Feature","geometry":{"type":"Point","coordinates":[26.048235,44.488117]},"properties":{"lines":"331","color":"#0059a9","mode":"bus","arr":["331"],"angle":-14.1}},{"type":"Feature","geometry":{"type":"Point","coordinates":[26.052149,44.48683]},"properties":{"lines":"331, 331B","color":"#0059a9","mode":"bus","arr":["331","331B"],"angle":80.8}},{"type":"Feature","geometry":{"type":"Point","coordinates":[26.06225,44.482103]},"properties":{"lines":"331, 331B","color":"#0059a9","mode":"bus","arr":["331","331B"],"angle":27.7}},{"type":"Feature","geometry":{"type":"Point","coordinates":[26.068932,44.479417]},"properties":{"lines":"196, 331, 331B","color":"#0059a9","mode":"bus","arr":["196","331","331B"],"angle":27.7}},{"type":"Feature","geometry":{"type":"Point","coordinates":[26.055671,44.490343]},"properties":{"lines":"331B","color":"#0059a9","mode":"bus","arr":["331B"],"angle":-38.2}},{"type":"Feature","geometry":{"type":"Point","coordinates":[26.059568,44.491533]},"properties":{"lines":"331B","color":"#0059a9","mode":"bus","arr":["331B"],"angle":59.5}},{"type":"Feature","geometry":{"type":"Point","coordinates":[26.061439,44.429373]},"properties":{"lines":"63","color":"#149a3f","mode":"bus","arr":["63"],"angle":10.6}},{"type":"Feature","geometry":{"type":"Point","coordinates":[26.091081,44.428185]},"properties":{"lines":"63","color":"#149a3f","mode":"bus","arr":["63"],"angle":-86.3}},{"type":"Feature","geometry":{"type":"Point","coordinates":[26.091084,44.430161]},"properties":{"lines":"63","color":"#149a3f","mode":"bus","arr":["63"],"angle":-44.3}},{"type":"Feature","geometry":{"type":"Point","coordinates":[26.084006,44.431769]},"properties":{"lines":"63","color":"#149a3f","mode":"bus","arr":["63"],"angle":-84.1}},{"type":"Feature","geometry":{"type":"Point","coordinates":[26.073287,44.423803]},"properties":{"lines":"63","color":"#149a3f","mode":"bus","arr":["63"],"angle":9}},{"type":"Feature","geometry":{"type":"Point","coordinates":[26.064688,44.428675]},"properties":{"lines":"63","color":"#149a3f","mode":"bus","arr":["63"],"angle":41.4}},{"type":"Feature","geometry":{"type":"Point","coordinates":[26.059444,44.432946]},"properties":{"lines":"63","color":"#149a3f","mode":"bus","arr":["63"],"angle":89.8}},{"type":"Feature","geometry":{"type":"Point","coordinates":[26.068979,44.425947]},"properties":{"lines":"63, 122, 196, 226, 610","color":"#0059a9","mode":"bus","arr":["63","122","196","226","610"],"angle":36.1}},{"type":"Feature","geometry":{"type":"Point","coordinates":[26.069217,44.426059]},"properties":{"lines":"63, 122, 196, 226","color":"#0059a9","mode":"bus","arr":["63","122","196","226"],"angle":36.2}},{"type":"Feature","geometry":{"type":"Point","coordinates":[26.075414,44.424205]},"properties":{"lines":"63, 385, N101","color":"#0059a9","mode":"bus","arr":["63","385","N101"],"angle":-27.4}},{"type":"Feature","geometry":{"type":"Point","coordinates":[26.075931,44.424575]},"properties":{"lines":"63, 385, N101","color":"#0059a9","mode":"bus","arr":["63","385","N101"],"angle":-29.3}},{"type":"Feature","geometry":{"type":"Point","coordinates":[26.08566,44.424674]},"properties":{"lines":"63, N101","color":"#0059a9","mode":"bus","arr":["63","N101"],"angle":4.7}},{"type":"Feature","geometry":{"type":"Point","coordinates":[26.081447,44.424934]},"properties":{"lines":"63, N101","color":"#0059a9","mode":"bus","arr":["63","N101"],"angle":5.4,"extra":1}},{"type":"Feature","geometry":{"type":"Point","coordinates":[26.088119,44.430355]},"properties":{"lines":"63, 385, City Tour","color":"#0059a9","mode":"bus","arr":["63","385","City Tour"],"angle":5.8}},{"type":"Feature","geometry":{"type":"Point","coordinates":[26.091008,44.429131]},"properties":{"lines":"63, 385, City Tour","color":"#0059a9","mode":"bus","arr":["63","385","City Tour"],"angle":-87.1}},{"type":"Feature","geometry":{"type":"Point","coordinates":[26.084914,44.43057]},"properties":{"lines":"63, 385","color":"#0059a9","mode":"bus","arr":["63","385"],"angle":-6.5}},{"type":"Feature","geometry":{"type":"Point","coordinates":[26.091245,44.431697]},"properties":{"lines":"63, 385","color":"#0059a9","mode":"bus","arr":["63","385"],"angle":-86.1}},{"type":"Feature","geometry":{"type":"Point","coordinates":[26.090866,44.427309]},"properties":{"lines":"63, 385, City Tour, N101","color":"#0059a9","mode":"bus","arr":["63","385","City Tour","N101"],"angle":-86.4}},{"type":"Feature","geometry":{"type":"Point","coordinates":[26.090694,44.425528]},"properties":{"lines":"63, City Tour, N101","color":"#0059a9","mode":"bus","arr":["63","City Tour","N101"],"angle":-85.7}},{"type":"Feature","geometry":{"type":"Point","coordinates":[26.084428,44.424942]},"properties":{"lines":"63, City Tour, N101","color":"#0059a9","mode":"bus","arr":["63","City Tour","N101"],"angle":4.9}},{"type":"Feature","geometry":{"type":"Point","coordinates":[26.07985,44.425222]},"properties":{"lines":"63, City Tour, N101","color":"#0059a9","mode":"bus","arr":["63","City Tour","N101"],"angle":4.9,"extra":1}},{"type":"Feature","geometry":{"type":"Point","coordinates":[26.095603,44.427178]},"properties":{"lines":"N101","color":"#0059a9","mode":"bus","arr":["N101"],"angle":3.8}},{"type":"Feature","geometry":{"type":"Point","coordinates":[26.091335,44.428329]},"properties":{"lines":"N101","color":"#0059a9","mode":"bus","arr":["N101"],"angle":17.2,"extra":1}},{"type":"Feature","geometry":{"type":"Point","coordinates":[26.086353,44.435469]},"properties":{"lines":"66, 85","color":"#149a3f","mode":"bus","arr":["66","85"],"angle":27.7}},{"type":"Feature","geometry":{"type":"Point","coordinates":[26.084018,44.435199]},"properties":{"lines":"66, 85","color":"#149a3f","mode":"bus","arr":["66","85"],"angle":71.1}},{"type":"Feature","geometry":{"type":"Point","coordinates":[26.083886,44.436161]},"properties":{"lines":"66","color":"#149a3f","mode":"bus","arr":["66"],"angle":-53.1}},{"type":"Feature","geometry":{"type":"Point","coordinates":[26.125275,44.450034]},"properties":{"lines":"66, 382, N108","color":"#0059a9","mode":"bus","arr":["66","382","N108"],"angle":-73.2}},{"type":"Feature","geometry":{"type":"Point","coordinates":[26.115121,44.383009]},"properties":{"lines":"72, 73, N105","color":"#0059a9","mode":"bus","arr":["72","73","N105"],"angle":84.7}},{"type":"Feature","geometry":{"type":"Point","coordinates":[26.117853,44.3795]},"properties":{"lines":"72, 73, N105","color":"#0059a9","mode":"bus","arr":["72","73","N105"],"angle":55.8,"extra":1}},{"type":"Feature","geometry":{"type":"Point","coordinates":[26.118007,44.388417]},"properties":{"lines":"72, 73, N105","color":"#0059a9","mode":"bus","arr":["72","73","N105"],"angle":-62.9,"extra":1}},{"type":"Feature","geometry":{"type":"Point","coordinates":[26.114948,44.382957]},"properties":{"lines":"72, 73, N105","color":"#0059a9","mode":"bus","arr":["72","73","N105"],"angle":83.7}},{"type":"Feature","geometry":{"type":"Point","coordinates":[26.116782,44.386823]},"properties":{"lines":"72, 73, N105","color":"#0059a9","mode":"bus","arr":["72","73","N105"],"angle":-66.2,"extra":1}},{"type":"Feature","geometry":{"type":"Point","coordinates":[26.11902,44.378038]},"properties":{"lines":"72, 73, N105","color":"#0059a9","mode":"bus","arr":["72","73","N105"],"angle":55.1,"extra":1}},{"type":"Feature","geometry":{"type":"Point","coordinates":[26.129882,44.361342]},"properties":{"lines":"73","color":"#149a3f","mode":"bus","arr":["73"],"angle":35}},{"type":"Feature","geometry":{"type":"Point","coordinates":[26.128398,44.362767]},"properties":{"lines":"73","color":"#149a3f","mode":"bus","arr":["73"],"angle":59.6}},{"type":"Feature","geometry":{"type":"Point","coordinates":[26.120045,44.377198]},"properties":{"lines":"73, N105, N106","color":"#0059a9","mode":"bus","arr":["73","N105","N106"],"angle":60.4}},{"type":"Feature","geometry":{"type":"Point","coordinates":[26.118662,44.408507]},"properties":{"lines":"73, 74, 381, N105","color":"#0059a9","mode":"bus","arr":["73","74","381","N105"],"angle":-16.2}},{"type":"Feature","geometry":{"type":"Point","coordinates":[26.110779,44.410404]},"properties":{"lines":"73, 74, 381, N105","color":"#0059a9","mode":"bus","arr":["73","74","381","N105"],"angle":31.6}},{"type":"Feature","geometry":{"type":"Point","coordinates":[26.106066,44.412471]},"properties":{"lines":"73, 74, 381, N105","color":"#0059a9","mode":"bus","arr":["73","74","381","N105"],"angle":47.1,"extra":1}},{"type":"Feature","geometry":{"type":"Point","coordinates":[26.118307,44.408373]},"properties":{"lines":"73, 74, 381, N105","color":"#0059a9","mode":"bus","arr":["73","74","381","N105"],"angle":8.2,"extra":1}},{"type":"Feature","geometry":{"type":"Point","coordinates":[26.102566,44.385813]},"properties":{"lines":"76, 381, N112","color":"#0059a9","mode":"bus","arr":["76","381","N112"],"angle":-58}},{"type":"Feature","geometry":{"type":"Point","coordinates":[26.106464,44.388171]},"properties":{"lines":"76, 381, N112","color":"#0059a9","mode":"bus","arr":["76","381","N112"],"angle":15.7,"extra":1}},{"type":"Feature","geometry":{"type":"Point","coordinates":[26.099368,44.381005]},"properties":{"lines":"76, 381, N112","color":"#0059a9","mode":"bus","arr":["76","381","N112"],"angle":-81.9,"extra":1}},{"type":"Feature","geometry":{"type":"Point","coordinates":[26.113676,44.387918]},"properties":{"lines":"76, 216, 381","color":"#0059a9","mode":"bus","arr":["76","216","381"],"angle":-9}},{"type":"Feature","geometry":{"type":"Point","coordinates":[26.08206,44.448023]},"properties":{"lines":"79, 86","color":"#149a3f","mode":"bus","arr":["79","86"],"angle":15.7}},{"type":"Feature","geometry":{"type":"Point","coordinates":[26.0892,44.448456]},"properties":{"lines":"79, 86","color":"#149a3f","mode":"bus","arr":["79","86"],"angle":-28.6}},{"type":"Feature","geometry":{"type":"Point","coordinates":[26.094051,44.448223]},"properties":{"lines":"79, 86, 100, 381, N113","color":"#0059a9","mode":"bus","arr":["79","86","100","381","N113"],"angle":35.2}},{"type":"Feature","geometry":{"type":"Point","coordinates":[26.094112,44.448369]},"properties":{"lines":"79, 86, 100, 381, City Tour, N113","color":"#0059a9","mode":"bus","arr":["79","86","100","381","City Tour","N113"],"angle":35.4}},{"type":"Feature","geometry":{"type":"Point","coordinates":[26.076678,44.448126]},"properties":{"lines":"182","color":"#0059a9","mode":"bus","arr":["182"],"angle":-52.7}},{"type":"Feature","geometry":{"type":"Point","coordinates":[26.175024,44.474258]},"properties":{"lines":"182","color":"#0059a9","mode":"bus","arr":["182"],"angle":-50.1}},{"type":"Feature","geometry":{"type":"Point","coordinates":[26.126777,44.460211]},"properties":{"lines":"182","color":"#0059a9","mode":"bus","arr":["182"],"angle":81.9}},{"type":"Feature","geometry":{"type":"Point","coordinates":[26.128928,44.457434]},"properties":{"lines":"182","color":"#0059a9","mode":"bus","arr":["182"],"angle":54.7,"extra":1}},{"type":"Feature","geometry":{"type":"Point","coordinates":[26.078301,44.450876]},"properties":{"lines":"182","color":"#0059a9","mode":"bus","arr":["182"],"angle":78.1}},{"type":"Feature","geometry":{"type":"Point","coordinates":[26.076217,44.449782]},"properties":{"lines":"182","color":"#0059a9","mode":"bus","arr":["182"],"angle":31.9}},{"type":"Feature","geometry":{"type":"Point","coordinates":[26.135745,44.43759]},"properties":{"lines":"85, 90","color":"#149a3f","mode":"bus","arr":["85","90"],"angle":-11.6}},{"type":"Feature","geometry":{"type":"Point","coordinates":[26.129373,44.437482]},"properties":{"lines":"85, 90","color":"#149a3f","mode":"bus","arr":["85","90"],"angle":13.4}},{"type":"Feature","geometry":{"type":"Point","coordinates":[26.080925,44.436981]},"properties":{"lines":"85","color":"#149a3f","mode":"bus","arr":["85"],"angle":7.1}},{"type":"Feature","geometry":{"type":"Point","coordinates":[26.08368,44.436626]},"properties":{"lines":"85, 642","color":"#0059a9","mode":"bus","arr":["85","642"],"angle":31.9}},{"type":"Feature","geometry":{"type":"Point","coordinates":[26.049026,44.482382]},"properties":{"lines":"86, 95","color":"#149a3f","mode":"bus","arr":["86","95"],"angle":-13.3}},{"type":"Feature","geometry":{"type":"Point","coordinates":[26.04422,44.478429]},"properties":{"lines":"86, N117","color":"#0059a9","mode":"bus","arr":["86","N117"],"angle":61.2}},{"type":"Feature","geometry":{"type":"Point","coordinates":[26.046239,44.471949]},"properties":{"lines":"86, N113, N117","color":"#0059a9","mode":"bus","arr":["86","N113","N117"],"angle":60.8}},{"type":"Feature","geometry":{"type":"Point","coordinates":[26.050947,44.469685]},"properties":{"lines":"86, N113, N117","color":"#0059a9","mode":"bus","arr":["86","N113","N117"],"angle":-59.6,"extra":1}},{"type":"Feature","geometry":{"type":"Point","coordinates":[26.048655,44.473009]},"properties":{"lines":"86, N113, N117","color":"#0059a9","mode":"bus","arr":["86","N113","N117"],"angle":60.4}},{"type":"Feature","geometry":{"type":"Point","coordinates":[26.046572,44.47569]},"properties":{"lines":"86, N113, N117","color":"#0059a9","mode":"bus","arr":["86","N113","N117"],"angle":59.8,"extra":1}},{"type":"Feature","geometry":{"type":"Point","coordinates":[26.130981,44.444516]},"properties":{"lines":"86, N120","color":"#0059a9","mode":"bus","arr":["86","N120"],"angle":-32.4}},{"type":"Feature","geometry":{"type":"Point","coordinates":[26.13195,44.445063]},"properties":{"lines":"86, 101, 382, N120","color":"#0059a9","mode":"bus","arr":["86","101","382","N120"],"angle":-32}},{"type":"Feature","geometry":{"type":"Point","coordinates":[26.136961,44.447219]},"properties":{"lines":"86, 382","color":"#0059a9","mode":"bus","arr":["86","382"],"angle":-31.8}},{"type":"Feature","geometry":{"type":"Point","coordinates":[26.140771,44.448427]},"properties":{"lines":"86, 382","color":"#0059a9","mode":"bus","arr":["86","382"],"angle":50.5}},{"type":"Feature","geometry":{"type":"Point","coordinates":[26.05233,44.472604]},"properties":{"lines":"86","color":"#149a3f","mode":"bus","arr":["86"],"angle":-71.5}},{"type":"Feature","geometry":{"type":"Point","coordinates":[26.055739,44.470119]},"properties":{"lines":"93, 381","color":"#0059a9","mode":"bus","arr":["93","381"],"angle":24.9}},{"type":"Feature","geometry":{"type":"Point","coordinates":[26.05425,44.473245]},"properties":{"lines":"N113, N117","color":"#0059a9","mode":"bus","arr":["N113","N117"],"angle":43.9}},{"type":"Feature","geometry":{"type":"Point","coordinates":[26.047073,44.4454]},"properties":{"lines":"N110","color":"#0059a9","mode":"bus","arr":["N110"],"angle":14.5}},{"type":"Feature","geometry":{"type":"Point","coordinates":[26.055675,44.470047]},"properties":{"lines":"93, 381, N113, N117","color":"#0059a9","mode":"bus","arr":["93","381","N113","N117"],"angle":24.8}},{"type":"Feature","geometry":{"type":"Point","coordinates":[26.057912,44.47105]},"properties":{"lines":"93, 196, 642, N113, N117","color":"#0059a9","mode":"bus","arr":["93","196","642","N113","N117"],"angle":42}},{"type":"Feature","geometry":{"type":"Point","coordinates":[26.056993,44.472868]},"properties":{"lines":"93, 196, 642","color":"#0059a9","mode":"bus","arr":["93","196","642"],"angle":-12}},{"type":"Feature","geometry":{"type":"Point","coordinates":[26.066482,44.474351]},"properties":{"lines":"93, 642","color":"#0059a9","mode":"bus","arr":["93","642"],"angle":90}},{"type":"Feature","geometry":{"type":"Point","coordinates":[26.062222,44.473664]},"properties":{"lines":"93, 642","color":"#0059a9","mode":"bus","arr":["93","642"],"angle":-11.9,"extra":1}},{"type":"Feature","geometry":{"type":"Point","coordinates":[26.027858,44.499467]},"properties":{"lines":"95, 476, N117","color":"#0059a9","mode":"bus","arr":["95","476","N117"],"angle":60.8}},{"type":"Feature","geometry":{"type":"Point","coordinates":[26.029867,44.496889]},"properties":{"lines":"95, 476, N117","color":"#0059a9","mode":"bus","arr":["95","476","N117"],"angle":61.2,"extra":1}},{"type":"Feature","geometry":{"type":"Point","coordinates":[26.025953,44.502172]},"properties":{"lines":"95, 476, N117","color":"#0059a9","mode":"bus","arr":["95","476","N117"],"angle":61,"extra":1}},{"type":"Feature","geometry":{"type":"Point","coordinates":[26.041701,44.481879]},"properties":{"lines":"95, N117","color":"#0059a9","mode":"bus","arr":["95","N117"],"angle":61}},{"type":"Feature","geometry":{"type":"Point","coordinates":[26.054127,44.409302]},"properties":{"lines":"96, 426, 427, 428, 487","color":"#0059a9","mode":"bus","arr":["96","426","427","428","487"],"angle":-70.7}},{"type":"Feature","geometry":{"type":"Point","coordinates":[26.057433,44.416046]},"properties":{"lines":"96, 426, 427, 428, 487","color":"#0059a9","mode":"bus","arr":["96","426","427","428","487"],"angle":-70.2,"extra":1}},{"type":"Feature","geometry":{"type":"Point","coordinates":[26.052855,44.406709]},"properties":{"lines":"96, 426, 427, 428, 487","color":"#0059a9","mode":"bus","arr":["96","426","427","428","487"],"angle":-70.4,"extra":1}},{"type":"Feature","geometry":{"type":"Point","coordinates":[26.050567,44.40204]},"properties":{"lines":"96, 426, 427, 428, 487","color":"#0059a9","mode":"bus","arr":["96","426","427","428","487"],"angle":-70.7,"extra":1}},{"type":"Feature","geometry":{"type":"Point","coordinates":[26.103899,44.428502]},"properties":{"lines":"100, 323, 385, City Tour, N102, N103, N106, N108, N109, N113, N116, N117 +3","color":"#0059a9","mode":"bus","arr":["100","323","385","City Tour","N102","N103","N106","N108","N109","N113","N116","N117","N119","N120","N121"],"angle":-79.6}},{"type":"Feature","geometry":{"type":"Point","coordinates":[26.103726,44.430423]},"properties":{"lines":"100, City Tour, N102, N103, N108, N113, N116, N117, N119, N120, N121","color":"#0059a9","mode":"bus","arr":["100","City Tour","N102","N103","N108","N113","N116","N117","N119","N120","N121"],"angle":87.9}},{"type":"Feature","geometry":{"type":"Point","coordinates":[26.10339,44.432978]},"properties":{"lines":"N102, N103, N108, N113, N116, N117, N119, N120, N121","color":"#0059a9","mode":"bus","arr":["N102","N103","N108","N113","N116","N117","N119","N120","N121"],"angle":80.6}},{"type":"Feature","geometry":{"type":"Point","coordinates":[26.103497,44.432991]},"properties":{"lines":"100, 381, City Tour","color":"#0059a9","mode":"bus","arr":["100","381","City Tour"],"angle":80.5}},{"type":"Feature","geometry":{"type":"Point","coordinates":[26.102972,44.43467]},"properties":{"lines":"100, 381, City Tour, N102, N103, N108, N113, N116, N117, N119, N120, N121","color":"#0059a9","mode":"bus","arr":["100","381","City Tour","N102","N103","N108","N113","N116","N117","N119","N120","N121"],"angle":76.1}},{"type":"Feature","geometry":{"type":"Point","coordinates":[26.099437,44.441582]},"properties":{"lines":"100, 168, 226, 368, 381, City Tour, N113, N117, N119","color":"#0059a9","mode":"bus","arr":["100","168","226","368","381","City Tour","N113","N117","N119"],"angle":70.7}},{"type":"Feature","geometry":{"type":"Point","coordinates":[26.089105,44.450897]},"properties":{"lines":"100, 381, City Tour, N113","color":"#0059a9","mode":"bus","arr":["100","381","City Tour","N113"],"angle":35.3}},{"type":"Feature","geometry":{"type":"Point","coordinates":[26.06899,44.549297]},"properties":{"lines":"100, 441, 441B, 442, 443, 443B, 444, 446, 447, 447B, 448, 477","color":"#0059a9","mode":"bus","arr":["100","441","441B","442","443","443B","444","446","447","447B","448","477"],"angle":-88.4}},{"type":"Feature","geometry":{"type":"Point","coordinates":[26.068551,44.533371]},"properties":{"lines":"100, 441, 441B, 442, 443, 443B, 444, 446, 447, 447B, 448, 477","color":"#0059a9","mode":"bus","arr":["100","441","441B","442","443","443B","444","446","447","447B","448","477"],"angle":84.1,"extra":1}},{"type":"Feature","geometry":{"type":"Point","coordinates":[26.068638,44.538315]},"properties":{"lines":"100, 441, 441B, 442, 443, 443B, 444, 446, 447, 447B, 448, 477","color":"#0059a9","mode":"bus","arr":["100","441","441B","442","443","443B","444","446","447","447B","448","477"],"angle":-88.7,"extra":1}},{"type":"Feature","geometry":{"type":"Point","coordinates":[26.06879,44.54326]},"properties":{"lines":"100, 441, 441B, 442, 443, 443B, 444, 446, 447, 447B, 448, 477","color":"#0059a9","mode":"bus","arr":["100","441","441B","442","443","443B","444","446","447","447B","448","477"],"angle":-88.7,"extra":1}},{"type":"Feature","geometry":{"type":"Point","coordinates":[26.069146,44.553146]},"properties":{"lines":"100, 441, 441B, 442, 443, 443B, 444, 446, 447, 447B, 448, 477","color":"#0059a9","mode":"bus","arr":["100","441","441B","442","443","443B","444","446","447","447B","448","477"],"angle":-88.3,"extra":1}},{"type":"Feature","geometry":{"type":"Point","coordinates":[26.069369,44.55809]},"properties":{"lines":"100, 441, 441B, 442, 443, 443B, 444, 446, 447, 447B, 448, 477","color":"#0059a9","mode":"bus","arr":["100","441","441B","442","443","443B","444","446","447","447B","448","477"],"angle":-88.2,"extra":1}},{"type":"Feature","geometry":{"type":"Point","coordinates":[26.069585,44.563034]},"properties":{"lines":"100, 441, 441B, 442, 443, 443B, 444, 446, 447, 447B, 448, 477","color":"#0059a9","mode":"bus","arr":["100","441","441B","442","443","443B","444","446","447","447B","448","477"],"angle":-88.2,"extra":1}},{"type":"Feature","geometry":{"type":"Point","coordinates":[26.069099,44.555201]},"properties":{"lines":"100, 441, 441B, 442, 443, 443B, 444, 446, 447, 447B, 448, 477","color":"#0059a9","mode":"bus","arr":["100","441","441B","442","443","443B","444","446","447","447B","448","477"],"angle":-88.6}},{"type":"Feature","geometry":{"type":"Point","coordinates":[26.069752,44.570123]},"properties":{"lines":"100, 441, 441B, 442, 443, 443B, 444, 446, 447, 447B, 448, 477","color":"#0059a9","mode":"bus","arr":["100","441","441B","442","443","443B","444","446","447","447B","448","477"],"angle":-89.3,"extra":1}},{"type":"Feature","geometry":{"type":"Point","coordinates":[26.069573,44.565182]},"properties":{"lines":"100, 441, 441B, 442, 443, 443B, 444, 446, 447, 447B, 448, 477","color":"#0059a9","mode":"bus","arr":["100","441","441B","442","443","443B","444","446","447","447B","448","477"],"angle":-88.1,"extra":1}},{"type":"Feature","geometry":{"type":"Point","coordinates":[26.069339,44.560238]},"properties":{"lines":"100, 441, 441B, 442, 443, 443B, 444, 446, 447, 447B, 448, 477","color":"#0059a9","mode":"bus","arr":["100","441","441B","442","443","443B","444","446","447","447B","448","477"],"angle":-88.1,"extra":1}},{"type":"Feature","geometry":{"type":"Point","coordinates":[26.068887,44.550351]},"properties":{"lines":"100, 441, 441B, 442, 443, 443B, 444, 446, 447, 447B, 448, 477","color":"#0059a9","mode":"bus","arr":["100","441","441B","442","443","443B","444","446","447","447B","448","477"],"angle":-87.9,"extra":1}},{"type":"Feature","geometry":{"type":"Point","coordinates":[26.068719,44.545407]},"properties":{"lines":"100, 441, 441B, 442, 443, 443B, 444, 446, 447, 447B, 448, 477","color":"#0059a9","mode":"bus","arr":["100","441","441B","442","443","443B","444","446","447","447B","448","477"],"angle":-88.7,"extra":1}},{"type":"Feature","geometry":{"type":"Point","coordinates":[26.06856,44.540462]},"properties":{"lines":"100, 441, 441B, 442, 443, 443B, 444, 446, 447, 447B, 448, 477","color":"#0059a9","mode":"bus","arr":["100","441","441B","442","443","443B","444","446","447","447B","448","477"],"angle":-89.1,"extra":1}},{"type":"Feature","geometry":{"type":"Point","coordinates":[26.072462,44.568744]},"properties":{"lines":"100, 442","color":"#0059a9","mode":"bus","arr":["100","442"],"angle":-5}},{"type":"Feature","geometry":{"type":"Point","coordinates":[26.0768,44.571564]},"properties":{"lines":"100, 442","color":"#0059a9","mode":"bus","arr":["100","442"],"angle":83.9}},{"type":"Feature","geometry":{"type":"Point","coordinates":[26.072408,44.573247]},"properties":{"lines":"100, 442","color":"#0059a9","mode":"bus","arr":["100","442"],"angle":-22.2}},{"type":"Feature","geometry":{"type":"Point","coordinates":[26.068392,44.53435]},"properties":{"lines":"100, 403, 441, 441B, 442, 443, 443B, 444, 446, 447, 447B, 448, 477","color":"#0059a9","mode":"bus","arr":["100","403","441","441B","442","443","443B","444","446","447","447B","448","477"],"angle":-88.6}},{"type":"Feature","geometry":{"type":"Point","coordinates":[26.089016,44.450779]},"properties":{"lines":"100, 381, N113","color":"#0059a9","mode":"bus","arr":["100","381","N113"],"angle":35.7}},{"type":"Feature","geometry":{"type":"Point","coordinates":[26.09667,44.446852]},"properties":{"lines":"100, 368, 381, N113, N119","color":"#0059a9","mode":"bus","arr":["100","368","381","N113","N119"],"angle":55.5}},{"type":"Feature","geometry":{"type":"Point","coordinates":[26.097489,44.445252]},"properties":{"lines":"100, 368, 381, N113, N117, N119","color":"#0059a9","mode":"bus","arr":["100","368","381","N113","N117","N119"],"angle":70.5}},{"type":"Feature","geometry":{"type":"Point","coordinates":[26.098895,44.442298]},"properties":{"lines":"100, 381, N113, N117, N119","color":"#0059a9","mode":"bus","arr":["100","381","N113","N117","N119"],"angle":71.1}},{"type":"Feature","geometry":{"type":"Point","coordinates":[26.102784,44.434639]},"properties":{"lines":"100, 381, N102, N108, N113, N116, N117, N119, N120, N121","color":"#0059a9","mode":"bus","arr":["100","381","N102","N108","N113","N116","N117","N119","N120","N121"],"angle":74.2}},{"type":"Feature","geometry":{"type":"Point","coordinates":[26.10358,44.431393]},"properties":{"lines":"100, N102, N108, N113, N117, N119, N120, N121","color":"#0059a9","mode":"bus","arr":["100","N102","N108","N113","N117","N119","N120","N121"],"angle":87.7}},{"type":"Feature","geometry":{"type":"Point","coordinates":[26.137705,44.444794]},"properties":{"lines":"101, N120","color":"#0059a9","mode":"bus","arr":["101","N120"],"angle":8.8}},{"type":"Feature","geometry":{"type":"Point","coordinates":[26.129441,44.451374]},"properties":{"lines":"101","color":"#0059a9","mode":"bus","arr":["101"],"angle":52.4}},{"type":"Feature","geometry":{"type":"Point","coordinates":[26.131819,44.44844]},"properties":{"lines":"101, 382","color":"#0059a9","mode":"bus","arr":["101","382"],"angle":59.1}},{"type":"Feature","geometry":{"type":"Point","coordinates":[26.129354,44.451385]},"properties":{"lines":"382","color":"#0059a9","mode":"bus","arr":["382"],"angle":59.5}},{"type":"Feature","geometry":{"type":"Point","coordinates":[26.150293,44.478241]},"properties":{"lines":"382","color":"#0059a9","mode":"bus","arr":["382"],"angle":65.4}},{"type":"Feature","geometry":{"type":"Point","coordinates":[26.148276,44.481393]},"properties":{"lines":"382","color":"#0059a9","mode":"bus","arr":["382"],"angle":56.8,"extra":1}},{"type":"Feature","geometry":{"type":"Point","coordinates":[26.143627,44.47798]},"properties":{"lines":"382","color":"#0059a9","mode":"bus","arr":["382"],"angle":79.3}},{"type":"Feature","geometry":{"type":"Point","coordinates":[26.144115,44.482031]},"properties":{"lines":"382","color":"#0059a9","mode":"bus","arr":["382"],"angle":9.5,"extra":1}},{"type":"Feature","geometry":{"type":"Point","coordinates":[26.146336,44.474662]},"properties":{"lines":"382","color":"#0059a9","mode":"bus","arr":["382"],"angle":57.9,"extra":1}},{"type":"Feature","geometry":{"type":"Point","coordinates":[26.069125,44.421819]},"properties":{"lines":"122, 226, 385, N101","color":"#0059a9","mode":"bus","arr":["122","226","385","N101"],"angle":-26.7}},{"type":"Feature","geometry":{"type":"Point","coordinates":[26.072348,44.423481]},"properties":{"lines":"122, 226, 610","color":"#0059a9","mode":"bus","arr":["122","226","610"],"angle":-82.2}},{"type":"Feature","geometry":{"type":"Point","coordinates":[26.071029,44.422724]},"properties":{"lines":"122, 226, 385, 610, N101","color":"#0059a9","mode":"bus","arr":["122","226","385","610","N101"],"angle":-28}},{"type":"Feature","geometry":{"type":"Point","coordinates":[26.097648,44.439238]},"properties":{"lines":"168, 226, 368","color":"#0059a9","mode":"bus","arr":["168","226","368"],"angle":-0.8}},{"type":"Feature","geometry":{"type":"Point","coordinates":[26.081101,44.440323]},"properties":{"lines":"168, 226, 368, N121","color":"#0059a9","mode":"bus","arr":["168","226","368","N121"],"angle":-71.6}},{"type":"Feature","geometry":{"type":"Point","coordinates":[26.166428,44.466844]},"properties":{"lines":"182, 343","color":"#0059a9","mode":"bus","arr":["182","343"],"angle":-50.5}},{"type":"Feature","geometry":{"type":"Point","coordinates":[26.170558,44.470402]},"properties":{"lines":"182, 343","color":"#0059a9","mode":"bus","arr":["182","343"],"angle":-50.3,"extra":1}},{"type":"Feature","geometry":{"type":"Point","coordinates":[26.162072,44.462974]},"properties":{"lines":"182, 343","color":"#0059a9","mode":"bus","arr":["182","343"],"angle":-58.7,"extra":1}},{"type":"Feature","geometry":{"type":"Point","coordinates":[26.160649,44.461299]},"properties":{"lines":"182, 343","color":"#0059a9","mode":"bus","arr":["182","343"],"angle":-65.1}},{"type":"Feature","geometry":{"type":"Point","coordinates":[26.143995,44.468889]},"properties":{"lines":"182, 343, N103","color":"#0059a9","mode":"bus","arr":["182","343","N103"],"angle":60.6}},{"type":"Feature","geometry":{"type":"Point","coordinates":[26.079812,44.496624]},"properties":{"lines":"196","color":"#0059a9","mode":"bus","arr":["196"],"angle":29.4}},{"type":"Feature","geometry":{"type":"Point","coordinates":[26.079838,44.500088]},"properties":{"lines":"196","color":"#0059a9","mode":"bus","arr":["196"],"angle":-79.7}},{"type":"Feature","geometry":{"type":"Point","coordinates":[26.056435,44.4803]},"properties":{"lines":"196","color":"#0059a9","mode":"bus","arr":["196"],"angle":-74.7}},{"type":"Feature","geometry":{"type":"Point","coordinates":[26.062686,44.481171]},"properties":{"lines":"196","color":"#0059a9","mode":"bus","arr":["196"],"angle":27,"extra":1}},{"type":"Feature","geometry":{"type":"Point","coordinates":[26.058042,44.475442]},"properties":{"lines":"196","color":"#0059a9","mode":"bus","arr":["196"],"angle":71.3,"extra":1}},{"type":"Feature","geometry":{"type":"Point","coordinates":[26.082021,44.417774]},"properties":{"lines":"196","color":"#0059a9","mode":"bus","arr":["196"],"angle":83.9}},{"type":"Feature","geometry":{"type":"Point","coordinates":[26.074236,44.421053]},"properties":{"lines":"196","color":"#0059a9","mode":"bus","arr":["196"],"angle":68.4,"extra":1}},{"type":"Feature","geometry":{"type":"Point","coordinates":[26.078157,44.41935]},"properties":{"lines":"196","color":"#0059a9","mode":"bus","arr":["196"],"angle":23.4,"extra":1}},{"type":"Feature","geometry":{"type":"Point","coordinates":[26.08952,44.415198]},"properties":{"lines":"196","color":"#0059a9","mode":"bus","arr":["196"],"angle":-39.9}},{"type":"Feature","geometry":{"type":"Point","coordinates":[26.079746,44.496602]},"properties":{"lines":"196","color":"#0059a9","mode":"bus","arr":["196"],"angle":5.6}},{"type":"Feature","geometry":{"type":"Point","coordinates":[26.10402,44.427277]},"properties":{"lines":"381","color":"#0059a9","mode":"bus","arr":["381"],"angle":87.5}},{"type":"Feature","geometry":{"type":"Point","coordinates":[26.103812,44.428195]},"properties":{"lines":"381","color":"#0059a9","mode":"bus","arr":["381"],"angle":85.5}},{"type":"Feature","geometry":{"type":"Point","coordinates":[26.103468,44.431424]},"properties":{"lines":"381","color":"#0059a9","mode":"bus","arr":["381"],"angle":87.5,"extra":1}},{"type":"Feature","geometry":{"type":"Point","coordinates":[26.094651,44.53821]},"properties":{"lines":"203","color":"#0059a9","mode":"bus","arr":["203"],"angle":82.3}},{"type":"Feature","geometry":{"type":"Point","coordinates":[26.082128,44.536316]},"properties":{"lines":"203","color":"#0059a9","mode":"bus","arr":["203"],"angle":-22.6}},{"type":"Feature","geometry":{"type":"Point","coordinates":[26.072525,44.53414]},"properties":{"lines":"203","color":"#0059a9","mode":"bus","arr":["203"],"angle":-15.2,"extra":1}},{"type":"Feature","geometry":{"type":"Point","coordinates":[26.092378,44.538305]},"properties":{"lines":"203","color":"#0059a9","mode":"bus","arr":["203"],"angle":-7.5,"extra":1}},{"type":"Feature","geometry":{"type":"Point","coordinates":[26.068473,44.534472]},"properties":{"lines":"203","color":"#0059a9","mode":"bus","arr":["203"],"angle":-21.5}},{"type":"Feature","geometry":{"type":"Point","coordinates":[26.101002,44.370333]},"properties":{"lines":"216","color":"#0059a9","mode":"bus","arr":["216"],"angle":10.8}},{"type":"Feature","geometry":{"type":"Point","coordinates":[26.093595,44.372824]},"properties":{"lines":"216","color":"#0059a9","mode":"bus","arr":["216"],"angle":9.8,"extra":1}},{"type":"Feature","geometry":{"type":"Point","coordinates":[26.105971,44.375048]},"properties":{"lines":"216","color":"#0059a9","mode":"bus","arr":["216"],"angle":-79.7,"extra":1}},{"type":"Feature","geometry":{"type":"Point","coordinates":[26.137893,44.58607]},"properties":{"lines":"449","color":"#0059a9","mode":"bus","arr":["449"],"angle":83.2}},{"type":"Feature","geometry":{"type":"Point","coordinates":[26.143406,44.552241]},"properties":{"lines":"449","color":"#0059a9","mode":"bus","arr":["449"],"angle":-87.7,"extra":1}},{"type":"Feature","geometry":{"type":"Point","coordinates":[26.14286,44.55717]},"properties":{"lines":"449","color":"#0059a9","mode":"bus","arr":["449"],"angle":83,"extra":1}},{"type":"Feature","geometry":{"type":"Point","coordinates":[26.142009,44.562079]},"properties":{"lines":"449","color":"#0059a9","mode":"bus","arr":["449"],"angle":83.2,"extra":1}},{"type":"Feature","geometry":{"type":"Point","coordinates":[26.1412,44.566991]},"properties":{"lines":"449","color":"#0059a9","mode":"bus","arr":["449"],"angle":83.3,"extra":1}},{"type":"Feature","geometry":{"type":"Point","coordinates":[26.140349,44.5719]},"properties":{"lines":"449","color":"#0059a9","mode":"bus","arr":["449"],"angle":83.5,"extra":1}},{"type":"Feature","geometry":{"type":"Point","coordinates":[26.139531,44.576812]},"properties":{"lines":"449","color":"#0059a9","mode":"bus","arr":["449"],"angle":83.8,"extra":1}},{"type":"Feature","geometry":{"type":"Point","coordinates":[26.13868,44.58172]},"properties":{"lines":"449","color":"#0059a9","mode":"bus","arr":["449"],"angle":82.6,"extra":1}},{"type":"Feature","geometry":{"type":"Point","coordinates":[26.136033,44.591021]},"properties":{"lines":"449","color":"#0059a9","mode":"bus","arr":["449"],"angle":-79,"extra":1}},{"type":"Feature","geometry":{"type":"Point","coordinates":[26.134311,44.595725]},"properties":{"lines":"449","color":"#0059a9","mode":"bus","arr":["449"],"angle":70.7,"extra":1}},{"type":"Feature","geometry":{"type":"Point","coordinates":[26.132083,44.600407]},"properties":{"lines":"449","color":"#0059a9","mode":"bus","arr":["449"],"angle":76.5,"extra":1}},{"type":"Feature","geometry":{"type":"Point","coordinates":[26.130584,44.605236]},"properties":{"lines":"449","color":"#0059a9","mode":"bus","arr":["449"],"angle":78.8,"extra":1}},{"type":"Feature","geometry":{"type":"Point","coordinates":[26.128975,44.610041]},"properties":{"lines":"449","color":"#0059a9","mode":"bus","arr":["449"],"angle":72.7,"extra":1}},{"type":"Feature","geometry":{"type":"Point","coordinates":[26.126894,44.614759]},"properties":{"lines":"449","color":"#0059a9","mode":"bus","arr":["449"],"angle":72.8,"extra":1}},{"type":"Feature","geometry":{"type":"Point","coordinates":[26.124832,44.619481]},"properties":{"lines":"449","color":"#0059a9","mode":"bus","arr":["449"],"angle":72.7,"extra":1}},{"type":"Feature","geometry":{"type":"Point","coordinates":[26.113044,44.635017]},"properties":{"lines":"449","color":"#0059a9","mode":"bus","arr":["449"],"angle":-86.2}},{"type":"Feature","geometry":{"type":"Point","coordinates":[26.110375,44.625426]},"properties":{"lines":"449","color":"#0059a9","mode":"bus","arr":["449"],"angle":-72.9,"extra":1}},{"type":"Feature","geometry":{"type":"Point","coordinates":[26.112239,44.630183]},"properties":{"lines":"449","color":"#0059a9","mode":"bus","arr":["449"],"angle":-77.1,"extra":1}},{"type":"Feature","geometry":{"type":"Point","coordinates":[26.113508,44.640023]},"properties":{"lines":"449","color":"#0059a9","mode":"bus","arr":["449"],"angle":-86.1,"extra":1}},{"type":"Feature","geometry":{"type":"Point","coordinates":[26.113505,44.644768]},"properties":{"lines":"449","color":"#0059a9","mode":"bus","arr":["449"],"angle":-80.2,"extra":1}},{"type":"Feature","geometry":{"type":"Point","coordinates":[26.122383,44.490912]},"properties":{"lines":"449","color":"#0059a9","mode":"bus","arr":["449"],"angle":-30.8}},{"type":"Feature","geometry":{"type":"Point","coordinates":[26.141777,44.549457]},"properties":{"lines":"301B, 449","color":"#0059a9","mode":"bus","arr":["301B","449"],"angle":-75.8}},{"type":"Feature","geometry":{"type":"Point","coordinates":[26.142178,44.544387]},"properties":{"lines":"301B, 449, 459","color":"#0059a9","mode":"bus","arr":["301B","449","459"],"angle":81.2}},{"type":"Feature","geometry":{"type":"Point","coordinates":[26.142408,44.541546]},"properties":{"lines":"301B, 449, 459","color":"#0059a9","mode":"bus","arr":["301B","449","459"],"angle":87.7,"extra":1}},{"type":"Feature","geometry":{"type":"Point","coordinates":[26.142568,44.535426]},"properties":{"lines":"301B, 449, 459","color":"#0059a9","mode":"bus","arr":["301B","449","459"],"angle":-87.3}},{"type":"Feature","geometry":{"type":"Point","coordinates":[26.142412,44.538953]},"properties":{"lines":"301B, 449, 459","color":"#0059a9","mode":"bus","arr":["301B","449","459"],"angle":-86.6,"extra":1}},{"type":"Feature","geometry":{"type":"Point","coordinates":[26.003723,44.431839]},"properties":{"lines":"322, 478","color":"#0059a9","mode":"bus","arr":["322","478"],"angle":-6.6}},{"type":"Feature","geometry":{"type":"Point","coordinates":[26.000763,44.416874]},"properties":{"lines":"322","color":"#0059a9","mode":"bus","arr":["322"],"angle":81.1}},{"type":"Feature","geometry":{"type":"Point","coordinates":[25.999813,44.421216]},"properties":{"lines":"322","color":"#0059a9","mode":"bus","arr":["322"],"angle":81.1,"extra":1}},{"type":"Feature","geometry":{"type":"Point","coordinates":[26.002589,44.411565]},"properties":{"lines":"322","color":"#0059a9","mode":"bus","arr":["322"],"angle":68.3,"extra":1}},{"type":"Feature","geometry":{"type":"Point","coordinates":[26.000917,44.416916]},"properties":{"lines":"322","color":"#0059a9","mode":"bus","arr":["322"],"angle":81.1}},{"type":"Feature","geometry":{"type":"Point","coordinates":[26.002181,44.412611]},"properties":{"lines":"322","color":"#0059a9","mode":"bus","arr":["322"],"angle":68.3,"extra":1}},{"type":"Feature","geometry":{"type":"Point","coordinates":[25.999733,44.422326]},"properties":{"lines":"322","color":"#0059a9","mode":"bus","arr":["322"],"angle":81.1,"extra":1}},{"type":"Feature","geometry":{"type":"Point","coordinates":[26.08685,44.391126]},"properties":{"lines":"323","color":"#0059a9","mode":"bus","arr":["323"],"angle":29.4}},{"type":"Feature","geometry":{"type":"Point","coordinates":[26.090654,44.389698]},"properties":{"lines":"323","color":"#0059a9","mode":"bus","arr":["323"],"angle":18.2,"extra":1}},{"type":"Feature","geometry":{"type":"Point","coordinates":[26.108387,44.415768]},"properties":{"lines":"323, 619","color":"#0059a9","mode":"bus","arr":["323","619"],"angle":-4.4}},{"type":"Feature","geometry":{"type":"Point","coordinates":[26.112483,44.420414]},"properties":{"lines":"323, N106","color":"#0059a9","mode":"bus","arr":["323","N106"],"angle":74.8}},{"type":"Feature","geometry":{"type":"Point","coordinates":[26.105485,44.429387]},"properties":{"lines":"323, 385, N106, N109","color":"#0059a9","mode":"bus","arr":["323","385","N106","N109"],"angle":-31}},{"type":"Feature","geometry":{"type":"Point","coordinates":[26.107171,44.429695]},"properties":{"lines":"323, 385, 605, 640, 655, N106","color":"#0059a9","mode":"bus","arr":["323","385","605","640","655","N106"],"angle":60.9}},{"type":"Feature","geometry":{"type":"Point","coordinates":[26.125449,44.449061]},"properties":{"lines":"335, 382, N1","color":"#0059a9","mode":"bus","arr":["335","382","N1"],"angle":56.9}},{"type":"Feature","geometry":{"type":"Point","coordinates":[26.141749,44.470696]},"properties":{"lines":"343, 382","color":"#0059a9","mode":"bus","arr":["343","382"],"angle":85.8}},{"type":"Feature","geometry":{"type":"Point","coordinates":[26.105336,44.47569]},"properties":{"lines":"343, 459","color":"#0059a9","mode":"bus","arr":["343","459"],"angle":4.2}},{"type":"Feature","geometry":{"type":"Point","coordinates":[26.114653,44.487409]},"properties":{"lines":"343, 416, 449, 450, 459, 488","color":"#0059a9","mode":"bus","arr":["343","416","449","450","459","488"],"angle":-50.6}},{"type":"Feature","geometry":{"type":"Point","coordinates":[26.112128,44.485442]},"properties":{"lines":"343, 449","color":"#0059a9","mode":"bus","arr":["343","449"],"angle":-38.4}},{"type":"Feature","geometry":{"type":"Point","coordinates":[26.105295,44.47561]},"properties":{"lines":"343, 449","color":"#0059a9","mode":"bus","arr":["343","449"],"angle":5.2}},{"type":"Feature","geometry":{"type":"Point","coordinates":[26.09664,44.441471]},"properties":{"lines":"368","color":"#0059a9","mode":"bus","arr":["368"],"angle":-54.4}},{"type":"Feature","geometry":{"type":"Point","coordinates":[26.082699,44.438086]},"properties":{"lines":"642","color":"#0059a9","mode":"bus","arr":["642"],"angle":71.1}},{"type":"Feature","geometry":{"type":"Point","coordinates":[26.082046,44.447427]},"properties":{"lines":"642","color":"#0059a9","mode":"bus","arr":["642"],"angle":-70.2}},{"type":"Feature","geometry":{"type":"Point","coordinates":[26.086634,44.436187]},"properties":{"lines":"642","color":"#0059a9","mode":"bus","arr":["642"],"angle":10.5}},{"type":"Feature","geometry":{"type":"Point","coordinates":[26.082694,44.439079]},"properties":{"lines":"642","color":"#0059a9","mode":"bus","arr":["642"],"angle":27.1}},{"type":"Feature","geometry":{"type":"Point","coordinates":[26.08104,44.441688]},"properties":{"lines":"642","color":"#0059a9","mode":"bus","arr":["642"],"angle":75.2,"extra":1}},{"type":"Feature","geometry":{"type":"Point","coordinates":[26.085394,44.452441]},"properties":{"lines":"381, N113","color":"#0059a9","mode":"bus","arr":["381","N113"],"angle":-5.5}},{"type":"Feature","geometry":{"type":"Point","coordinates":[26.082235,44.454095]},"properties":{"lines":"381, 642, N113","color":"#0059a9","mode":"bus","arr":["381","642","N113"],"angle":51.6}},{"type":"Feature","geometry":{"type":"Point","coordinates":[26.1475,44.472222]},"properties":{"lines":"382, 409, 409B, 468, 468B","color":"#0059a9","mode":"bus","arr":["382","409","409B","468","468B"],"angle":-35.1}},{"type":"Feature","geometry":{"type":"Point","coordinates":[26.151523,44.474262]},"properties":{"lines":"382, 409, 409B, 468, 468B","color":"#0059a9","mode":"bus","arr":["382","409","409B","468","468B"],"angle":-35.4,"extra":1}},{"type":"Feature","geometry":{"type":"Point","coordinates":[26.078472,44.426401]},"properties":{"lines":"385","color":"#0059a9","mode":"bus","arr":["385"],"angle":-55.8}},{"type":"Feature","geometry":{"type":"Point","coordinates":[26.08386,44.430245]},"properties":{"lines":"385","color":"#0059a9","mode":"bus","arr":["385"],"angle":-30.8}},{"type":"Feature","geometry":{"type":"Point","coordinates":[26.080588,44.429172]},"properties":{"lines":"385, City Tour","color":"#0059a9","mode":"bus","arr":["385","City Tour"],"angle":-27.2}},{"type":"Feature","geometry":{"type":"Point","coordinates":[26.085267,44.430521]},"properties":{"lines":"385, City Tour","color":"#0059a9","mode":"bus","arr":["385","City Tour"],"angle":-7,"extra":1}},{"type":"Feature","geometry":{"type":"Point","coordinates":[26.095492,44.42702]},"properties":{"lines":"385, City Tour, N101","color":"#0059a9","mode":"bus","arr":["385","City Tour","N101"],"angle":3.6}},{"type":"Feature","geometry":{"type":"Point","coordinates":[26.073529,44.423664]},"properties":{"lines":"385, N101","color":"#0059a9","mode":"bus","arr":["385","N101"],"angle":-27.7}},{"type":"Feature","geometry":{"type":"Point","coordinates":[26.082675,44.552223]},"properties":{"lines":"403","color":"#0059a9","mode":"bus","arr":["403"],"angle":-23.6}},{"type":"Feature","geometry":{"type":"Point","coordinates":[26.121624,44.549737]},"properties":{"lines":"403","color":"#0059a9","mode":"bus","arr":["403"],"angle":17.2,"extra":1}},{"type":"Feature","geometry":{"type":"Point","coordinates":[26.114992,44.551164]},"properties":{"lines":"403","color":"#0059a9","mode":"bus","arr":["403"],"angle":16.6,"extra":1}},{"type":"Feature","geometry":{"type":"Point","coordinates":[26.108341,44.552547]},"properties":{"lines":"403","color":"#0059a9","mode":"bus","arr":["403"],"angle":16.3,"extra":1}},{"type":"Feature","geometry":{"type":"Point","coordinates":[26.101681,44.553906]},"properties":{"lines":"403","color":"#0059a9","mode":"bus","arr":["403"],"angle":15.6,"extra":1}},{"type":"Feature","geometry":{"type":"Point","coordinates":[26.094989,44.55515]},"properties":{"lines":"403","color":"#0059a9","mode":"bus","arr":["403"],"angle":-5.4,"extra":1}},{"type":"Feature","geometry":{"type":"Point","coordinates":[26.088682,44.553332]},"properties":{"lines":"403","color":"#0059a9","mode":"bus","arr":["403"],"angle":-9.1,"extra":1}},{"type":"Feature","geometry":{"type":"Point","coordinates":[26.080389,44.548108]},"properties":{"lines":"403","color":"#0059a9","mode":"bus","arr":["403"],"angle":80.2,"extra":1}},{"type":"Feature","geometry":{"type":"Point","coordinates":[26.081903,44.543282]},"properties":{"lines":"403","color":"#0059a9","mode":"bus","arr":["403"],"angle":76.7,"extra":1}},{"type":"Feature","geometry":{"type":"Point","coordinates":[26.083601,44.538487]},"properties":{"lines":"403","color":"#0059a9","mode":"bus","arr":["403"],"angle":76.4,"extra":1}},{"type":"Feature","geometry":{"type":"Point","coordinates":[26.077612,44.537054]},"properties":{"lines":"403","color":"#0059a9","mode":"bus","arr":["403"],"angle":-11.1,"extra":1}},{"type":"Feature","geometry":{"type":"Point","coordinates":[26.07104,44.535535]},"properties":{"lines":"403","color":"#0059a9","mode":"bus","arr":["403"],"angle":-19.4,"extra":1}},{"type":"Feature","geometry":{"type":"Point","coordinates":[26.173871,44.552315]},"properties":{"lines":"403","color":"#0059a9","mode":"bus","arr":["403"],"angle":26.2}},{"type":"Feature","geometry":{"type":"Point","coordinates":[26.144786,44.547964]},"properties":{"lines":"403","color":"#0059a9","mode":"bus","arr":["403"],"angle":24,"extra":1}},{"type":"Feature","geometry":{"type":"Point","coordinates":[26.151063,44.545873]},"properties":{"lines":"403","color":"#0059a9","mode":"bus","arr":["403"],"angle":21.8,"extra":1}},{"type":"Feature","geometry":{"type":"Point","coordinates":[26.157934,44.545364]},"properties":{"lines":"403","color":"#0059a9","mode":"bus","arr":["403"],"angle":-3.6,"extra":1}},{"type":"Feature","geometry":{"type":"Point","coordinates":[26.16286,44.548196]},"properties":{"lines":"403","color":"#0059a9","mode":"bus","arr":["403"],"angle":-49.3,"extra":1}},{"type":"Feature","geometry":{"type":"Point","coordinates":[26.167222,44.55172]},"properties":{"lines":"403","color":"#0059a9","mode":"bus","arr":["403"],"angle":-62.2,"extra":1}},{"type":"Feature","geometry":{"type":"Point","coordinates":[26.178375,44.550732]},"properties":{"lines":"403","color":"#0059a9","mode":"bus","arr":["403"],"angle":26.6,"extra":1}},{"type":"Feature","geometry":{"type":"Point","coordinates":[26.182292,44.546751]},"properties":{"lines":"403","color":"#0059a9","mode":"bus","arr":["403"],"angle":60.1,"extra":1}},{"type":"Feature","geometry":{"type":"Point","coordinates":[26.182732,44.541885]},"properties":{"lines":"403","color":"#0059a9","mode":"bus","arr":["403"],"angle":76.6,"extra":1}},{"type":"Feature","geometry":{"type":"Point","coordinates":[26.187974,44.539417]},"properties":{"lines":"403","color":"#0059a9","mode":"bus","arr":["403"],"angle":59.8,"extra":1}},{"type":"Feature","geometry":{"type":"Point","coordinates":[26.193626,44.537613]},"properties":{"lines":"403","color":"#0059a9","mode":"bus","arr":["403"],"angle":-10.8,"extra":1}},{"type":"Feature","geometry":{"type":"Point","coordinates":[26.200343,44.53792]},"properties":{"lines":"403","color":"#0059a9","mode":"bus","arr":["403"],"angle":32.9,"extra":1}},{"type":"Feature","geometry":{"type":"Point","coordinates":[26.252414,44.522244]},"properties":{"lines":"403","color":"#0059a9","mode":"bus","arr":["403"],"angle":36.1}},{"type":"Feature","geometry":{"type":"Point","coordinates":[26.210834,44.537965]},"properties":{"lines":"403","color":"#0059a9","mode":"bus","arr":["403"],"angle":13.3,"extra":1}},{"type":"Feature","geometry":{"type":"Point","coordinates":[26.216946,44.536546]},"properties":{"lines":"403","color":"#0059a9","mode":"bus","arr":["403"],"angle":-5.7,"extra":1}},{"type":"Feature","geometry":{"type":"Point","coordinates":[26.22289,44.536771]},"properties":{"lines":"403","color":"#0059a9","mode":"bus","arr":["403"],"angle":32,"extra":1}},{"type":"Feature","geometry":{"type":"Point","coordinates":[26.22877,44.534156]},"properties":{"lines":"403","color":"#0059a9","mode":"bus","arr":["403"],"angle":31.5,"extra":1}},{"type":"Feature","geometry":{"type":"Point","coordinates":[26.234526,44.53141]},"properties":{"lines":"403","color":"#0059a9","mode":"bus","arr":["403"],"angle":35.8,"extra":1}},{"type":"Feature","geometry":{"type":"Point","coordinates":[26.240165,44.528537]},"properties":{"lines":"403","color":"#0059a9","mode":"bus","arr":["403"],"angle":35.6,"extra":1}},{"type":"Feature","geometry":{"type":"Point","coordinates":[26.245802,44.525662]},"properties":{"lines":"403","color":"#0059a9","mode":"bus","arr":["403"],"angle":35.7,"extra":1}},{"type":"Feature","geometry":{"type":"Point","coordinates":[26.257011,44.519848]},"properties":{"lines":"403","color":"#0059a9","mode":"bus","arr":["403"],"angle":36.1,"extra":1}},{"type":"Feature","geometry":{"type":"Point","coordinates":[26.261503,44.516161]},"properties":{"lines":"403","color":"#0059a9","mode":"bus","arr":["403"],"angle":55.2,"extra":1}},{"type":"Feature","geometry":{"type":"Point","coordinates":[26.265417,44.51208]},"properties":{"lines":"403","color":"#0059a9","mode":"bus","arr":["403"],"angle":55.8,"extra":1}},{"type":"Feature","geometry":{"type":"Point","coordinates":[26.269357,44.508012]},"properties":{"lines":"403","color":"#0059a9","mode":"bus","arr":["403"],"angle":55.2,"extra":1}},{"type":"Feature","geometry":{"type":"Point","coordinates":[26.273253,44.503923]},"properties":{"lines":"403","color":"#0059a9","mode":"bus","arr":["403"],"angle":55.6,"extra":1}},{"type":"Feature","geometry":{"type":"Point","coordinates":[26.277169,44.499843]},"properties":{"lines":"403","color":"#0059a9","mode":"bus","arr":["403"],"angle":55.6,"extra":1}},{"type":"Feature","geometry":{"type":"Point","coordinates":[26.28114,44.49579]},"properties":{"lines":"403","color":"#0059a9","mode":"bus","arr":["403"],"angle":55.6,"extra":1}},{"type":"Feature","geometry":{"type":"Point","coordinates":[26.320288,44.471022]},"properties":{"lines":"403","color":"#0059a9","mode":"bus","arr":["403"],"angle":37.1}},{"type":"Feature","geometry":{"type":"Point","coordinates":[26.31434,44.478146]},"properties":{"lines":"403","color":"#0059a9","mode":"bus","arr":["403"],"angle":62.9,"extra":1}},{"type":"Feature","geometry":{"type":"Point","coordinates":[26.317569,44.473776]},"properties":{"lines":"403","color":"#0059a9","mode":"bus","arr":["403"],"angle":64.7,"extra":1}},{"type":"Feature","geometry":{"type":"Point","coordinates":[26.326979,44.46687]},"properties":{"lines":"403","color":"#0059a9","mode":"bus","arr":["403"],"angle":64.1,"extra":1}},{"type":"Feature","geometry":{"type":"Point","coordinates":[26.351509,44.440349]},"properties":{"lines":"403","color":"#0059a9","mode":"bus","arr":["403"],"angle":79.1,"extra":1}},{"type":"Feature","geometry":{"type":"Point","coordinates":[26.352529,44.435467]},"properties":{"lines":"403","color":"#0059a9","mode":"bus","arr":["403"],"angle":84,"extra":1}},{"type":"Feature","geometry":{"type":"Point","coordinates":[26.35269,44.430912]},"properties":{"lines":"403","color":"#0059a9","mode":"bus","arr":["403"],"angle":-89.6,"extra":1}},{"type":"Feature","geometry":{"type":"Point","coordinates":[26.354607,44.422988]},"properties":{"lines":"403","color":"#0059a9","mode":"bus","arr":["403"],"angle":-12.8,"extra":1}},{"type":"Feature","geometry":{"type":"Point","coordinates":[26.133331,44.549429]},"properties":{"lines":"403, 459","color":"#0059a9","mode":"bus","arr":["403","459"],"angle":-3.6}},{"type":"Feature","geometry":{"type":"Point","coordinates":[26.138421,44.549656]},"properties":{"lines":"403, 459","color":"#0059a9","mode":"bus","arr":["403","459"],"angle":-3.6,"extra":1}},{"type":"Feature","geometry":{"type":"Point","coordinates":[26.225555,44.568085]},"properties":{"lines":"409, 409B, 468, 468B","color":"#0059a9","mode":"bus","arr":["409","409B","468","468B"],"angle":-68.1}},{"type":"Feature","geometry":{"type":"Point","coordinates":[26.201305,44.535394]},"properties":{"lines":"409, 409B, 468, 468B","color":"#0059a9","mode":"bus","arr":["409","409B","468","468B"],"angle":63.6,"extra":1}},{"type":"Feature","geometry":{"type":"Point","coordinates":[26.201186,44.530742]},"properties":{"lines":"409, 409B, 468, 468B","color":"#0059a9","mode":"bus","arr":["409","409B","468","468B"],"angle":-63.8,"extra":1}},{"type":"Feature","geometry":{"type":"Point","coordinates":[26.198096,44.526315]},"properties":{"lines":"409, 409B, 468, 468B","color":"#0059a9","mode":"bus","arr":["409","409B","468","468B"],"angle":-63.6,"extra":1}},{"type":"Feature","geometry":{"type":"Point","coordinates":[26.195025,44.521881]},"properties":{"lines":"409, 409B, 468, 468B","color":"#0059a9","mode":"bus","arr":["409","409B","468","468B"],"angle":-64.1,"extra":1}},{"type":"Feature","geometry":{"type":"Point","coordinates":[26.191895,44.517469]},"properties":{"lines":"409, 409B, 468, 468B","color":"#0059a9","mode":"bus","arr":["409","409B","468","468B"],"angle":-63.6,"extra":1}},{"type":"Feature","geometry":{"type":"Point","coordinates":[26.208653,44.540848]},"properties":{"lines":"409, 409B, 468, 468B","color":"#0059a9","mode":"bus","arr":["409","409B","468","468B"],"angle":-30.4,"extra":1}},{"type":"Feature","geometry":{"type":"Point","coordinates":[26.212608,44.544594]},"properties":{"lines":"409, 409B, 468, 468B","color":"#0059a9","mode":"bus","arr":["409","409B","468","468B"],"angle":-68.5,"extra":1}},{"type":"Feature","geometry":{"type":"Point","coordinates":[26.214988,44.54923]},"properties":{"lines":"409, 409B, 468, 468B","color":"#0059a9","mode":"bus","arr":["409","409B","468","468B"],"angle":-82.2,"extra":1}},{"type":"Feature","geometry":{"type":"Point","coordinates":[26.218018,44.55352]},"properties":{"lines":"409, 409B, 468, 468B","color":"#0059a9","mode":"bus","arr":["409","409B","468","468B"],"angle":-73.5,"extra":1}},{"type":"Feature","geometry":{"type":"Point","coordinates":[26.220078,44.558217]},"properties":{"lines":"409, 409B, 468, 468B","color":"#0059a9","mode":"bus","arr":["409","409B","468","468B"],"angle":-69,"extra":1}},{"type":"Feature","geometry":{"type":"Point","coordinates":[26.222614,44.56282]},"properties":{"lines":"409, 409B, 468, 468B","color":"#0059a9","mode":"bus","arr":["409","409B","468","468B"],"angle":-68.2,"extra":1}},{"type":"Feature","geometry":{"type":"Point","coordinates":[26.227754,44.572007]},"properties":{"lines":"409, 409B, 468, 468B","color":"#0059a9","mode":"bus","arr":["409","409B","468","468B"],"angle":-68.1,"extra":1}},{"type":"Feature","geometry":{"type":"Point","coordinates":[26.230331,44.576598]},"properties":{"lines":"409, 409B, 468, 468B","color":"#0059a9","mode":"bus","arr":["409","409B","468","468B"],"angle":-68.1,"extra":1}},{"type":"Feature","geometry":{"type":"Point","coordinates":[26.2329,44.581191]},"properties":{"lines":"409, 409B, 468, 468B","color":"#0059a9","mode":"bus","arr":["409","409B","468","468B"],"angle":-68.1,"extra":1}},{"type":"Feature","geometry":{"type":"Point","coordinates":[26.235444,44.585792]},"properties":{"lines":"409, 409B, 468, 468B","color":"#0059a9","mode":"bus","arr":["409","409B","468","468B"],"angle":-70.3,"extra":1}},{"type":"Feature","geometry":{"type":"Point","coordinates":[26.237364,44.590544]},"properties":{"lines":"409, 409B, 468, 468B","color":"#0059a9","mode":"bus","arr":["409","409B","468","468B"],"angle":-73.8,"extra":1}},{"type":"Feature","geometry":{"type":"Point","coordinates":[26.23925,44.595303]},"properties":{"lines":"409, 409B, 468, 468B","color":"#0059a9","mode":"bus","arr":["409","409B","468","468B"],"angle":-74.1,"extra":1}},{"type":"Feature","geometry":{"type":"Point","coordinates":[26.162777,44.482279]},"properties":{"lines":"409, 409B, 468, 468B","color":"#0059a9","mode":"bus","arr":["409","409B","468","468B"],"angle":-57.3}},{"type":"Feature","geometry":{"type":"Point","coordinates":[26.154769,44.475913]},"properties":{"lines":"409, 409B, 468, 468B","color":"#0059a9","mode":"bus","arr":["409","409B","468","468B"],"angle":-35.5,"extra":1}},{"type":"Feature","geometry":{"type":"Point","coordinates":[26.165354,44.485101]},"properties":{"lines":"409, 409B, 468, 468B","color":"#0059a9","mode":"bus","arr":["409","409B","468","468B"],"angle":-56.8,"extra":1}},{"type":"Feature","geometry":{"type":"Point","coordinates":[26.182407,44.503763]},"properties":{"lines":"409, 409B, 468, 468B","color":"#0059a9","mode":"bus","arr":["409","409B","468","468B"],"angle":-63.5}},{"type":"Feature","geometry":{"type":"Point","coordinates":[26.174818,44.495344]},"properties":{"lines":"409, 409B, 468, 468B","color":"#0059a9","mode":"bus","arr":["409","409B","468","468B"],"angle":-56.3,"extra":1}},{"type":"Feature","geometry":{"type":"Point","coordinates":[26.178656,44.499461]},"properties":{"lines":"409, 409B, 468, 468B","color":"#0059a9","mode":"bus","arr":["409","409B","468","468B"],"angle":-56.6,"extra":1}},{"type":"Feature","geometry":{"type":"Point","coordinates":[26.185381,44.508088]},"properties":{"lines":"409, 409B, 468, 468B","color":"#0059a9","mode":"bus","arr":["409","409B","468","468B"],"angle":-65,"extra":1}},{"type":"Feature","geometry":{"type":"Point","coordinates":[26.188425,44.512526]},"properties":{"lines":"409, 409B, 468, 468B","color":"#0059a9","mode":"bus","arr":["409","409B","468","468B"],"angle":-63.7,"extra":1}},{"type":"Feature","geometry":{"type":"Point","coordinates":[26.190727,44.515788]},"properties":{"lines":"409, 409B, 468, 468B","color":"#0059a9","mode":"bus","arr":["409","409B","468","468B"],"angle":27.6}},{"type":"Feature","geometry":{"type":"Point","coordinates":[26.204038,44.538543]},"properties":{"lines":"403, 409, 409B, 468, 468B","color":"#0059a9","mode":"bus","arr":["403","409","409B","468","468B"],"angle":-7.5}},{"type":"Feature","geometry":{"type":"Point","coordinates":[26.290512,44.485555]},"properties":{"lines":"403, 417","color":"#0059a9","mode":"bus","arr":["403","417"],"angle":28.1}},{"type":"Feature","geometry":{"type":"Point","coordinates":[26.284756,44.491355]},"properties":{"lines":"403, 417","color":"#0059a9","mode":"bus","arr":["403","417"],"angle":2.8,"extra":1}},{"type":"Feature","geometry":{"type":"Point","coordinates":[26.296723,44.480931]},"properties":{"lines":"403, 417","color":"#0059a9","mode":"bus","arr":["403","417"],"angle":64.5,"extra":1}},{"type":"Feature","geometry":{"type":"Point","coordinates":[26.286702,44.468979]},"properties":{"lines":"457","color":"#0059a9","mode":"bus","arr":["457"],"angle":-57.4}},{"type":"Feature","geometry":{"type":"Point","coordinates":[26.296202,44.477587]},"properties":{"lines":"457","color":"#0059a9","mode":"bus","arr":["457"],"angle":-26.1,"extra":1}},{"type":"Feature","geometry":{"type":"Point","coordinates":[26.291432,44.474226]},"properties":{"lines":"457","color":"#0059a9","mode":"bus","arr":["457"],"angle":-57.9,"extra":1}},{"type":"Feature","geometry":{"type":"Point","coordinates":[26.283999,44.465882]},"properties":{"lines":"457","color":"#0059a9","mode":"bus","arr":["457"],"angle":-69,"extra":1}},{"type":"Feature","geometry":{"type":"Point","coordinates":[26.282466,44.46106]},"properties":{"lines":"457","color":"#0059a9","mode":"bus","arr":["457"],"angle":-77.2,"extra":1}},{"type":"Feature","geometry":{"type":"Point","coordinates":[26.280932,44.456237]},"properties":{"lines":"457","color":"#0059a9","mode":"bus","arr":["457"],"angle":-77.3,"extra":1}},{"type":"Feature","geometry":{"type":"Point","coordinates":[26.306473,44.479473]},"properties":{"lines":"403, 417, 457","color":"#0059a9","mode":"bus","arr":["403","417","457"],"angle":-12.5}},{"type":"Feature","geometry":{"type":"Point","coordinates":[26.340671,44.455705]},"properties":{"lines":"403, 458","color":"#0059a9","mode":"bus","arr":["403","458"],"angle":-13.9}},{"type":"Feature","geometry":{"type":"Point","coordinates":[26.330664,44.460599]},"properties":{"lines":"403, 458","color":"#0059a9","mode":"bus","arr":["403","458"],"angle":34.3,"extra":1}},{"type":"Feature","geometry":{"type":"Point","coordinates":[26.333739,44.458028]},"properties":{"lines":"403, 458","color":"#0059a9","mode":"bus","arr":["403","458"],"angle":-69.4,"extra":1}},{"type":"Feature","geometry":{"type":"Point","coordinates":[26.343739,44.453283]},"properties":{"lines":"403, 458","color":"#0059a9","mode":"bus","arr":["403","458"],"angle":73.4,"extra":1}},{"type":"Feature","geometry":{"type":"Point","coordinates":[26.346681,44.448817]},"properties":{"lines":"403, 458","color":"#0059a9","mode":"bus","arr":["403","458"],"angle":63.1,"extra":1}},{"type":"Feature","geometry":{"type":"Point","coordinates":[26.0723,44.479259]},"properties":{"lines":"403, 447, 447B","color":"#0059a9","mode":"bus","arr":["403","447","447B"],"angle":19.4}},{"type":"Feature","geometry":{"type":"Point","coordinates":[26.221121,44.400068]},"properties":{"lines":"405","color":"#0059a9","mode":"bus","arr":["405"],"angle":72.4}},{"type":"Feature","geometry":{"type":"Point","coordinates":[26.214191,44.40358]},"properties":{"lines":"405","color":"#0059a9","mode":"bus","arr":["405"],"angle":31.6,"extra":1}},{"type":"Feature","geometry":{"type":"Point","coordinates":[26.222451,44.397007]},"properties":{"lines":"405","color":"#0059a9","mode":"bus","arr":["405"],"angle":71.9,"extra":1}},{"type":"Feature","geometry":{"type":"Point","coordinates":[26.25362,44.384968]},"properties":{"lines":"405","color":"#0059a9","mode":"bus","arr":["405"],"angle":10.2}},{"type":"Feature","geometry":{"type":"Point","coordinates":[26.224007,44.39321]},"properties":{"lines":"405","color":"#0059a9","mode":"bus","arr":["405"],"angle":73.6,"extra":1}},{"type":"Feature","geometry":{"type":"Point","coordinates":[26.226002,44.388473]},"properties":{"lines":"405","color":"#0059a9","mode":"bus","arr":["405"],"angle":73,"extra":1}},{"type":"Feature","geometry":{"type":"Point","coordinates":[26.232132,44.386678]},"properties":{"lines":"405","color":"#0059a9","mode":"bus","arr":["405"],"angle":12.9,"extra":1}},{"type":"Feature","geometry":{"type":"Point","coordinates":[26.238932,44.385808]},"properties":{"lines":"405","color":"#0059a9","mode":"bus","arr":["405"],"angle":3,"extra":1}},{"type":"Feature","geometry":{"type":"Point","coordinates":[26.245836,44.386068]},"properties":{"lines":"405","color":"#0059a9","mode":"bus","arr":["405"],"angle":-5.4,"extra":1}},{"type":"Feature","geometry":{"type":"Point","coordinates":[26.259315,44.385133]},"properties":{"lines":"405","color":"#0059a9","mode":"bus","arr":["405"],"angle":-15.4,"extra":1}},{"type":"Feature","geometry":{"type":"Point","coordinates":[26.265993,44.386447]},"properties":{"lines":"405","color":"#0059a9","mode":"bus","arr":["405"],"angle":-15.6,"extra":1}},{"type":"Feature","geometry":{"type":"Point","coordinates":[26.272638,44.387829]},"properties":{"lines":"405","color":"#0059a9","mode":"bus","arr":["405"],"angle":-24.1,"extra":1}},{"type":"Feature","geometry":{"type":"Point","coordinates":[26.278565,44.390353]},"properties":{"lines":"405","color":"#0059a9","mode":"bus","arr":["405"],"angle":-15.4,"extra":1}},{"type":"Feature","geometry":{"type":"Point","coordinates":[26.285244,44.391665]},"properties":{"lines":"405","color":"#0059a9","mode":"bus","arr":["405"],"angle":-15.6,"extra":1}},{"type":"Feature","geometry":{"type":"Point","coordinates":[26.19927,44.443085]},"properties":{"lines":"407, 451, 452, 454, 457, 458","color":"#0059a9","mode":"bus","arr":["407","451","452","454","457","458"],"angle":-41.7}},{"type":"Feature","geometry":{"type":"Point","coordinates":[26.194501,44.441448]},"properties":{"lines":"407, 451, 452, 454, 457, 458","color":"#0059a9","mode":"bus","arr":["407","451","452","454","457","458"],"angle":-11.5,"extra":1}},{"type":"Feature","geometry":{"type":"Point","coordinates":[26.204432,44.447864]},"properties":{"lines":"407, 451, 452, 454, 457, 458","color":"#0059a9","mode":"bus","arr":["407","451","452","454","457","458"],"angle":-34.5,"extra":1}},{"type":"Feature","geometry":{"type":"Point","coordinates":[26.200854,44.444722]},"properties":{"lines":"407, 451, 452, 454, 457, 458","color":"#0059a9","mode":"bus","arr":["407","451","452","454","457","458"],"angle":-58}},{"type":"Feature","geometry":{"type":"Point","coordinates":[26.206809,44.448142]},"properties":{"lines":"407, 451, 452, 454, 457, 458","color":"#0059a9","mode":"bus","arr":["407","451","452","454","457","458"],"angle":11.4,"extra":1}},{"type":"Feature","geometry":{"type":"Point","coordinates":[26.196882,44.442062]},"properties":{"lines":"407, 451, 452, 454, 457, 458","color":"#0059a9","mode":"bus","arr":["407","451","452","454","457","458"],"angle":-28.1,"extra":1}},{"type":"Feature","geometry":{"type":"Point","coordinates":[26.228913,44.450423]},"properties":{"lines":"407, 451, 452, 457, 458","color":"#0059a9","mode":"bus","arr":["407","451","452","457","458"],"angle":-7.1}},{"type":"Feature","geometry":{"type":"Point","coordinates":[26.235036,44.450973]},"properties":{"lines":"407, 451, 452, 457, 458","color":"#0059a9","mode":"bus","arr":["407","451","452","457","458"],"angle":-7,"extra":1}},{"type":"Feature","geometry":{"type":"Point","coordinates":[26.221295,44.449767]},"properties":{"lines":"407, 451, 452, 457, 458","color":"#0059a9","mode":"bus","arr":["407","451","452","457","458"],"angle":-6.4,"extra":1}},{"type":"Feature","geometry":{"type":"Point","coordinates":[26.213621,44.448896]},"properties":{"lines":"407, 451, 452, 457, 458","color":"#0059a9","mode":"bus","arr":["407","451","452","457","458"],"angle":-20.8,"extra":1}},{"type":"Feature","geometry":{"type":"Point","coordinates":[26.237789,44.45105]},"properties":{"lines":"407, 451","color":"#0059a9","mode":"bus","arr":["407","451"],"angle":3.8}},{"type":"Feature","geometry":{"type":"Point","coordinates":[26.262031,44.438807]},"properties":{"lines":"407, 451","color":"#0059a9","mode":"bus","arr":["407","451"],"angle":27.8}},{"type":"Feature","geometry":{"type":"Point","coordinates":[26.281138,44.416709]},"properties":{"lines":"407, 451","color":"#0059a9","mode":"bus","arr":["407","451"],"angle":45,"extra":1}},{"type":"Feature","geometry":{"type":"Point","coordinates":[26.276585,44.420399]},"properties":{"lines":"407, 451","color":"#0059a9","mode":"bus","arr":["407","451"],"angle":59.7,"extra":1}},{"type":"Feature","geometry":{"type":"Point","coordinates":[26.276083,44.425193]},"properties":{"lines":"407, 451","color":"#0059a9","mode":"bus","arr":["407","451"],"angle":-89.7,"extra":1}},{"type":"Feature","geometry":{"type":"Point","coordinates":[26.273771,44.429746]},"properties":{"lines":"407, 451","color":"#0059a9","mode":"bus","arr":["407","451"],"angle":54.8,"extra":1}},{"type":"Feature","geometry":{"type":"Point","coordinates":[26.269246,44.433489]},"properties":{"lines":"407, 451","color":"#0059a9","mode":"bus","arr":["407","451"],"angle":48.8,"extra":1}},{"type":"Feature","geometry":{"type":"Point","coordinates":[26.252247,44.441041]},"properties":{"lines":"407, 451","color":"#0059a9","mode":"bus","arr":["407","451"],"angle":13,"extra":1}},{"type":"Feature","geometry":{"type":"Point","coordinates":[26.245516,44.442207]},"properties":{"lines":"407, 451","color":"#0059a9","mode":"bus","arr":["407","451"],"angle":15.2,"extra":1}},{"type":"Feature","geometry":{"type":"Point","coordinates":[26.238743,44.443233]},"properties":{"lines":"407, 451","color":"#0059a9","mode":"bus","arr":["407","451"],"angle":12,"extra":1}},{"type":"Feature","geometry":{"type":"Point","coordinates":[26.23569,44.446354]},"properties":{"lines":"407, 451","color":"#0059a9","mode":"bus","arr":["407","451"],"angle":-88.6,"extra":1}},{"type":"Feature","geometry":{"type":"Point","coordinates":[26.235966,44.451261]},"properties":{"lines":"407, 451","color":"#0059a9","mode":"bus","arr":["407","451"],"angle":-40.9,"extra":1}},{"type":"Feature","geometry":{"type":"Point","coordinates":[26.285315,44.405487]},"properties":{"lines":"407, 472","color":"#0059a9","mode":"bus","arr":["407","472"],"angle":-44.6}},{"type":"Feature","geometry":{"type":"Point","coordinates":[26.277518,44.405539]},"properties":{"lines":"407, 472","color":"#0059a9","mode":"bus","arr":["407","472"],"angle":1.7,"extra":1}},{"type":"Feature","geometry":{"type":"Point","coordinates":[26.283441,44.409489]},"properties":{"lines":"407, 472","color":"#0059a9","mode":"bus","arr":["407","472"],"angle":69.7,"extra":1}},{"type":"Feature","geometry":{"type":"Point","coordinates":[26.27759,44.406938]},"properties":{"lines":"407, 472","color":"#0059a9","mode":"bus","arr":["407","472"],"angle":11.8}},{"type":"Feature","geometry":{"type":"Point","coordinates":[26.281704,44.398217]},"properties":{"lines":"407","color":"#0059a9","mode":"bus","arr":["407"],"angle":82}},{"type":"Feature","geometry":{"type":"Point","coordinates":[26.277983,44.403712]},"properties":{"lines":"407","color":"#0059a9","mode":"bus","arr":["407"],"angle":42,"extra":1}},{"type":"Feature","geometry":{"type":"Point","coordinates":[26.284741,44.395667]},"properties":{"lines":"407","color":"#0059a9","mode":"bus","arr":["407"],"angle":14.9,"extra":1}},{"type":"Feature","geometry":{"type":"Point","coordinates":[26.290492,44.393338]},"properties":{"lines":"407","color":"#0059a9","mode":"bus","arr":["407"],"angle":51.4,"extra":1}},{"type":"Feature","geometry":{"type":"Point","coordinates":[26.3058,44.383363]},"properties":{"lines":"407","color":"#0059a9","mode":"bus","arr":["407"],"angle":40.2}},{"type":"Feature","geometry":{"type":"Point","coordinates":[26.293225,44.391385]},"properties":{"lines":"407","color":"#0059a9","mode":"bus","arr":["407"],"angle":36.8,"extra":1}},{"type":"Feature","geometry":{"type":"Point","coordinates":[26.298637,44.38831]},"properties":{"lines":"407","color":"#0059a9","mode":"bus","arr":["407"],"angle":42.9,"extra":1}},{"type":"Feature","geometry":{"type":"Point","coordinates":[26.308927,44.381735]},"properties":{"lines":"407","color":"#0059a9","mode":"bus","arr":["407"],"angle":46.1,"extra":1}},{"type":"Feature","geometry":{"type":"Point","coordinates":[26.310179,44.376989]},"properties":{"lines":"407","color":"#0059a9","mode":"bus","arr":["407"],"angle":80.4,"extra":1}},{"type":"Feature","geometry":{"type":"Point","coordinates":[26.313594,44.372725]},"properties":{"lines":"407","color":"#0059a9","mode":"bus","arr":["407"],"angle":65.8,"extra":1}},{"type":"Feature","geometry":{"type":"Point","coordinates":[26.277654,44.405738]},"properties":{"lines":"407","color":"#0059a9","mode":"bus","arr":["407"],"angle":1.4}},{"type":"Feature","geometry":{"type":"Point","coordinates":[26.224645,44.40676]},"properties":{"lines":"408, 472","color":"#0059a9","mode":"bus","arr":["408","472"],"angle":8.1}},{"type":"Feature","geometry":{"type":"Point","coordinates":[26.219616,44.407069]},"properties":{"lines":"408, 472","color":"#0059a9","mode":"bus","arr":["408","472"],"angle":-3.3,"extra":1}},{"type":"Feature","geometry":{"type":"Point","coordinates":[26.234156,44.40713]},"properties":{"lines":"408","color":"#0059a9","mode":"bus","arr":["408"],"angle":-14.3}},{"type":"Feature","geometry":{"type":"Point","coordinates":[26.24181,44.406326]},"properties":{"lines":"408","color":"#0059a9","mode":"bus","arr":["408"],"angle":14.4}},{"type":"Feature","geometry":{"type":"Point","coordinates":[26.247678,44.404958]},"properties":{"lines":"408","color":"#0059a9","mode":"bus","arr":["408"],"angle":50.6,"extra":1}},{"type":"Feature","geometry":{"type":"Point","coordinates":[26.236382,44.405325]},"properties":{"lines":"408","color":"#0059a9","mode":"bus","arr":["408"],"angle":3,"extra":1}},{"type":"Feature","geometry":{"type":"Point","coordinates":[26.235266,44.407681]},"properties":{"lines":"408","color":"#0059a9","mode":"bus","arr":["408"],"angle":-48.4}},{"type":"Feature","geometry":{"type":"Point","coordinates":[26.230567,44.406832]},"properties":{"lines":"408","color":"#0059a9","mode":"bus","arr":["408"],"angle":-8.4,"extra":1}},{"type":"Feature","geometry":{"type":"Point","coordinates":[26.169375,44.489483]},"properties":{"lines":"409, 409B, 416, 468, 468B","color":"#0059a9","mode":"bus","arr":["409","409B","416","468","468B"],"angle":-56.4}},{"type":"Feature","geometry":{"type":"Point","coordinates":[26.171589,44.491868]},"properties":{"lines":"409, 409B, 416, 468, 468B","color":"#0059a9","mode":"bus","arr":["409","409B","416","468","468B"],"angle":-56.6,"extra":1}},{"type":"Feature","geometry":{"type":"Point","coordinates":[26.228529,44.601459]},"properties":{"lines":"409, 409B","color":"#0059a9","mode":"bus","arr":["409","409B"],"angle":-2.5}},{"type":"Feature","geometry":{"type":"Point","coordinates":[26.237463,44.599904]},"properties":{"lines":"409, 409B","color":"#0059a9","mode":"bus","arr":["409","409B"],"angle":19.5,"extra":1}},{"type":"Feature","geometry":{"type":"Point","coordinates":[26.224375,44.602502]},"properties":{"lines":"409, 409B","color":"#0059a9","mode":"bus","arr":["409","409B"],"angle":23.3,"extra":1}},{"type":"Feature","geometry":{"type":"Point","coordinates":[26.219545,44.605748]},"properties":{"lines":"409, 409B","color":"#0059a9","mode":"bus","arr":["409","409B"],"angle":70.7,"extra":1}},{"type":"Feature","geometry":{"type":"Point","coordinates":[26.220398,44.624615]},"properties":{"lines":"409","color":"#0059a9","mode":"bus","arr":["409"],"angle":-81}},{"type":"Feature","geometry":{"type":"Point","coordinates":[26.218474,44.609143]},"properties":{"lines":"409","color":"#0059a9","mode":"bus","arr":["409"],"angle":85.1,"extra":1}},{"type":"Feature","geometry":{"type":"Point","coordinates":[26.218374,44.614031]},"properties":{"lines":"409","color":"#0059a9","mode":"bus","arr":["409"],"angle":-85.6,"extra":1}},{"type":"Feature","geometry":{"type":"Point","coordinates":[26.219161,44.618941]},"properties":{"lines":"409","color":"#0059a9","mode":"bus","arr":["409"],"angle":-80.9,"extra":1}},{"type":"Feature","geometry":{"type":"Point","coordinates":[26.22129,44.628716]},"properties":{"lines":"409","color":"#0059a9","mode":"bus","arr":["409"],"angle":-81.4,"extra":1}},{"type":"Feature","geometry":{"type":"Point","coordinates":[26.22232,44.633608]},"properties":{"lines":"409","color":"#0059a9","mode":"bus","arr":["409"],"angle":-81.7,"extra":1}},{"type":"Feature","geometry":{"type":"Point","coordinates":[26.223355,44.638498]},"properties":{"lines":"409","color":"#0059a9","mode":"bus","arr":["409"],"angle":-82.5,"extra":1}},{"type":"Feature","geometry":{"type":"Point","coordinates":[26.25802,44.685524]},"properties":{"lines":"409","color":"#0059a9","mode":"bus","arr":["409"],"angle":-82.8}},{"type":"Feature","geometry":{"type":"Point","coordinates":[26.256589,44.661598]},"properties":{"lines":"409","color":"#0059a9","mode":"bus","arr":["409"],"angle":60,"extra":1}},{"type":"Feature","geometry":{"type":"Point","coordinates":[26.253188,44.665906]},"properties":{"lines":"409","color":"#0059a9","mode":"bus","arr":["409"],"angle":75.2,"extra":1}},{"type":"Feature","geometry":{"type":"Point","coordinates":[26.251577,44.670573]},"properties":{"lines":"409","color":"#0059a9","mode":"bus","arr":["409"],"angle":85,"extra":1}},{"type":"Feature","geometry":{"type":"Point","coordinates":[26.254615,44.674957]},"properties":{"lines":"409","color":"#0059a9","mode":"bus","arr":["409"],"angle":-59.9,"extra":1}},{"type":"Feature","geometry":{"type":"Point","coordinates":[26.257664,44.679335]},"properties":{"lines":"409","color":"#0059a9","mode":"bus","arr":["409"],"angle":-88.1,"extra":1}},{"type":"Feature","geometry":{"type":"Point","coordinates":[26.25868,44.688911]},"properties":{"lines":"409","color":"#0059a9","mode":"bus","arr":["409"],"angle":-82.2,"extra":1}},{"type":"Feature","geometry":{"type":"Point","coordinates":[26.259627,44.693811]},"properties":{"lines":"409","color":"#0059a9","mode":"bus","arr":["409"],"angle":-81.9,"extra":1}},{"type":"Feature","geometry":{"type":"Point","coordinates":[26.260585,44.69871]},"properties":{"lines":"409","color":"#0059a9","mode":"bus","arr":["409"],"angle":-82.4,"extra":1}},{"type":"Feature","geometry":{"type":"Point","coordinates":[26.261839,44.703567]},"properties":{"lines":"409","color":"#0059a9","mode":"bus","arr":["409"],"angle":-77.2,"extra":1}},{"type":"Feature","geometry":{"type":"Point","coordinates":[26.262864,44.708406]},"properties":{"lines":"409","color":"#0059a9","mode":"bus","arr":["409"],"angle":-73.5,"extra":1}},{"type":"Feature","geometry":{"type":"Point","coordinates":[26.26237,44.713249]},"properties":{"lines":"409","color":"#0059a9","mode":"bus","arr":["409"],"angle":78.2,"extra":1}},{"type":"Feature","geometry":{"type":"Point","coordinates":[26.300122,44.701338]},"properties":{"lines":"409","color":"#0059a9","mode":"bus","arr":["409"],"angle":-11.8}},{"type":"Feature","geometry":{"type":"Point","coordinates":[26.276883,44.713955]},"properties":{"lines":"409","color":"#0059a9","mode":"bus","arr":["409"],"angle":13.8,"extra":1}},{"type":"Feature","geometry":{"type":"Point","coordinates":[26.282679,44.711434]},"properties":{"lines":"409","color":"#0059a9","mode":"bus","arr":["409"],"angle":36.6,"extra":1}},{"type":"Feature","geometry":{"type":"Point","coordinates":[26.287836,44.708287]},"properties":{"lines":"409","color":"#0059a9","mode":"bus","arr":["409"],"angle":55.1,"extra":1}},{"type":"Feature","geometry":{"type":"Point","coordinates":[26.291796,44.704229]},"properties":{"lines":"409","color":"#0059a9","mode":"bus","arr":["409"],"angle":55.2,"extra":1}},{"type":"Feature","geometry":{"type":"Point","coordinates":[26.296075,44.700736]},"properties":{"lines":"409","color":"#0059a9","mode":"bus","arr":["409"],"angle":-13.9,"extra":1}},{"type":"Feature","geometry":{"type":"Point","coordinates":[26.305475,44.697715]},"properties":{"lines":"409","color":"#0059a9","mode":"bus","arr":["409"],"angle":-19.3,"extra":1}},{"type":"Feature","geometry":{"type":"Point","coordinates":[26.311487,44.69862]},"properties":{"lines":"409","color":"#0059a9","mode":"bus","arr":["409"],"angle":43.2,"extra":1}},{"type":"Feature","geometry":{"type":"Point","coordinates":[26.317765,44.697839]},"properties":{"lines":"409","color":"#0059a9","mode":"bus","arr":["409"],"angle":-31.9,"extra":1}},{"type":"Feature","geometry":{"type":"Point","coordinates":[26.320393,44.702344]},"properties":{"lines":"409","color":"#0059a9","mode":"bus","arr":["409"],"angle":-44,"extra":1}},{"type":"Feature","geometry":{"type":"Point","coordinates":[26.324613,44.702675]},"properties":{"lines":"409","color":"#0059a9","mode":"bus","arr":["409"],"angle":-27.1}},{"type":"Feature","geometry":{"type":"Point","coordinates":[26.301507,44.726672]},"properties":{"lines":"409","color":"#0059a9","mode":"bus","arr":["409"],"angle":-71.5}},{"type":"Feature","geometry":{"type":"Point","coordinates":[26.298395,44.7224]},"properties":{"lines":"409","color":"#0059a9","mode":"bus","arr":["409"],"angle":-20.1,"extra":1}},{"type":"Feature","geometry":{"type":"Point","coordinates":[26.300531,44.730439]},"properties":{"lines":"409","color":"#0059a9","mode":"bus","arr":["409"],"angle":74.6,"extra":1}},{"type":"Feature","geometry":{"type":"Point","coordinates":[26.305764,44.736863]},"properties":{"lines":"409","color":"#0059a9","mode":"bus","arr":["409"],"angle":-52.6}},{"type":"Feature","geometry":{"type":"Point","coordinates":[26.308316,44.739281]},"properties":{"lines":"409","color":"#0059a9","mode":"bus","arr":["409"],"angle":-53,"extra":1}},{"type":"Feature","geometry":{"type":"Point","coordinates":[26.243728,44.652775]},"properties":{"lines":"409, 477","color":"#0059a9","mode":"bus","arr":["409","477"],"angle":-48.3}},{"type":"Feature","geometry":{"type":"Point","coordinates":[26.234353,44.64645]},"properties":{"lines":"409, 477","color":"#0059a9","mode":"bus","arr":["409","477"],"angle":-30.4,"extra":1}},{"type":"Feature","geometry":{"type":"Point","coordinates":[26.239677,44.649532]},"properties":{"lines":"409, 477","color":"#0059a9","mode":"bus","arr":["409","477"],"angle":-48.4,"extra":1}},{"type":"Feature","geometry":{"type":"Point","coordinates":[26.249729,44.656217]},"properties":{"lines":"409, 477","color":"#0059a9","mode":"bus","arr":["409","477"],"angle":-31.8,"extra":1}},{"type":"Feature","geometry":{"type":"Point","coordinates":[26.255657,44.658776]},"properties":{"lines":"409, 477","color":"#0059a9","mode":"bus","arr":["409","477"],"angle":-30.9,"extra":1}},{"type":"Feature","geometry":{"type":"Point","coordinates":[26.226911,44.643629]},"properties":{"lines":"409, 448, 477","color":"#0059a9","mode":"bus","arr":["409","448","477"],"angle":-21.2}},{"type":"Feature","geometry":{"type":"Point","coordinates":[26.267908,44.713764]},"properties":{"lines":"409, 446, 447, 447B","color":"#0059a9","mode":"bus","arr":["409","446","447","447B"],"angle":6.5}},{"type":"Feature","geometry":{"type":"Point","coordinates":[26.263356,44.714087]},"properties":{"lines":"409, 446, 447, 447B","color":"#0059a9","mode":"bus","arr":["409","446","447","447B"],"angle":-5.3,"extra":1}},{"type":"Feature","geometry":{"type":"Point","coordinates":[26.313862,44.716016]},"properties":{"lines":"409, 447B","color":"#0059a9","mode":"bus","arr":["409","447B"],"angle":56.5}},{"type":"Feature","geometry":{"type":"Point","coordinates":[26.324403,44.705568]},"properties":{"lines":"409, 447B","color":"#0059a9","mode":"bus","arr":["409","447B"],"angle":54.9,"extra":1}},{"type":"Feature","geometry":{"type":"Point","coordinates":[26.319987,44.709369]},"properties":{"lines":"409, 447B","color":"#0059a9","mode":"bus","arr":["409","447B"],"angle":51.4,"extra":1}},{"type":"Feature","geometry":{"type":"Point","coordinates":[26.316154,44.713485]},"properties":{"lines":"409, 447B","color":"#0059a9","mode":"bus","arr":["409","447B"],"angle":57.4,"extra":1}},{"type":"Feature","geometry":{"type":"Point","coordinates":[26.305677,44.719504]},"properties":{"lines":"409, 447B","color":"#0059a9","mode":"bus","arr":["409","447B"],"angle":27.7,"extra":1}},{"type":"Feature","geometry":{"type":"Point","coordinates":[26.299486,44.720612]},"properties":{"lines":"409, 447B","color":"#0059a9","mode":"bus","arr":["409","447B"],"angle":-4.9,"extra":1}},{"type":"Feature","geometry":{"type":"Point","coordinates":[26.278012,44.72281]},"properties":{"lines":"447B","color":"#0059a9","mode":"bus","arr":["447B"],"angle":14.7}},{"type":"Feature","geometry":{"type":"Point","coordinates":[26.294462,44.723662]},"properties":{"lines":"447B","color":"#0059a9","mode":"bus","arr":["447B"],"angle":58.1,"extra":1}},{"type":"Feature","geometry":{"type":"Point","coordinates":[26.28876,44.721516]},"properties":{"lines":"447B","color":"#0059a9","mode":"bus","arr":["447B"],"angle":-33.1,"extra":1}},{"type":"Feature","geometry":{"type":"Point","coordinates":[26.282269,44.721967]},"properties":{"lines":"447B","color":"#0059a9","mode":"bus","arr":["447B"],"angle":17.3,"extra":1}},{"type":"Feature","geometry":{"type":"Point","coordinates":[26.270043,44.722339]},"properties":{"lines":"447B","color":"#0059a9","mode":"bus","arr":["447B"],"angle":-77.2,"extra":1}},{"type":"Feature","geometry":{"type":"Point","coordinates":[26.27236,44.718065]},"properties":{"lines":"447B","color":"#0059a9","mode":"bus","arr":["447B"],"angle":51.3,"extra":1}},{"type":"Feature","geometry":{"type":"Point","coordinates":[26.327779,44.701264]},"properties":{"lines":"447B","color":"#0059a9","mode":"bus","arr":["447B"],"angle":61.3,"extra":1}},{"type":"Feature","geometry":{"type":"Point","coordinates":[26.333598,44.698751]},"properties":{"lines":"447B","color":"#0059a9","mode":"bus","arr":["447B"],"angle":32.4,"extra":1}},{"type":"Feature","geometry":{"type":"Point","coordinates":[26.339459,44.696117]},"properties":{"lines":"447B","color":"#0059a9","mode":"bus","arr":["447B"],"angle":39.8,"extra":1}},{"type":"Feature","geometry":{"type":"Point","coordinates":[26.344469,44.692704]},"properties":{"lines":"447B","color":"#0059a9","mode":"bus","arr":["447B"],"angle":47.2,"extra":1}},{"type":"Feature","geometry":{"type":"Point","coordinates":[26.349834,44.690184]},"properties":{"lines":"447B","color":"#0059a9","mode":"bus","arr":["447B"],"angle":-25.3,"extra":1}},{"type":"Feature","geometry":{"type":"Point","coordinates":[26.356098,44.692294]},"properties":{"lines":"447B","color":"#0059a9","mode":"bus","arr":["447B"],"angle":-23.1,"extra":1}},{"type":"Feature","geometry":{"type":"Point","coordinates":[26.169194,44.480888]},"properties":{"lines":"411, 412, 413, 417, 467","color":"#0059a9","mode":"bus","arr":["411","412","413","417","467"],"angle":-34.1}},{"type":"Feature","geometry":{"type":"Point","coordinates":[26.191484,44.492446]},"properties":{"lines":"411, 412, 413, 417, 467","color":"#0059a9","mode":"bus","arr":["411","412","413","417","467"],"angle":-36.2}},{"type":"Feature","geometry":{"type":"Point","coordinates":[26.195461,44.494388]},"properties":{"lines":"411, 412, 413, 417, 467","color":"#0059a9","mode":"bus","arr":["411","412","413","417","467"],"angle":-34.1,"extra":1}},{"type":"Feature","geometry":{"type":"Point","coordinates":[26.186555,44.489894]},"properties":{"lines":"411, 412, 413, 417, 467","color":"#0059a9","mode":"bus","arr":["411","412","413","417","467"],"angle":-35.6,"extra":1}},{"type":"Feature","geometry":{"type":"Point","coordinates":[26.170598,44.481692]},"properties":{"lines":"411, 412, 413, 417, 467","color":"#0059a9","mode":"bus","arr":["411","412","413","417","467"],"angle":-36.3,"extra":1}},{"type":"Feature","geometry":{"type":"Point","coordinates":[26.163799,44.478266]},"properties":{"lines":"411, 412, 413, 417, 467, N108","color":"#0059a9","mode":"bus","arr":["411","412","413","417","467","N108"],"angle":-35.7}},{"type":"Feature","geometry":{"type":"Point","coordinates":[26.177881,44.485354]},"properties":{"lines":"411, 412, 413, 416, 417, 467","color":"#0059a9","mode":"bus","arr":["411","412","413","416","417","467"],"angle":-35.7}},{"type":"Feature","geometry":{"type":"Point","coordinates":[26.181631,44.487284]},"properties":{"lines":"411, 412, 413, 416, 417, 467","color":"#0059a9","mode":"bus","arr":["411","412","413","416","417","467"],"angle":-35.5,"extra":1}},{"type":"Feature","geometry":{"type":"Point","coordinates":[26.20866,44.501154]},"properties":{"lines":"411, 412, 413, 417","color":"#0059a9","mode":"bus","arr":["411","412","413","417"],"angle":-35.6}},{"type":"Feature","geometry":{"type":"Point","coordinates":[26.20316,44.498333]},"properties":{"lines":"411, 412, 413, 417","color":"#0059a9","mode":"bus","arr":["411","412","413","417"],"angle":-35.4,"extra":1}},{"type":"Feature","geometry":{"type":"Point","coordinates":[26.214433,44.504083]},"properties":{"lines":"411, 412, 413, 417","color":"#0059a9","mode":"bus","arr":["411","412","413","417"],"angle":-35,"extra":1}},{"type":"Feature","geometry":{"type":"Point","coordinates":[26.208739,44.501274]},"properties":{"lines":"411, 412, 413, 417","color":"#0059a9","mode":"bus","arr":["411","412","413","417"],"angle":-35.9}},{"type":"Feature","geometry":{"type":"Point","coordinates":[26.214094,44.504016]},"properties":{"lines":"411, 412, 413, 417","color":"#0059a9","mode":"bus","arr":["411","412","413","417"],"angle":-35.4,"extra":1}},{"type":"Feature","geometry":{"type":"Point","coordinates":[26.202839,44.498247]},"properties":{"lines":"411, 412, 413, 417","color":"#0059a9","mode":"bus","arr":["411","412","413","417"],"angle":-35.4,"extra":1}},{"type":"Feature","geometry":{"type":"Point","coordinates":[26.242618,44.518515]},"properties":{"lines":"411, 412, 413","color":"#0059a9","mode":"bus","arr":["411","412","413"],"angle":-35.5}},{"type":"Feature","geometry":{"type":"Point","coordinates":[26.21981,44.506832]},"properties":{"lines":"411, 412, 413","color":"#0059a9","mode":"bus","arr":["411","412","413"],"angle":-35.5,"extra":1}},{"type":"Feature","geometry":{"type":"Point","coordinates":[26.225448,44.509706]},"properties":{"lines":"411, 412, 413","color":"#0059a9","mode":"bus","arr":["411","412","413"],"angle":-35.4,"extra":1}},{"type":"Feature","geometry":{"type":"Point","coordinates":[26.233955,44.514046]},"properties":{"lines":"411, 412, 413","color":"#0059a9","mode":"bus","arr":["411","412","413"],"angle":-35.4,"extra":1}},{"type":"Feature","geometry":{"type":"Point","coordinates":[26.250041,44.523907]},"properties":{"lines":"411, 412, 413","color":"#0059a9","mode":"bus","arr":["411","412","413"],"angle":-50.7,"extra":1}},{"type":"Feature","geometry":{"type":"Point","coordinates":[26.278782,44.556131]},"properties":{"lines":"411, 412","color":"#0059a9","mode":"bus","arr":["411","412"],"angle":-55.5}},{"type":"Feature","geometry":{"type":"Point","coordinates":[26.310916,44.579728]},"properties":{"lines":"411, 412","color":"#0059a9","mode":"bus","arr":["411","412"],"angle":-28.7,"extra":1}},{"type":"Feature","geometry":{"type":"Point","coordinates":[26.305141,44.577495]},"properties":{"lines":"411, 412","color":"#0059a9","mode":"bus","arr":["411","412"],"angle":-62.3,"extra":1}},{"type":"Feature","geometry":{"type":"Point","coordinates":[26.300685,44.573726]},"properties":{"lines":"411, 412","color":"#0059a9","mode":"bus","arr":["411","412"],"angle":-48.3,"extra":1}},{"type":"Feature","geometry":{"type":"Point","coordinates":[26.296058,44.570045]},"properties":{"lines":"411, 412","color":"#0059a9","mode":"bus","arr":["411","412"],"angle":-47.7,"extra":1}},{"type":"Feature","geometry":{"type":"Point","coordinates":[26.291593,44.566266]},"properties":{"lines":"411, 412","color":"#0059a9","mode":"bus","arr":["411","412"],"angle":-52.3,"extra":1}},{"type":"Feature","geometry":{"type":"Point","coordinates":[26.287328,44.562369]},"properties":{"lines":"411, 412","color":"#0059a9","mode":"bus","arr":["411","412"],"angle":-51.6,"extra":1}},{"type":"Feature","geometry":{"type":"Point","coordinates":[26.28274,44.558727]},"properties":{"lines":"411, 412","color":"#0059a9","mode":"bus","arr":["411","412"],"angle":-24.9,"extra":1}},{"type":"Feature","geometry":{"type":"Point","coordinates":[26.274073,44.551234]},"properties":{"lines":"411, 412","color":"#0059a9","mode":"bus","arr":["411","412"],"angle":-55.5,"extra":1}},{"type":"Feature","geometry":{"type":"Point","coordinates":[26.270152,44.547156]},"properties":{"lines":"411, 412","color":"#0059a9","mode":"bus","arr":["411","412"],"angle":-55.5,"extra":1}},{"type":"Feature","geometry":{"type":"Point","coordinates":[26.266232,44.543078]},"properties":{"lines":"411, 412","color":"#0059a9","mode":"bus","arr":["411","412"],"angle":-55.5,"extra":1}},{"type":"Feature","geometry":{"type":"Point","coordinates":[26.262312,44.539]},"properties":{"lines":"411, 412","color":"#0059a9","mode":"bus","arr":["411","412"],"angle":-55.5,"extra":1}},{"type":"Feature","geometry":{"type":"Point","coordinates":[26.258379,44.534928]},"properties":{"lines":"411, 412","color":"#0059a9","mode":"bus","arr":["411","412"],"angle":-54.9,"extra":1}},{"type":"Feature","geometry":{"type":"Point","coordinates":[26.254445,44.530857]},"properties":{"lines":"411, 412","color":"#0059a9","mode":"bus","arr":["411","412"],"angle":-55.5,"extra":1}},{"type":"Feature","geometry":{"type":"Point","coordinates":[26.252637,44.526183]},"properties":{"lines":"411, 412","color":"#0059a9","mode":"bus","arr":["411","412"],"angle":-55.7,"extra":1}},{"type":"Feature","geometry":{"type":"Point","coordinates":[26.260701,44.523253]},"properties":{"lines":"413","color":"#0059a9","mode":"bus","arr":["413"],"angle":6.1}},{"type":"Feature","geometry":{"type":"Point","coordinates":[26.266326,44.522006]},"properties":{"lines":"413","color":"#0059a9","mode":"bus","arr":["413"],"angle":18.2,"extra":1}},{"type":"Feature","geometry":{"type":"Point","coordinates":[26.253454,44.525098]},"properties":{"lines":"413","color":"#0059a9","mode":"bus","arr":["413"],"angle":37,"extra":1}},{"type":"Feature","geometry":{"type":"Point","coordinates":[26.295551,44.516548]},"properties":{"lines":"413","color":"#0059a9","mode":"bus","arr":["413"],"angle":21.9}},{"type":"Feature","geometry":{"type":"Point","coordinates":[26.31652,44.514507]},"properties":{"lines":"413","color":"#0059a9","mode":"bus","arr":["413"],"angle":-43.8,"extra":1}},{"type":"Feature","geometry":{"type":"Point","coordinates":[26.310784,44.512202]},"properties":{"lines":"413","color":"#0059a9","mode":"bus","arr":["413"],"angle":12.2,"extra":1}},{"type":"Feature","geometry":{"type":"Point","coordinates":[26.304335,44.514004]},"properties":{"lines":"413","color":"#0059a9","mode":"bus","arr":["413"],"angle":22,"extra":1}},{"type":"Feature","geometry":{"type":"Point","coordinates":[26.291497,44.517722]},"properties":{"lines":"413","color":"#0059a9","mode":"bus","arr":["413"],"angle":22.2,"extra":1}},{"type":"Feature","geometry":{"type":"Point","coordinates":[26.284822,44.518578]},"properties":{"lines":"413","color":"#0059a9","mode":"bus","arr":["413"],"angle":-4.2,"extra":1}},{"type":"Feature","geometry":{"type":"Point","coordinates":[26.278068,44.519223]},"properties":{"lines":"413","color":"#0059a9","mode":"bus","arr":["413"],"angle":18,"extra":1}},{"type":"Feature","geometry":{"type":"Point","coordinates":[26.271497,44.520788]},"properties":{"lines":"413","color":"#0059a9","mode":"bus","arr":["413"],"angle":18.3,"extra":1}},{"type":"Feature","geometry":{"type":"Point","coordinates":[26.326094,44.510004]},"properties":{"lines":"413","color":"#0059a9","mode":"bus","arr":["413"],"angle":50.8}},{"type":"Feature","geometry":{"type":"Point","coordinates":[26.320694,44.51399]},"properties":{"lines":"413","color":"#0059a9","mode":"bus","arr":["413"],"angle":64.6,"extra":1}},{"type":"Feature","geometry":{"type":"Point","coordinates":[26.330177,44.506914]},"properties":{"lines":"413","color":"#0059a9","mode":"bus","arr":["413"],"angle":45.6,"extra":1}},{"type":"Feature","geometry":{"type":"Point","coordinates":[26.288217,44.597883]},"properties":{"lines":"411","color":"#0059a9","mode":"bus","arr":["411"],"angle":55.9}},{"type":"Feature","geometry":{"type":"Point","coordinates":[26.31142,44.58318]},"properties":{"lines":"411","color":"#0059a9","mode":"bus","arr":["411"],"angle":51.1,"extra":1}},{"type":"Feature","geometry":{"type":"Point","coordinates":[26.30756,44.587082]},"properties":{"lines":"411","color":"#0059a9","mode":"bus","arr":["411"],"angle":31.8,"extra":1}},{"type":"Feature","geometry":{"type":"Point","coordinates":[26.301495,44.589421]},"properties":{"lines":"411","color":"#0059a9","mode":"bus","arr":["411"],"angle":8.5,"extra":1}},{"type":"Feature","geometry":{"type":"Point","coordinates":[26.295581,44.591097]},"properties":{"lines":"411","color":"#0059a9","mode":"bus","arr":["411"],"angle":49.9,"extra":1}},{"type":"Feature","geometry":{"type":"Point","coordinates":[26.291175,44.594913]},"properties":{"lines":"411","color":"#0059a9","mode":"bus","arr":["411"],"angle":50.6,"extra":1}},{"type":"Feature","geometry":{"type":"Point","coordinates":[26.282689,44.602683]},"properties":{"lines":"411","color":"#0059a9","mode":"bus","arr":["411"],"angle":42.4,"extra":1}},{"type":"Feature","geometry":{"type":"Point","coordinates":[26.277355,44.605788]},"properties":{"lines":"411","color":"#0059a9","mode":"bus","arr":["411"],"angle":58.1,"extra":1}},{"type":"Feature","geometry":{"type":"Point","coordinates":[26.273449,44.60981]},"properties":{"lines":"411","color":"#0059a9","mode":"bus","arr":["411"],"angle":34.8,"extra":1}},{"type":"Feature","geometry":{"type":"Point","coordinates":[26.267731,44.612602]},"properties":{"lines":"411","color":"#0059a9","mode":"bus","arr":["411"],"angle":34.3,"extra":1}},{"type":"Feature","geometry":{"type":"Point","coordinates":[26.252028,44.6093]},"properties":{"lines":"411, 468B","color":"#0059a9","mode":"bus","arr":["411","468B"],"angle":-44.7}},{"type":"Feature","geometry":{"type":"Point","coordinates":[26.259379,44.612795]},"properties":{"lines":"411, 468B","color":"#0059a9","mode":"bus","arr":["411","468B"],"angle":-31.4,"extra":1}},{"type":"Feature","geometry":{"type":"Point","coordinates":[26.24863,44.606875]},"properties":{"lines":"411, 468B","color":"#0059a9","mode":"bus","arr":["411","468B"],"angle":-44.1,"extra":1}},{"type":"Feature","geometry":{"type":"Point","coordinates":[26.244354,44.603064]},"properties":{"lines":"411, 468B","color":"#0059a9","mode":"bus","arr":["411","468B"],"angle":-58,"extra":1}},{"type":"Feature","geometry":{"type":"Point","coordinates":[26.241821,44.600781]},"properties":{"lines":"468, 468B","color":"#0059a9","mode":"bus","arr":["468","468B"],"angle":-51.7}},{"type":"Feature","geometry":{"type":"Point","coordinates":[26.180199,44.486648]},"properties":{"lines":"411, 412, 413, 416, 417, 467, 473","color":"#0059a9","mode":"bus","arr":["411","412","413","416","417","467","473"],"angle":-35.7}},{"type":"Feature","geometry":{"type":"Point","coordinates":[26.312759,44.575351]},"properties":{"lines":"412","color":"#0059a9","mode":"bus","arr":["412"],"angle":64.8}},{"type":"Feature","geometry":{"type":"Point","coordinates":[26.313671,44.578149]},"properties":{"lines":"412","color":"#0059a9","mode":"bus","arr":["412"],"angle":77.1,"extra":1}},{"type":"Feature","geometry":{"type":"Point","coordinates":[26.316446,44.570479]},"properties":{"lines":"412","color":"#0059a9","mode":"bus","arr":["412"],"angle":67.8,"extra":1}},{"type":"Feature","geometry":{"type":"Point","coordinates":[26.33748,44.576055]},"properties":{"lines":"412","color":"#0059a9","mode":"bus","arr":["412"],"angle":18.6}},{"type":"Feature","geometry":{"type":"Point","coordinates":[26.31692,44.580566]},"properties":{"lines":"412","color":"#0059a9","mode":"bus","arr":["412"],"angle":17.1,"extra":1}},{"type":"Feature","geometry":{"type":"Point","coordinates":[26.323622,44.579344]},"properties":{"lines":"412","color":"#0059a9","mode":"bus","arr":["412"],"angle":18,"extra":1}},{"type":"Feature","geometry":{"type":"Point","coordinates":[26.330197,44.577787]},"properties":{"lines":"412","color":"#0059a9","mode":"bus","arr":["412"],"angle":18.3,"extra":1}},{"type":"Feature","geometry":{"type":"Point","coordinates":[26.343479,44.575064]},"properties":{"lines":"412","color":"#0059a9","mode":"bus","arr":["412"],"angle":10,"extra":1}},{"type":"Feature","geometry":{"type":"Point","coordinates":[26.349588,44.57477]},"properties":{"lines":"412","color":"#0059a9","mode":"bus","arr":["412"],"angle":-6.5,"extra":1}},{"type":"Feature","geometry":{"type":"Point","coordinates":[26.355973,44.574215]},"properties":{"lines":"412","color":"#0059a9","mode":"bus","arr":["412"],"angle":27.2,"extra":1}},{"type":"Feature","geometry":{"type":"Point","coordinates":[26.326358,44.49086]},"properties":{"lines":"417, 457","color":"#0059a9","mode":"bus","arr":["417","457"],"angle":-66}},{"type":"Feature","geometry":{"type":"Point","coordinates":[26.337553,44.500225]},"properties":{"lines":"417, 457","color":"#0059a9","mode":"bus","arr":["417","457"],"angle":-34.6,"extra":1}},{"type":"Feature","geometry":{"type":"Point","coordinates":[26.332047,44.497226]},"properties":{"lines":"417, 457","color":"#0059a9","mode":"bus","arr":["417","457"],"angle":-42.1,"extra":1}},{"type":"Feature","geometry":{"type":"Point","coordinates":[26.327583,44.493638]},"properties":{"lines":"417, 457","color":"#0059a9","mode":"bus","arr":["417","457"],"angle":-83,"extra":1}},{"type":"Feature","geometry":{"type":"Point","coordinates":[26.323415,44.484733]},"properties":{"lines":"417, 457","color":"#0059a9","mode":"bus","arr":["417","457"],"angle":-37,"extra":1}},{"type":"Feature","geometry":{"type":"Point","coordinates":[26.317602,44.482066]},"properties":{"lines":"417, 457","color":"#0059a9","mode":"bus","arr":["417","457"],"angle":-22.4,"extra":1}},{"type":"Feature","geometry":{"type":"Point","coordinates":[26.335677,44.5031]},"properties":{"lines":"413, 417, 457","color":"#0059a9","mode":"bus","arr":["413","417","457"],"angle":45.1}},{"type":"Feature","geometry":{"type":"Point","coordinates":[26.104478,44.479289]},"properties":{"lines":"416, 450, 488","color":"#0059a9","mode":"bus","arr":["416","450","488"],"angle":44.9}},{"type":"Feature","geometry":{"type":"Point","coordinates":[26.122414,44.490851]},"properties":{"lines":"416, 449, 450, 459, 488","color":"#0059a9","mode":"bus","arr":["416","449","450","459","488"],"angle":-30.5}},{"type":"Feature","geometry":{"type":"Point","coordinates":[26.1322,44.494061]},"properties":{"lines":"416","color":"#0059a9","mode":"bus","arr":["416"],"angle":43.5}},{"type":"Feature","geometry":{"type":"Point","coordinates":[26.168644,44.484353]},"properties":{"lines":"416","color":"#0059a9","mode":"bus","arr":["416"],"angle":39.3}},{"type":"Feature","geometry":{"type":"Point","coordinates":[26.169612,44.481392]},"properties":{"lines":"416","color":"#0059a9","mode":"bus","arr":["416"],"angle":-76.9}},{"type":"Feature","geometry":{"type":"Point","coordinates":[26.136097,44.493064]},"properties":{"lines":"416","color":"#0059a9","mode":"bus","arr":["416"],"angle":-13.9}},{"type":"Feature","geometry":{"type":"Point","coordinates":[26.142015,44.494317]},"properties":{"lines":"416","color":"#0059a9","mode":"bus","arr":["416"],"angle":-12,"extra":1}},{"type":"Feature","geometry":{"type":"Point","coordinates":[26.128571,44.492053]},"properties":{"lines":"416","color":"#0059a9","mode":"bus","arr":["416"],"angle":-9.5,"extra":1}},{"type":"Feature","geometry":{"type":"Point","coordinates":[26.14719,44.493496]},"properties":{"lines":"416, 473","color":"#0059a9","mode":"bus","arr":["416","473"],"angle":30.7}},{"type":"Feature","geometry":{"type":"Point","coordinates":[26.158783,44.492252]},"properties":{"lines":"416, 473","color":"#0059a9","mode":"bus","arr":["416","473"],"angle":-66.2}},{"type":"Feature","geometry":{"type":"Point","coordinates":[26.162634,44.498501]},"properties":{"lines":"416, 473","color":"#0059a9","mode":"bus","arr":["416","473"],"angle":-65.5,"extra":1}},{"type":"Feature","geometry":{"type":"Point","coordinates":[26.157128,44.489446]},"properties":{"lines":"416, 473","color":"#0059a9","mode":"bus","arr":["416","473"],"angle":-26.1,"extra":1}},{"type":"Feature","geometry":{"type":"Point","coordinates":[26.151092,44.491818]},"properties":{"lines":"416, 473","color":"#0059a9","mode":"bus","arr":["416","473"],"angle":29.6,"extra":1}},{"type":"Feature","geometry":{"type":"Point","coordinates":[26.168772,44.497332]},"properties":{"lines":"416, 473","color":"#0059a9","mode":"bus","arr":["416","473"],"angle":-56.8}},{"type":"Feature","geometry":{"type":"Point","coordinates":[26.169984,44.49461]},"properties":{"lines":"416, 473","color":"#0059a9","mode":"bus","arr":["416","473"],"angle":30.8,"extra":1}},{"type":"Feature","geometry":{"type":"Point","coordinates":[26.165153,44.50052]},"properties":{"lines":"416, 473","color":"#0059a9","mode":"bus","arr":["416","473"],"angle":24,"extra":1}},{"type":"Feature","geometry":{"type":"Point","coordinates":[26.181242,44.481797]},"properties":{"lines":"416, 473","color":"#0059a9","mode":"bus","arr":["416","473"],"angle":-47.8}},{"type":"Feature","geometry":{"type":"Point","coordinates":[26.183454,44.487442]},"properties":{"lines":"416, 473","color":"#0059a9","mode":"bus","arr":["416","473"],"angle":-38.8}},{"type":"Feature","geometry":{"type":"Point","coordinates":[26.185698,44.48553]},"properties":{"lines":"416, 473","color":"#0059a9","mode":"bus","arr":["416","473"],"angle":22}},{"type":"Feature","geometry":{"type":"Point","coordinates":[26.126247,44.487408]},"properties":{"lines":"416, 450, 459, 488","color":"#0059a9","mode":"bus","arr":["416","450","459","488"],"angle":-86.8}},{"type":"Feature","geometry":{"type":"Point","coordinates":[26.268007,44.497721]},"properties":{"lines":"417","color":"#0059a9","mode":"bus","arr":["417"],"angle":33.1}},{"type":"Feature","geometry":{"type":"Point","coordinates":[26.278394,44.493021]},"properties":{"lines":"417","color":"#0059a9","mode":"bus","arr":["417"],"angle":32.8,"extra":1}},{"type":"Feature","geometry":{"type":"Point","coordinates":[26.272544,44.495669]},"properties":{"lines":"417","color":"#0059a9","mode":"bus","arr":["417"],"angle":31.8,"extra":1}},{"type":"Feature","geometry":{"type":"Point","coordinates":[26.261522,44.495985]},"properties":{"lines":"417","color":"#0059a9","mode":"bus","arr":["417"],"angle":-44.8,"extra":1}},{"type":"Feature","geometry":{"type":"Point","coordinates":[26.255811,44.493226]},"properties":{"lines":"417","color":"#0059a9","mode":"bus","arr":["417"],"angle":-30.2,"extra":1}},{"type":"Feature","geometry":{"type":"Point","coordinates":[26.236692,44.499683]},"properties":{"lines":"417","color":"#0059a9","mode":"bus","arr":["417"],"angle":-35.8}},{"type":"Feature","geometry":{"type":"Point","coordinates":[26.219496,44.503798]},"properties":{"lines":"417","color":"#0059a9","mode":"bus","arr":["417"],"angle":41.6,"extra":1}},{"type":"Feature","geometry":{"type":"Point","coordinates":[26.224732,44.50056]},"properties":{"lines":"417","color":"#0059a9","mode":"bus","arr":["417"],"angle":41,"extra":1}},{"type":"Feature","geometry":{"type":"Point","coordinates":[26.229974,44.497327]},"properties":{"lines":"417","color":"#0059a9","mode":"bus","arr":["417"],"angle":41.2,"extra":1}},{"type":"Feature","geometry":{"type":"Point","coordinates":[26.241661,44.501654]},"properties":{"lines":"417","color":"#0059a9","mode":"bus","arr":["417"],"angle":-28.2,"extra":1}},{"type":"Feature","geometry":{"type":"Point","coordinates":[26.247392,44.502444]},"properties":{"lines":"417","color":"#0059a9","mode":"bus","arr":["417"],"angle":62.6,"extra":1}},{"type":"Feature","geometry":{"type":"Point","coordinates":[26.250583,44.498053]},"properties":{"lines":"417","color":"#0059a9","mode":"bus","arr":["417"],"angle":60.3,"extra":1}},{"type":"Feature","geometry":{"type":"Point","coordinates":[26.255467,44.493084]},"properties":{"lines":"417","color":"#0059a9","mode":"bus","arr":["417"],"angle":-32}},{"type":"Feature","geometry":{"type":"Point","coordinates":[26.083457,44.347292]},"properties":{"lines":"418, 419, 420, 428, 465","color":"#0059a9","mode":"bus","arr":["418","419","420","428","465"],"angle":-79.3}},{"type":"Feature","geometry":{"type":"Point","coordinates":[26.087948,44.364726]},"properties":{"lines":"418, 419, 420, 428, 465","color":"#0059a9","mode":"bus","arr":["418","419","420","428","465"],"angle":-79.5,"extra":1}},{"type":"Feature","geometry":{"type":"Point","coordinates":[26.079874,44.336953]},"properties":{"lines":"418, 420, 428, 465","color":"#0059a9","mode":"bus","arr":["418","420","428","465"],"angle":-76.2}},{"type":"Feature","geometry":{"type":"Point","coordinates":[26.080934,44.340028]},"properties":{"lines":"418, 420, 428, 465","color":"#0059a9","mode":"bus","arr":["418","420","428","465"],"angle":-76,"extra":1}},{"type":"Feature","geometry":{"type":"Point","coordinates":[26.079689,44.336143]},"properties":{"lines":"418, 419, 420, 465","color":"#0059a9","mode":"bus","arr":["418","419","420","465"],"angle":-76.1}},{"type":"Feature","geometry":{"type":"Point","coordinates":[26.078373,44.33232]},"properties":{"lines":"418, 419, 420, 465","color":"#0059a9","mode":"bus","arr":["418","419","420","465"],"angle":-76.3,"extra":1}},{"type":"Feature","geometry":{"type":"Point","coordinates":[26.081689,44.341925]},"properties":{"lines":"418, 419, 420, 465","color":"#0059a9","mode":"bus","arr":["418","419","420","465"],"angle":-76.2,"extra":1}},{"type":"Feature","geometry":{"type":"Point","coordinates":[26.070623,44.321611]},"properties":{"lines":"418, 465","color":"#0059a9","mode":"bus","arr":["418","465"],"angle":-61.6}},{"type":"Feature","geometry":{"type":"Point","coordinates":[26.075551,44.32773]},"properties":{"lines":"418, 465","color":"#0059a9","mode":"bus","arr":["418","465"],"angle":-54,"extra":1}},{"type":"Feature","geometry":{"type":"Point","coordinates":[26.068643,44.319163]},"properties":{"lines":"418, 465","color":"#0059a9","mode":"bus","arr":["418","465"],"angle":-60.8,"extra":1}},{"type":"Feature","geometry":{"type":"Point","coordinates":[26.065256,44.314895]},"properties":{"lines":"418, 465","color":"#0059a9","mode":"bus","arr":["418","465"],"angle":-66.7,"extra":1}},{"type":"Feature","geometry":{"type":"Point","coordinates":[26.062922,44.310807]},"properties":{"lines":"418, 465","color":"#0059a9","mode":"bus","arr":["418","465"],"angle":-81.7,"extra":1}},{"type":"Feature","geometry":{"type":"Point","coordinates":[26.062358,44.305878]},"properties":{"lines":"418, 465","color":"#0059a9","mode":"bus","arr":["418","465"],"angle":-85.4,"extra":1}},{"type":"Feature","geometry":{"type":"Point","coordinates":[26.061805,44.300947]},"properties":{"lines":"418, 465","color":"#0059a9","mode":"bus","arr":["418","465"],"angle":-85.3,"extra":1}},{"type":"Feature","geometry":{"type":"Point","coordinates":[26.061246,44.296017]},"properties":{"lines":"418, 465","color":"#0059a9","mode":"bus","arr":["418","465"],"angle":-85,"extra":1}},{"type":"Feature","geometry":{"type":"Point","coordinates":[26.060819,44.292185]},"properties":{"lines":"418, 465","color":"#0059a9","mode":"bus","arr":["418","465"],"angle":-85.5,"extra":1}},{"type":"Feature","geometry":{"type":"Point","coordinates":[26.060271,44.287254]},"properties":{"lines":"418, 465","color":"#0059a9","mode":"bus","arr":["418","465"],"angle":-85.2,"extra":1}},{"type":"Feature","geometry":{"type":"Point","coordinates":[26.072523,44.324058]},"properties":{"lines":"418, 465","color":"#0059a9","mode":"bus","arr":["418","465"],"angle":-60.8,"extra":1}},{"type":"Feature","geometry":{"type":"Point","coordinates":[26.090429,44.265587]},"properties":{"lines":"418","color":"#0059a9","mode":"bus","arr":["418"],"angle":66.7}},{"type":"Feature","geometry":{"type":"Point","coordinates":[26.062998,44.283554]},"properties":{"lines":"418","color":"#0059a9","mode":"bus","arr":["418"],"angle":40.9,"extra":1}},{"type":"Feature","geometry":{"type":"Point","coordinates":[26.068257,44.280334]},"properties":{"lines":"418","color":"#0059a9","mode":"bus","arr":["418"],"angle":39.9,"extra":1}},{"type":"Feature","geometry":{"type":"Point","coordinates":[26.071997,44.276257]},"properties":{"lines":"418","color":"#0059a9","mode":"bus","arr":["418"],"angle":62.4,"extra":1}},{"type":"Feature","geometry":{"type":"Point","coordinates":[26.076804,44.27299]},"properties":{"lines":"418","color":"#0059a9","mode":"bus","arr":["418"],"angle":26.7,"extra":1}},{"type":"Feature","geometry":{"type":"Point","coordinates":[26.083037,44.270836]},"properties":{"lines":"418","color":"#0059a9","mode":"bus","arr":["418"],"angle":27.3,"extra":1}},{"type":"Feature","geometry":{"type":"Point","coordinates":[26.088724,44.268107]},"properties":{"lines":"418","color":"#0059a9","mode":"bus","arr":["418"],"angle":52.8,"extra":1}},{"type":"Feature","geometry":{"type":"Point","coordinates":[26.094272,44.259052]},"properties":{"lines":"418","color":"#0059a9","mode":"bus","arr":["418"],"angle":69.2,"extra":1}},{"type":"Feature","geometry":{"type":"Point","coordinates":[26.097104,44.255901]},"properties":{"lines":"418","color":"#0059a9","mode":"bus","arr":["418"],"angle":-35.8,"extra":1}},{"type":"Feature","geometry":{"type":"Point","coordinates":[26.102837,44.258652]},"properties":{"lines":"418","color":"#0059a9","mode":"bus","arr":["418"],"angle":-26.3,"extra":1}},{"type":"Feature","geometry":{"type":"Point","coordinates":[26.108878,44.261057]},"properties":{"lines":"418","color":"#0059a9","mode":"bus","arr":["418"],"angle":-33.4,"extra":1}},{"type":"Feature","geometry":{"type":"Point","coordinates":[26.114726,44.263708]},"properties":{"lines":"418","color":"#0059a9","mode":"bus","arr":["418"],"angle":-32.6,"extra":1}},{"type":"Feature","geometry":{"type":"Point","coordinates":[26.081292,44.342439]},"properties":{"lines":"419","color":"#0059a9","mode":"bus","arr":["419"],"angle":30.9}},{"type":"Feature","geometry":{"type":"Point","coordinates":[26.094697,44.334684]},"properties":{"lines":"419","color":"#0059a9","mode":"bus","arr":["419"],"angle":-49}},{"type":"Feature","geometry":{"type":"Point","coordinates":[26.086531,44.328178]},"properties":{"lines":"419","color":"#0059a9","mode":"bus","arr":["419"],"angle":-49.2,"extra":1}},{"type":"Feature","geometry":{"type":"Point","coordinates":[26.091186,44.33184]},"properties":{"lines":"419","color":"#0059a9","mode":"bus","arr":["419"],"angle":-48.3,"extra":1}},{"type":"Feature","geometry":{"type":"Point","coordinates":[26.100326,44.339274]},"properties":{"lines":"419","color":"#0059a9","mode":"bus","arr":["419"],"angle":-48.7,"extra":1}},{"type":"Feature","geometry":{"type":"Point","coordinates":[26.104958,44.342949]},"properties":{"lines":"419","color":"#0059a9","mode":"bus","arr":["419"],"angle":-62.7,"extra":1}},{"type":"Feature","geometry":{"type":"Point","coordinates":[26.066862,44.335665]},"properties":{"lines":"419, 428","color":"#0059a9","mode":"bus","arr":["419","428"],"angle":-51.7}},{"type":"Feature","geometry":{"type":"Point","coordinates":[26.077611,44.342039]},"properties":{"lines":"419, 428","color":"#0059a9","mode":"bus","arr":["419","428"],"angle":-16,"extra":1}},{"type":"Feature","geometry":{"type":"Point","coordinates":[26.071748,44.339479]},"properties":{"lines":"419, 428","color":"#0059a9","mode":"bus","arr":["419","428"],"angle":-39.1,"extra":1}},{"type":"Feature","geometry":{"type":"Point","coordinates":[26.067688,44.332256]},"properties":{"lines":"419, 428","color":"#0059a9","mode":"bus","arr":["419","428"],"angle":31.3,"extra":1}},{"type":"Feature","geometry":{"type":"Point","coordinates":[26.074059,44.332336]},"properties":{"lines":"419, 428","color":"#0059a9","mode":"bus","arr":["419","428"],"angle":17.9,"extra":1}},{"type":"Feature","geometry":{"type":"Point","coordinates":[26.081104,44.327932]},"properties":{"lines":"419, 420","color":"#0059a9","mode":"bus","arr":["419","420"],"angle":35.9}},{"type":"Feature","geometry":{"type":"Point","coordinates":[26.103519,44.317568]},"properties":{"lines":"420","color":"#0059a9","mode":"bus","arr":["420"],"angle":30.7}},{"type":"Feature","geometry":{"type":"Point","coordinates":[26.087763,44.326364]},"properties":{"lines":"420","color":"#0059a9","mode":"bus","arr":["420"],"angle":-20.8,"extra":1}},{"type":"Feature","geometry":{"type":"Point","coordinates":[26.093339,44.324811]},"properties":{"lines":"420","color":"#0059a9","mode":"bus","arr":["420"],"angle":42.8,"extra":1}},{"type":"Feature","geometry":{"type":"Point","coordinates":[26.098491,44.321597]},"properties":{"lines":"420","color":"#0059a9","mode":"bus","arr":["420"],"angle":41.9,"extra":1}},{"type":"Feature","geometry":{"type":"Point","coordinates":[26.107763,44.314665]},"properties":{"lines":"420","color":"#0059a9","mode":"bus","arr":["420"],"angle":72.2,"extra":1}},{"type":"Feature","geometry":{"type":"Point","coordinates":[26.111578,44.310612]},"properties":{"lines":"420","color":"#0059a9","mode":"bus","arr":["420"],"angle":39.9,"extra":1}},{"type":"Feature","geometry":{"type":"Point","coordinates":[26.115235,44.306581]},"properties":{"lines":"420","color":"#0059a9","mode":"bus","arr":["420"],"angle":72.4,"extra":1}},{"type":"Feature","geometry":{"type":"Point","coordinates":[26.134818,44.277238]},"properties":{"lines":"420","color":"#0059a9","mode":"bus","arr":["420"],"angle":76.2}},{"type":"Feature","geometry":{"type":"Point","coordinates":[26.161262,44.262947]},"properties":{"lines":"420","color":"#0059a9","mode":"bus","arr":["420"],"angle":19.9,"extra":1}},{"type":"Feature","geometry":{"type":"Point","coordinates":[26.154722,44.264576]},"properties":{"lines":"420","color":"#0059a9","mode":"bus","arr":["420"],"angle":11.8,"extra":1}},{"type":"Feature","geometry":{"type":"Point","coordinates":[26.151992,44.267539]},"properties":{"lines":"420","color":"#0059a9","mode":"bus","arr":["420"],"angle":60,"extra":1}},{"type":"Feature","geometry":{"type":"Point","coordinates":[26.148585,44.271789]},"properties":{"lines":"420","color":"#0059a9","mode":"bus","arr":["420"],"angle":42.8,"extra":1}},{"type":"Feature","geometry":{"type":"Point","coordinates":[26.142656,44.273203]},"properties":{"lines":"420","color":"#0059a9","mode":"bus","arr":["420"],"angle":32.6,"extra":1}},{"type":"Feature","geometry":{"type":"Point","coordinates":[26.133977,44.279981]},"properties":{"lines":"420","color":"#0059a9","mode":"bus","arr":["420"],"angle":78.5,"extra":1}},{"type":"Feature","geometry":{"type":"Point","coordinates":[26.133267,44.284882]},"properties":{"lines":"420","color":"#0059a9","mode":"bus","arr":["420"],"angle":78.9,"extra":1}},{"type":"Feature","geometry":{"type":"Point","coordinates":[26.13169,44.289696]},"properties":{"lines":"420","color":"#0059a9","mode":"bus","arr":["420"],"angle":74.7,"extra":1}},{"type":"Feature","geometry":{"type":"Point","coordinates":[26.127522,44.293398]},"properties":{"lines":"420","color":"#0059a9","mode":"bus","arr":["420"],"angle":34.9,"extra":1}},{"type":"Feature","geometry":{"type":"Point","coordinates":[26.12243,44.296746]},"properties":{"lines":"420","color":"#0059a9","mode":"bus","arr":["420"],"angle":54.2,"extra":1}},{"type":"Feature","geometry":{"type":"Point","coordinates":[26.11914,44.301098]},"properties":{"lines":"420","color":"#0059a9","mode":"bus","arr":["420"],"angle":61.8,"extra":1}},{"type":"Feature","geometry":{"type":"Point","coordinates":[26.176441,44.258551]},"properties":{"lines":"420, 438","color":"#0059a9","mode":"bus","arr":["420","438"],"angle":18.1}},{"type":"Feature","geometry":{"type":"Point","coordinates":[26.185475,44.258592]},"properties":{"lines":"420, 438","color":"#0059a9","mode":"bus","arr":["420","438"],"angle":-13.9,"extra":1}},{"type":"Feature","geometry":{"type":"Point","coordinates":[26.17233,44.259527]},"properties":{"lines":"420, 438","color":"#0059a9","mode":"bus","arr":["420","438"],"angle":18.2,"extra":1}},{"type":"Feature","geometry":{"type":"Point","coordinates":[26.165843,44.261244]},"properties":{"lines":"420, 438","color":"#0059a9","mode":"bus","arr":["420","438"],"angle":26.6,"extra":1}},{"type":"Feature","geometry":{"type":"Point","coordinates":[26.182817,44.260411]},"properties":{"lines":"420, 438","color":"#0059a9","mode":"bus","arr":["420","438"],"angle":25.4}},{"type":"Feature","geometry":{"type":"Point","coordinates":[26.186821,44.259881]},"properties":{"lines":"420, 438","color":"#0059a9","mode":"bus","arr":["420","438"],"angle":10.9,"extra":1}},{"type":"Feature","geometry":{"type":"Point","coordinates":[25.950591,44.347919]},"properties":{"lines":"421","color":"#0059a9","mode":"bus","arr":["421"],"angle":-45.2}},{"type":"Feature","geometry":{"type":"Point","coordinates":[25.942307,44.339864]},"properties":{"lines":"421","color":"#0059a9","mode":"bus","arr":["421"],"angle":59.9,"extra":1}},{"type":"Feature","geometry":{"type":"Point","coordinates":[25.944396,44.343325]},"properties":{"lines":"421","color":"#0059a9","mode":"bus","arr":["421"],"angle":-46.1,"extra":1}},{"type":"Feature","geometry":{"type":"Point","coordinates":[25.954091,44.350392]},"properties":{"lines":"421","color":"#0059a9","mode":"bus","arr":["421"],"angle":-46.3,"extra":1}},{"type":"Feature","geometry":{"type":"Point","coordinates":[25.958882,44.353964]},"properties":{"lines":"421","color":"#0059a9","mode":"bus","arr":["421"],"angle":-45.9,"extra":1}},{"type":"Feature","geometry":{"type":"Point","coordinates":[25.965827,44.358625]},"properties":{"lines":"421","color":"#0059a9","mode":"bus","arr":["421"],"angle":-38.2,"extra":1}},{"type":"Feature","geometry":{"type":"Point","coordinates":[25.969726,44.362591]},"properties":{"lines":"421","color":"#0059a9","mode":"bus","arr":["421"],"angle":-64.6,"extra":1}},{"type":"Feature","geometry":{"type":"Point","coordinates":[25.94714,44.345401]},"properties":{"lines":"421","color":"#0059a9","mode":"bus","arr":["421"],"angle":-45.7,"extra":1}},{"type":"Feature","geometry":{"type":"Point","coordinates":[25.943892,44.335352]},"properties":{"lines":"421","color":"#0059a9","mode":"bus","arr":["421"],"angle":51,"extra":1}},{"type":"Feature","geometry":{"type":"Point","coordinates":[25.94933,44.333156]},"properties":{"lines":"421","color":"#0059a9","mode":"bus","arr":["421"],"angle":44.1,"extra":1}},{"type":"Feature","geometry":{"type":"Point","coordinates":[25.952715,44.330174]},"properties":{"lines":"421","color":"#0059a9","mode":"bus","arr":["421"],"angle":-70.9,"extra":1}},{"type":"Feature","geometry":{"type":"Point","coordinates":[25.987944,44.381009]},"properties":{"lines":"421, 424","color":"#0059a9","mode":"bus","arr":["421","424"],"angle":-48.7}},{"type":"Feature","geometry":{"type":"Point","coordinates":[25.972774,44.367219]},"properties":{"lines":"421, 424","color":"#0059a9","mode":"bus","arr":["421","424"],"angle":-65,"extra":1}},{"type":"Feature","geometry":{"type":"Point","coordinates":[25.976668,44.37122]},"properties":{"lines":"421, 424","color":"#0059a9","mode":"bus","arr":["421","424"],"angle":-43.5,"extra":1}},{"type":"Feature","geometry":{"type":"Point","coordinates":[25.981528,44.37503]},"properties":{"lines":"421, 424","color":"#0059a9","mode":"bus","arr":["421","424"],"angle":-50.9,"extra":1}},{"type":"Feature","geometry":{"type":"Point","coordinates":[25.997096,44.384169]},"properties":{"lines":"421, 424","color":"#0059a9","mode":"bus","arr":["421","424"],"angle":-23.7,"extra":1}},{"type":"Feature","geometry":{"type":"Point","coordinates":[25.988515,44.381533]},"properties":{"lines":"421, 424","color":"#0059a9","mode":"bus","arr":["421","424"],"angle":-37.3}},{"type":"Feature","geometry":{"type":"Point","coordinates":[25.999026,44.384862]},"properties":{"lines":"421, 424","color":"#0059a9","mode":"bus","arr":["421","424"],"angle":-23.1,"extra":1}},{"type":"Feature","geometry":{"type":"Point","coordinates":[25.992687,44.382867]},"properties":{"lines":"421, 424","color":"#0059a9","mode":"bus","arr":["421","424"],"angle":-23.5,"extra":1}},{"type":"Feature","geometry":{"type":"Point","coordinates":[25.982835,44.376304]},"properties":{"lines":"421, 424","color":"#0059a9","mode":"bus","arr":["421","424"],"angle":-52.5,"extra":1}},{"type":"Feature","geometry":{"type":"Point","coordinates":[26.005578,44.386725]},"properties":{"lines":"421, 424, 481, 482","color":"#0059a9","mode":"bus","arr":["421","424","481","482"],"angle":-21.4}},{"type":"Feature","geometry":{"type":"Point","coordinates":[26.015537,44.389504]},"properties":{"lines":"421, 424, 481, 484","color":"#0059a9","mode":"bus","arr":["421","424","481","484"],"angle":-21.4}},{"type":"Feature","geometry":{"type":"Point","coordinates":[26.015362,44.389531]},"properties":{"lines":"421, 424, 484","color":"#0059a9","mode":"bus","arr":["421","424","484"],"angle":-21.6}},{"type":"Feature","geometry":{"type":"Point","coordinates":[26.030753,44.393778]},"properties":{"lines":"421, 424, 484, 484B","color":"#0059a9","mode":"bus","arr":["421","424","484","484B"],"angle":-21.3}},{"type":"Feature","geometry":{"type":"Point","coordinates":[26.038937,44.396031]},"properties":{"lines":"421, 424, 484, 484B","color":"#0059a9","mode":"bus","arr":["421","424","484","484B"],"angle":-21.6,"extra":1}},{"type":"Feature","geometry":{"type":"Point","coordinates":[26.026021,44.392453]},"properties":{"lines":"421, 424, 484, 484B","color":"#0059a9","mode":"bus","arr":["421","424","484","484B"],"angle":-21,"extra":1}},{"type":"Feature","geometry":{"type":"Point","coordinates":[26.019544,44.390707]},"properties":{"lines":"421, 424, 484, 484B","color":"#0059a9","mode":"bus","arr":["421","424","484","484B"],"angle":-21.4,"extra":1}},{"type":"Feature","geometry":{"type":"Point","coordinates":[26.043155,44.397599]},"properties":{"lines":"421, 424, 484, 484B, N114","color":"#0059a9","mode":"bus","arr":["421","424","484","484B","N114"],"angle":-30.4}},{"type":"Feature","geometry":{"type":"Point","coordinates":[26.04433,44.398041]},"properties":{"lines":"421, 424, 484, N114","color":"#0059a9","mode":"bus","arr":["421","424","484","N114"],"angle":-28.4}},{"type":"Feature","geometry":{"type":"Point","coordinates":[26.003577,44.386218]},"properties":{"lines":"421, 424, 482","color":"#0059a9","mode":"bus","arr":["421","424","482"],"angle":-21.3}},{"type":"Feature","geometry":{"type":"Point","coordinates":[25.890871,44.406311]},"properties":{"lines":"422","color":"#0059a9","mode":"bus","arr":["422"],"angle":21.7}},{"type":"Feature","geometry":{"type":"Point","coordinates":[25.906337,44.402006]},"properties":{"lines":"422","color":"#0059a9","mode":"bus","arr":["422"],"angle":21.4,"extra":1}},{"type":"Feature","geometry":{"type":"Point","coordinates":[25.899904,44.40384]},"properties":{"lines":"422","color":"#0059a9","mode":"bus","arr":["422"],"angle":21.8,"extra":1}},{"type":"Feature","geometry":{"type":"Point","coordinates":[25.886927,44.407284]},"properties":{"lines":"422","color":"#0059a9","mode":"bus","arr":["422"],"angle":11.6,"extra":1}},{"type":"Feature","geometry":{"type":"Point","coordinates":[25.882287,44.409155]},"properties":{"lines":"422","color":"#0059a9","mode":"bus","arr":["422"],"angle":87.4,"extra":1}},{"type":"Feature","geometry":{"type":"Point","coordinates":[25.87889,44.413238]},"properties":{"lines":"422","color":"#0059a9","mode":"bus","arr":["422"],"angle":45.7,"extra":1}},{"type":"Feature","geometry":{"type":"Point","coordinates":[25.91426,44.39922]},"properties":{"lines":"422","color":"#0059a9","mode":"bus","arr":["422"],"angle":37.9,"extra":1}},{"type":"Feature","geometry":{"type":"Point","coordinates":[25.927255,44.401654]},"properties":{"lines":"422","color":"#0059a9","mode":"bus","arr":["422"],"angle":12.8}},{"type":"Feature","geometry":{"type":"Point","coordinates":[25.919634,44.399073]},"properties":{"lines":"422","color":"#0059a9","mode":"bus","arr":["422"],"angle":-49.2,"extra":1}},{"type":"Feature","geometry":{"type":"Point","coordinates":[25.932211,44.400914]},"properties":{"lines":"422","color":"#0059a9","mode":"bus","arr":["422"],"angle":9.2,"extra":1}},{"type":"Feature","geometry":{"type":"Point","coordinates":[25.937669,44.402929]},"properties":{"lines":"422","color":"#0059a9","mode":"bus","arr":["422"],"angle":-42.2,"extra":1}},{"type":"Feature","geometry":{"type":"Point","coordinates":[25.910446,44.400822]},"properties":{"lines":"422, 423","color":"#0059a9","mode":"bus","arr":["422","423"],"angle":26.9}},{"type":"Feature","geometry":{"type":"Point","coordinates":[25.948228,44.403348]},"properties":{"lines":"422, 423","color":"#0059a9","mode":"bus","arr":["422","423"],"angle":-1.2}},{"type":"Feature","geometry":{"type":"Point","coordinates":[25.955166,44.403425]},"properties":{"lines":"422, 423","color":"#0059a9","mode":"bus","arr":["422","423"],"angle":-1.2,"extra":1}},{"type":"Feature","geometry":{"type":"Point","coordinates":[25.941314,44.403275]},"properties":{"lines":"422, 423","color":"#0059a9","mode":"bus","arr":["422","423"],"angle":-0.7,"extra":1}},{"type":"Feature","geometry":{"type":"Point","coordinates":[25.964054,44.403906]},"properties":{"lines":"422, 423, 425, 425B","color":"#0059a9","mode":"bus","arr":["422","423","425","425B"],"angle":-14.4}},{"type":"Feature","geometry":{"type":"Point","coordinates":[25.968808,44.404772]},"properties":{"lines":"422, 423, 425, 425B","color":"#0059a9","mode":"bus","arr":["422","423","425","425B"],"angle":-14.1,"extra":1}},{"type":"Feature","geometry":{"type":"Point","coordinates":[25.978956,44.406889]},"properties":{"lines":"422, 423, 425, 425B","color":"#0059a9","mode":"bus","arr":["422","423","425","425B"],"angle":-11.7}},{"type":"Feature","geometry":{"type":"Point","coordinates":[25.890938,44.388302]},"properties":{"lines":"423","color":"#0059a9","mode":"bus","arr":["423"],"angle":-43.7}},{"type":"Feature","geometry":{"type":"Point","coordinates":[25.870305,44.381439]},"properties":{"lines":"423","color":"#0059a9","mode":"bus","arr":["423"],"angle":-16.7,"extra":1}},{"type":"Feature","geometry":{"type":"Point","coordinates":[25.877018,44.382659]},"properties":{"lines":"423","color":"#0059a9","mode":"bus","arr":["423"],"angle":-14.6,"extra":1}},{"type":"Feature","geometry":{"type":"Point","coordinates":[25.883723,44.3839]},"properties":{"lines":"423","color":"#0059a9","mode":"bus","arr":["423"],"angle":-15.2,"extra":1}},{"type":"Feature","geometry":{"type":"Point","coordinates":[25.894038,44.390394]},"properties":{"lines":"423","color":"#0059a9","mode":"bus","arr":["423"],"angle":-42.9,"extra":1}},{"type":"Feature","geometry":{"type":"Point","coordinates":[25.899039,44.393816]},"properties":{"lines":"423","color":"#0059a9","mode":"bus","arr":["423"],"angle":-43.3,"extra":1}},{"type":"Feature","geometry":{"type":"Point","coordinates":[25.904014,44.397257]},"properties":{"lines":"423","color":"#0059a9","mode":"bus","arr":["423"],"angle":-44.2,"extra":1}},{"type":"Feature","geometry":{"type":"Point","coordinates":[25.90951,44.400141]},"properties":{"lines":"423","color":"#0059a9","mode":"bus","arr":["423"],"angle":-9.8,"extra":1}},{"type":"Feature","geometry":{"type":"Point","coordinates":[25.921464,44.407202]},"properties":{"lines":"423","color":"#0059a9","mode":"bus","arr":["423"],"angle":1.7}},{"type":"Feature","geometry":{"type":"Point","coordinates":[25.910238,44.403487]},"properties":{"lines":"423","color":"#0059a9","mode":"bus","arr":["423"],"angle":-61.9,"extra":1}},{"type":"Feature","geometry":{"type":"Point","coordinates":[25.914279,44.407464]},"properties":{"lines":"423","color":"#0059a9","mode":"bus","arr":["423"],"angle":-14.3,"extra":1}},{"type":"Feature","geometry":{"type":"Point","coordinates":[25.927969,44.406728]},"properties":{"lines":"423","color":"#0059a9","mode":"bus","arr":["423"],"angle":8.9,"extra":1}},{"type":"Feature","geometry":{"type":"Point","coordinates":[25.934096,44.40454]},"properties":{"lines":"423","color":"#0059a9","mode":"bus","arr":["423"],"angle":27.8,"extra":1}},{"type":"Feature","geometry":{"type":"Point","coordinates":[25.940836,44.377036]},"properties":{"lines":"424, 425, 425B","color":"#0059a9","mode":"bus","arr":["424","425","425B"],"angle":-25.3}},{"type":"Feature","geometry":{"type":"Point","coordinates":[25.956102,44.373165]},"properties":{"lines":"424","color":"#0059a9","mode":"bus","arr":["424"],"angle":43.4}},{"type":"Feature","geometry":{"type":"Point","coordinates":[25.945269,44.375914]},"properties":{"lines":"424","color":"#0059a9","mode":"bus","arr":["424"],"angle":56.4,"extra":1}},{"type":"Feature","geometry":{"type":"Point","coordinates":[25.949223,44.371853]},"properties":{"lines":"424","color":"#0059a9","mode":"bus","arr":["424"],"angle":55,"extra":1}},{"type":"Feature","geometry":{"type":"Point","coordinates":[25.960346,44.370441]},"properties":{"lines":"424","color":"#0059a9","mode":"bus","arr":["424"],"angle":35.5,"extra":1}},{"type":"Feature","geometry":{"type":"Point","coordinates":[25.966002,44.367586]},"properties":{"lines":"424","color":"#0059a9","mode":"bus","arr":["424"],"angle":34.9,"extra":1}},{"type":"Feature","geometry":{"type":"Point","coordinates":[25.97083,44.365166]},"properties":{"lines":"424","color":"#0059a9","mode":"bus","arr":["424"],"angle":-66.5}},{"type":"Feature","geometry":{"type":"Point","coordinates":[25.911281,44.364889]},"properties":{"lines":"425","color":"#0059a9","mode":"bus","arr":["425"],"angle":-34.8}},{"type":"Feature","geometry":{"type":"Point","coordinates":[25.886648,44.361086]},"properties":{"lines":"425","color":"#0059a9","mode":"bus","arr":["425"],"angle":1.4,"extra":1}},{"type":"Feature","geometry":{"type":"Point","coordinates":[25.893326,44.359903]},"properties":{"lines":"425","color":"#0059a9","mode":"bus","arr":["425"],"angle":6.4,"extra":1}},{"type":"Feature","geometry":{"type":"Point","coordinates":[25.934867,44.375558]},"properties":{"lines":"425","color":"#0059a9","mode":"bus","arr":["425"],"angle":-17.7,"extra":1}},{"type":"Feature","geometry":{"type":"Point","coordinates":[25.928612,44.373471]},"properties":{"lines":"425","color":"#0059a9","mode":"bus","arr":["425"],"angle":-30.3,"extra":1}},{"type":"Feature","geometry":{"type":"Point","coordinates":[25.922875,44.370704]},"properties":{"lines":"425","color":"#0059a9","mode":"bus","arr":["425"],"angle":-35.1,"extra":1}},{"type":"Feature","geometry":{"type":"Point","coordinates":[25.91721,44.367857]},"properties":{"lines":"425","color":"#0059a9","mode":"bus","arr":["425"],"angle":-35.1,"extra":1}},{"type":"Feature","geometry":{"type":"Point","coordinates":[25.905753,44.362305]},"properties":{"lines":"425","color":"#0059a9","mode":"bus","arr":["425"],"angle":-28.1,"extra":1}},{"type":"Feature","geometry":{"type":"Point","coordinates":[25.899606,44.360025]},"properties":{"lines":"425","color":"#0059a9","mode":"bus","arr":["425"],"angle":-26.2,"extra":1}},{"type":"Feature","geometry":{"type":"Point","coordinates":[25.895024,44.362653]},"properties":{"lines":"425","color":"#0059a9","mode":"bus","arr":["425"],"angle":55,"extra":1}},{"type":"Feature","geometry":{"type":"Point","coordinates":[25.890006,44.362802]},"properties":{"lines":"425","color":"#0059a9","mode":"bus","arr":["425"],"angle":-33.7,"extra":1}},{"type":"Feature","geometry":{"type":"Point","coordinates":[25.938576,44.390663]},"properties":{"lines":"425, 425B","color":"#0059a9","mode":"bus","arr":["425","425B"],"angle":-25.4}},{"type":"Feature","geometry":{"type":"Point","coordinates":[25.940762,44.379499]},"properties":{"lines":"425, 425B","color":"#0059a9","mode":"bus","arr":["425","425B"],"angle":55,"extra":1}},{"type":"Feature","geometry":{"type":"Point","coordinates":[25.936242,44.38107]},"properties":{"lines":"425, 425B","color":"#0059a9","mode":"bus","arr":["425","425B"],"angle":-39.7,"extra":1}},{"type":"Feature","geometry":{"type":"Point","coordinates":[25.931774,44.384077]},"properties":{"lines":"425, 425B","color":"#0059a9","mode":"bus","arr":["425","425B"],"angle":59.7,"extra":1}},{"type":"Feature","geometry":{"type":"Point","coordinates":[25.930652,44.387984]},"properties":{"lines":"425, 425B","color":"#0059a9","mode":"bus","arr":["425","425B"],"angle":-34.8,"extra":1}},{"type":"Feature","geometry":{"type":"Point","coordinates":[25.943157,44.39223]},"properties":{"lines":"425, 425B","color":"#0059a9","mode":"bus","arr":["425","425B"],"angle":-25.8,"extra":1}},{"type":"Feature","geometry":{"type":"Point","coordinates":[25.948261,44.393905]},"properties":{"lines":"425, 425B","color":"#0059a9","mode":"bus","arr":["425","425B"],"angle":55.4,"extra":1}},{"type":"Feature","geometry":{"type":"Point","coordinates":[25.947109,44.397739]},"properties":{"lines":"425, 425B","color":"#0059a9","mode":"bus","arr":["425","425B"],"angle":-29,"extra":1}},{"type":"Feature","geometry":{"type":"Point","coordinates":[25.952747,44.400592]},"properties":{"lines":"425, 425B","color":"#0059a9","mode":"bus","arr":["425","425B"],"angle":-40.4,"extra":1}},{"type":"Feature","geometry":{"type":"Point","coordinates":[25.958438,44.403407]},"properties":{"lines":"425, 425B","color":"#0059a9","mode":"bus","arr":["425","425B"],"angle":-34,"extra":1}},{"type":"Feature","geometry":{"type":"Point","coordinates":[26.048862,44.399807]},"properties":{"lines":"426, 427, 428, 487","color":"#0059a9","mode":"bus","arr":["426","427","428","487"],"angle":-81.1}},{"type":"Feature","geometry":{"type":"Point","coordinates":[26.04584,44.3749]},"properties":{"lines":"426, 427, 428, 464, 487","color":"#0059a9","mode":"bus","arr":["426","427","428","464","487"],"angle":-67.5}},{"type":"Feature","geometry":{"type":"Point","coordinates":[26.047934,44.392524]},"properties":{"lines":"426, 427, 428, 464, 487","color":"#0059a9","mode":"bus","arr":["426","427","428","464","487"],"angle":-84.8,"extra":1}},{"type":"Feature","geometry":{"type":"Point","coordinates":[26.047285,44.3876]},"properties":{"lines":"426, 427, 428, 464, 487","color":"#0059a9","mode":"bus","arr":["426","427","428","464","487"],"angle":-84.8,"extra":1}},{"type":"Feature","geometry":{"type":"Point","coordinates":[26.046604,44.382677]},"properties":{"lines":"426, 427, 428, 464, 487","color":"#0059a9","mode":"bus","arr":["426","427","428","464","487"],"angle":-84.5,"extra":1}},{"type":"Feature","geometry":{"type":"Point","coordinates":[26.047135,44.377783]},"properties":{"lines":"426, 427, 428, 464, 487","color":"#0059a9","mode":"bus","arr":["426","427","428","464","487"],"angle":82.3,"extra":1}},{"type":"Feature","geometry":{"type":"Point","coordinates":[26.042114,44.368621]},"properties":{"lines":"426, 427, 428, 464, 487","color":"#0059a9","mode":"bus","arr":["426","427","428","464","487"],"angle":-67.2,"extra":1}},{"type":"Feature","geometry":{"type":"Point","coordinates":[26.039416,44.364065]},"properties":{"lines":"426, 427, 428, 464, 487","color":"#0059a9","mode":"bus","arr":["426","427","428","464","487"],"angle":-67.3,"extra":1}},{"type":"Feature","geometry":{"type":"Point","coordinates":[26.037349,44.359359]},"properties":{"lines":"426, 427, 428, 464, 487","color":"#0059a9","mode":"bus","arr":["426","427","428","464","487"],"angle":-76.1,"extra":1}},{"type":"Feature","geometry":{"type":"Point","coordinates":[26.031835,44.351295]},"properties":{"lines":"426, 427, 428, 464, 487","color":"#0059a9","mode":"bus","arr":["426","427","428","464","487"],"angle":87.4}},{"type":"Feature","geometry":{"type":"Point","coordinates":[26.030131,44.349752]},"properties":{"lines":"426, 464","color":"#0059a9","mode":"bus","arr":["426","464"],"angle":-1}},{"type":"Feature","geometry":{"type":"Point","coordinates":[26.008363,44.33536]},"properties":{"lines":"426","color":"#0059a9","mode":"bus","arr":["426"],"angle":-68.7}},{"type":"Feature","geometry":{"type":"Point","coordinates":[26.027831,44.345688]},"properties":{"lines":"426","color":"#0059a9","mode":"bus","arr":["426"],"angle":-72.5,"extra":1}},{"type":"Feature","geometry":{"type":"Point","coordinates":[26.024696,44.34152]},"properties":{"lines":"426","color":"#0059a9","mode":"bus","arr":["426"],"angle":-8.5,"extra":1}},{"type":"Feature","geometry":{"type":"Point","coordinates":[26.018121,44.343054]},"properties":{"lines":"426","color":"#0059a9","mode":"bus","arr":["426"],"angle":16.1,"extra":1}},{"type":"Feature","geometry":{"type":"Point","coordinates":[26.012301,44.342551]},"properties":{"lines":"426","color":"#0059a9","mode":"bus","arr":["426"],"angle":-67.7,"extra":1}},{"type":"Feature","geometry":{"type":"Point","coordinates":[26.009756,44.337951]},"properties":{"lines":"426","color":"#0059a9","mode":"bus","arr":["426"],"angle":-69.3,"extra":1}},{"type":"Feature","geometry":{"type":"Point","coordinates":[26.004563,44.328934]},"properties":{"lines":"426","color":"#0059a9","mode":"bus","arr":["426"],"angle":-44.8,"extra":1}},{"type":"Feature","geometry":{"type":"Point","coordinates":[26.000252,44.325158]},"properties":{"lines":"426","color":"#0059a9","mode":"bus","arr":["426"],"angle":-48.3,"extra":1}},{"type":"Feature","geometry":{"type":"Point","coordinates":[25.995655,44.323626]},"properties":{"lines":"426","color":"#0059a9","mode":"bus","arr":["426"],"angle":43.7,"extra":1}},{"type":"Feature","geometry":{"type":"Point","coordinates":[25.990486,44.326913]},"properties":{"lines":"426","color":"#0059a9","mode":"bus","arr":["426"],"angle":47.8,"extra":1}},{"type":"Feature","geometry":{"type":"Point","coordinates":[26.03636,44.345574]},"properties":{"lines":"427, 428","color":"#0059a9","mode":"bus","arr":["427","428"],"angle":32.3}},{"type":"Feature","geometry":{"type":"Point","coordinates":[26.033113,44.347058]},"properties":{"lines":"427, 428","color":"#0059a9","mode":"bus","arr":["427","428"],"angle":51.5,"extra":1}},{"type":"Feature","geometry":{"type":"Point","coordinates":[26.019315,44.315553]},"properties":{"lines":"427","color":"#0059a9","mode":"bus","arr":["427"],"angle":-55}},{"type":"Feature","geometry":{"type":"Point","coordinates":[26.040969,44.341056]},"properties":{"lines":"427","color":"#0059a9","mode":"bus","arr":["427"],"angle":-69.3,"extra":1}},{"type":"Feature","geometry":{"type":"Point","coordinates":[26.036746,44.337281]},"properties":{"lines":"427","color":"#0059a9","mode":"bus","arr":["427"],"angle":-51.5,"extra":1}},{"type":"Feature","geometry":{"type":"Point","coordinates":[26.033663,44.332863]},"properties":{"lines":"427","color":"#0059a9","mode":"bus","arr":["427"],"angle":-65.8,"extra":1}},{"type":"Feature","geometry":{"type":"Point","coordinates":[26.030883,44.328333]},"properties":{"lines":"427","color":"#0059a9","mode":"bus","arr":["427"],"angle":-66.5,"extra":1}},{"type":"Feature","geometry":{"type":"Point","coordinates":[26.027609,44.323978]},"properties":{"lines":"427","color":"#0059a9","mode":"bus","arr":["427"],"angle":-59.2,"extra":1}},{"type":"Feature","geometry":{"type":"Point","coordinates":[26.023866,44.319818]},"properties":{"lines":"427","color":"#0059a9","mode":"bus","arr":["427"],"angle":-55.5,"extra":1}},{"type":"Feature","geometry":{"type":"Point","coordinates":[26.016547,44.311509]},"properties":{"lines":"427","color":"#0059a9","mode":"bus","arr":["427"],"angle":-55.2,"extra":1}},{"type":"Feature","geometry":{"type":"Point","coordinates":[26.015521,44.307858]},"properties":{"lines":"427","color":"#0059a9","mode":"bus","arr":["427"],"angle":-22.3,"extra":1}},{"type":"Feature","geometry":{"type":"Point","coordinates":[26.011267,44.304081]},"properties":{"lines":"427","color":"#0059a9","mode":"bus","arr":["427"],"angle":-64.8,"extra":1}},{"type":"Feature","geometry":{"type":"Point","coordinates":[26.016497,44.303987]},"properties":{"lines":"427","color":"#0059a9","mode":"bus","arr":["427"],"angle":-22.5,"extra":1}},{"type":"Feature","geometry":{"type":"Point","coordinates":[26.021263,44.306971]},"properties":{"lines":"427","color":"#0059a9","mode":"bus","arr":["427"],"angle":87.3,"extra":1}},{"type":"Feature","geometry":{"type":"Point","coordinates":[26.054344,44.339546]},"properties":{"lines":"428","color":"#0059a9","mode":"bus","arr":["428"],"angle":34.1}},{"type":"Feature","geometry":{"type":"Point","coordinates":[26.062614,44.335752]},"properties":{"lines":"428","color":"#0059a9","mode":"bus","arr":["428"],"angle":61.9,"extra":1}},{"type":"Feature","geometry":{"type":"Point","coordinates":[26.051049,44.34096]},"properties":{"lines":"428","color":"#0059a9","mode":"bus","arr":["428"],"angle":24.3,"extra":1}},{"type":"Feature","geometry":{"type":"Point","coordinates":[26.044542,44.342568]},"properties":{"lines":"428","color":"#0059a9","mode":"bus","arr":["428"],"angle":27.2,"extra":1}},{"type":"Feature","geometry":{"type":"Point","coordinates":[26.082842,44.343348]},"properties":{"lines":"428","color":"#0059a9","mode":"bus","arr":["428"],"angle":36.2}},{"type":"Feature","geometry":{"type":"Point","coordinates":[25.959002,44.43899]},"properties":{"lines":"429, 432, 433","color":"#0059a9","mode":"bus","arr":["429","432","433"],"angle":86.5}},{"type":"Feature","geometry":{"type":"Point","coordinates":[25.95788,44.446988]},"properties":{"lines":"429, 432, 433","color":"#0059a9","mode":"bus","arr":["429","432","433"],"angle":89.5}},{"type":"Feature","geometry":{"type":"Point","coordinates":[25.958037,44.44199]},"properties":{"lines":"429, 432, 433","color":"#0059a9","mode":"bus","arr":["429","432","433"],"angle":84.6,"extra":1}},{"type":"Feature","geometry":{"type":"Point","coordinates":[25.957861,44.451877]},"properties":{"lines":"429, 432, 433","color":"#0059a9","mode":"bus","arr":["429","432","433"],"angle":-89.6,"extra":1}},{"type":"Feature","geometry":{"type":"Point","coordinates":[25.959157,44.454236]},"properties":{"lines":"429, 432, 433","color":"#0059a9","mode":"bus","arr":["429","432","433"],"angle":35.4}},{"type":"Feature","geometry":{"type":"Point","coordinates":[25.957681,44.439454]},"properties":{"lines":"429, 432, 433","color":"#0059a9","mode":"bus","arr":["429","432","433"],"angle":86.6}},{"type":"Feature","geometry":{"type":"Point","coordinates":[25.958978,44.436609]},"properties":{"lines":"429, 432, 433","color":"#0059a9","mode":"bus","arr":["429","432","433"],"angle":57.1}},{"type":"Feature","geometry":{"type":"Point","coordinates":[25.95661,44.469028]},"properties":{"lines":"429","color":"#0059a9","mode":"bus","arr":["429"],"angle":-45.6}},{"type":"Feature","geometry":{"type":"Point","coordinates":[25.955602,44.457987]},"properties":{"lines":"429","color":"#0059a9","mode":"bus","arr":["429"],"angle":71.9,"extra":1}},{"type":"Feature","geometry":{"type":"Point","coordinates":[25.953552,44.462711]},"properties":{"lines":"429","color":"#0059a9","mode":"bus","arr":["429"],"angle":73.4,"extra":1}},{"type":"Feature","geometry":{"type":"Point","coordinates":[25.96415,44.474267]},"properties":{"lines":"429","color":"#0059a9","mode":"bus","arr":["429"],"angle":-44.1,"extra":1}},{"type":"Feature","geometry":{"type":"Point","coordinates":[25.969138,44.477699]},"properties":{"lines":"429","color":"#0059a9","mode":"bus","arr":["429"],"angle":-44.9,"extra":1}},{"type":"Feature","geometry":{"type":"Point","coordinates":[25.985088,44.490662]},"properties":{"lines":"429","color":"#0059a9","mode":"bus","arr":["429"],"angle":-43.4,"extra":1}},{"type":"Feature","geometry":{"type":"Point","coordinates":[25.979994,44.48731]},"properties":{"lines":"429","color":"#0059a9","mode":"bus","arr":["429"],"angle":-42.4,"extra":1}},{"type":"Feature","geometry":{"type":"Point","coordinates":[25.974909,44.483952]},"properties":{"lines":"429","color":"#0059a9","mode":"bus","arr":["429"],"angle":-42.7,"extra":1}},{"type":"Feature","geometry":{"type":"Point","coordinates":[25.990239,44.494239]},"properties":{"lines":"429","color":"#0059a9","mode":"bus","arr":["429"],"angle":-49.3,"extra":1}},{"type":"Feature","geometry":{"type":"Point","coordinates":[25.995481,44.497447]},"properties":{"lines":"429","color":"#0059a9","mode":"bus","arr":["429"],"angle":-37.6,"extra":1}},{"type":"Feature","geometry":{"type":"Point","coordinates":[25.970807,44.480123]},"properties":{"lines":"429","color":"#0059a9","mode":"bus","arr":["429"],"angle":-44.5,"extra":1}},{"type":"Feature","geometry":{"type":"Point","coordinates":[25.970107,44.471522]},"properties":{"lines":"429","color":"#0059a9","mode":"bus","arr":["429"],"angle":-16.9}},{"type":"Feature","geometry":{"type":"Point","coordinates":[25.962486,44.470218]},"properties":{"lines":"429","color":"#0059a9","mode":"bus","arr":["429"],"angle":-5.8,"extra":1}},{"type":"Feature","geometry":{"type":"Point","coordinates":[25.970887,44.474861]},"properties":{"lines":"429","color":"#0059a9","mode":"bus","arr":["429"],"angle":76.7,"extra":1}},{"type":"Feature","geometry":{"type":"Point","coordinates":[25.978483,44.496946]},"properties":{"lines":"429","color":"#0059a9","mode":"bus","arr":["429"],"angle":10.2}},{"type":"Feature","geometry":{"type":"Point","coordinates":[25.978902,44.500727]},"properties":{"lines":"429","color":"#0059a9","mode":"bus","arr":["429"],"angle":-61.8,"extra":1}},{"type":"Feature","geometry":{"type":"Point","coordinates":[25.983696,44.494938]},"properties":{"lines":"429","color":"#0059a9","mode":"bus","arr":["429"],"angle":44.5,"extra":1}},{"type":"Feature","geometry":{"type":"Point","coordinates":[25.975502,44.502584]},"properties":{"lines":"429","color":"#0059a9","mode":"bus","arr":["429"],"angle":-15.4}},{"type":"Feature","geometry":{"type":"Point","coordinates":[25.969798,44.501313]},"properties":{"lines":"429","color":"#0059a9","mode":"bus","arr":["429"],"angle":-46.9,"extra":1}},{"type":"Feature","geometry":{"type":"Point","coordinates":[25.982728,44.502072]},"properties":{"lines":"429","color":"#0059a9","mode":"bus","arr":["429"],"angle":28.9,"extra":1}},{"type":"Feature","geometry":{"type":"Point","coordinates":[25.980205,44.497848]},"properties":{"lines":"429","color":"#0059a9","mode":"bus","arr":["429"],"angle":-61.9,"extra":1}},{"type":"Feature","geometry":{"type":"Point","coordinates":[25.958097,44.437725]},"properties":{"lines":"429","color":"#0059a9","mode":"bus","arr":["429"],"angle":0.8}},{"type":"Feature","geometry":{"type":"Point","coordinates":[25.99266,44.501249]},"properties":{"lines":"429, 470, 476","color":"#0059a9","mode":"bus","arr":["429","470","476"],"angle":42.2}},{"type":"Feature","geometry":{"type":"Point","coordinates":[25.989315,44.503541]},"properties":{"lines":"429, 470, 476","color":"#0059a9","mode":"bus","arr":["429","470","476"],"angle":41.9,"extra":1}},{"type":"Feature","geometry":{"type":"Point","coordinates":[25.996081,44.499021]},"properties":{"lines":"429, 470, 476","color":"#0059a9","mode":"bus","arr":["429","470","476"],"angle":43.1,"extra":1}},{"type":"Feature","geometry":{"type":"Point","coordinates":[25.985283,44.50606]},"properties":{"lines":"429, 435, 476","color":"#0059a9","mode":"bus","arr":["429","435","476"],"angle":42}},{"type":"Feature","geometry":{"type":"Point","coordinates":[25.976084,44.51147]},"properties":{"lines":"429, 435, 462, 466, 476","color":"#0059a9","mode":"bus","arr":["429","435","462","466","476"],"angle":43.8}},{"type":"Feature","geometry":{"type":"Point","coordinates":[25.979176,44.509509]},"properties":{"lines":"429, 435, 462, 466, 476","color":"#0059a9","mode":"bus","arr":["429","435","462","466","476"],"angle":33.3,"extra":1}},{"type":"Feature","geometry":{"type":"Point","coordinates":[25.955839,44.525335]},"properties":{"lines":"462, 466","color":"#0059a9","mode":"bus","arr":["462","466"],"angle":43.8}},{"type":"Feature","geometry":{"type":"Point","coordinates":[25.970301,44.517918]},"properties":{"lines":"462, 466","color":"#0059a9","mode":"bus","arr":["462","466"],"angle":89.6,"extra":1}},{"type":"Feature","geometry":{"type":"Point","coordinates":[25.965951,44.520568]},"properties":{"lines":"462, 466","color":"#0059a9","mode":"bus","arr":["462","466"],"angle":5.6,"extra":1}},{"type":"Feature","geometry":{"type":"Point","coordinates":[25.959882,44.522557]},"properties":{"lines":"462, 466","color":"#0059a9","mode":"bus","arr":["462","466"],"angle":43.8,"extra":1}},{"type":"Feature","geometry":{"type":"Point","coordinates":[25.948778,44.528278]},"properties":{"lines":"462, 466","color":"#0059a9","mode":"bus","arr":["462","466"],"angle":24.9,"extra":1}},{"type":"Feature","geometry":{"type":"Point","coordinates":[25.942491,44.530354]},"properties":{"lines":"462, 466","color":"#0059a9","mode":"bus","arr":["462","466"],"angle":24.9,"extra":1}},{"type":"Feature","geometry":{"type":"Point","coordinates":[25.936225,44.532464]},"properties":{"lines":"462, 466","color":"#0059a9","mode":"bus","arr":["462","466"],"angle":25.8,"extra":1}},{"type":"Feature","geometry":{"type":"Point","coordinates":[25.93829,44.575859]},"properties":{"lines":"462, 466","color":"#0059a9","mode":"bus","arr":["462","466"],"angle":-53.7}},{"type":"Feature","geometry":{"type":"Point","coordinates":[25.955594,44.56374]},"properties":{"lines":"462, 466","color":"#0059a9","mode":"bus","arr":["462","466"],"angle":53.9}},{"type":"Feature","geometry":{"type":"Point","coordinates":[25.951497,44.564014]},"properties":{"lines":"462, 466","color":"#0059a9","mode":"bus","arr":["462","466"],"angle":-46.7,"extra":1}},{"type":"Feature","geometry":{"type":"Point","coordinates":[25.95359,44.559946]},"properties":{"lines":"462, 466","color":"#0059a9","mode":"bus","arr":["462","466"],"angle":-37,"extra":1}},{"type":"Feature","geometry":{"type":"Point","coordinates":[25.948021,44.558886]},"properties":{"lines":"462, 466","color":"#0059a9","mode":"bus","arr":["462","466"],"angle":26.4}},{"type":"Feature","geometry":{"type":"Point","coordinates":[25.940837,44.535991]},"properties":{"lines":"462, 466","color":"#0059a9","mode":"bus","arr":["462","466"],"angle":-41.6}},{"type":"Feature","geometry":{"type":"Point","coordinates":[25.955503,44.525463]},"properties":{"lines":"462, 466","color":"#0059a9","mode":"bus","arr":["462","466"],"angle":43.3}},{"type":"Feature","geometry":{"type":"Point","coordinates":[25.938556,44.531602]},"properties":{"lines":"462, 466","color":"#0059a9","mode":"bus","arr":["462","466"],"angle":25.4,"extra":1}},{"type":"Feature","geometry":{"type":"Point","coordinates":[25.944838,44.52952]},"properties":{"lines":"462, 466","color":"#0059a9","mode":"bus","arr":["462","466"],"angle":24.8,"extra":1}},{"type":"Feature","geometry":{"type":"Point","coordinates":[25.951114,44.527426]},"properties":{"lines":"462, 466","color":"#0059a9","mode":"bus","arr":["462","466"],"angle":24.9,"extra":1}},{"type":"Feature","geometry":{"type":"Point","coordinates":[25.96177,44.521225]},"properties":{"lines":"462, 466","color":"#0059a9","mode":"bus","arr":["462","466"],"angle":37.6,"extra":1}},{"type":"Feature","geometry":{"type":"Point","coordinates":[25.968414,44.519969]},"properties":{"lines":"462, 466","color":"#0059a9","mode":"bus","arr":["462","466"],"angle":25.6,"extra":1}},{"type":"Feature","geometry":{"type":"Point","coordinates":[25.970374,44.515534]},"properties":{"lines":"462, 466","color":"#0059a9","mode":"bus","arr":["462","466"],"angle":74.1,"extra":1}},{"type":"Feature","geometry":{"type":"Point","coordinates":[26.005792,44.433534]},"properties":{"lines":"429, 431, 432, 433, 478","color":"#0059a9","mode":"bus","arr":["429","431","432","433","478"],"angle":68.2}},{"type":"Feature","geometry":{"type":"Point","coordinates":[25.878149,44.426239]},"properties":{"lines":"431","color":"#0059a9","mode":"bus","arr":["431"],"angle":86.4}},{"type":"Feature","geometry":{"type":"Point","coordinates":[25.875164,44.416115]},"properties":{"lines":"431","color":"#0059a9","mode":"bus","arr":["431"],"angle":52,"extra":1}},{"type":"Feature","geometry":{"type":"Point","coordinates":[25.873232,44.419636]},"properties":{"lines":"431","color":"#0059a9","mode":"bus","arr":["431"],"angle":-16.3,"extra":1}},{"type":"Feature","geometry":{"type":"Point","coordinates":[25.87855,44.421807]},"properties":{"lines":"431","color":"#0059a9","mode":"bus","arr":["431"],"angle":86,"extra":1}},{"type":"Feature","geometry":{"type":"Point","coordinates":[25.877618,44.431677]},"properties":{"lines":"431","color":"#0059a9","mode":"bus","arr":["431"],"angle":85.8,"extra":1}},{"type":"Feature","geometry":{"type":"Point","coordinates":[25.876693,44.436521]},"properties":{"lines":"431","color":"#0059a9","mode":"bus","arr":["431"],"angle":56.6,"extra":1}},{"type":"Feature","geometry":{"type":"Point","coordinates":[25.875751,44.441346]},"properties":{"lines":"431","color":"#0059a9","mode":"bus","arr":["431"],"angle":87.1,"extra":1}},{"type":"Feature","geometry":{"type":"Point","coordinates":[25.926019,44.439719]},"properties":{"lines":"431","color":"#0059a9","mode":"bus","arr":["431"],"angle":6.7}},{"type":"Feature","geometry":{"type":"Point","coordinates":[25.957518,44.437065]},"properties":{"lines":"431","color":"#0059a9","mode":"bus","arr":["431"],"angle":6.7,"extra":1}},{"type":"Feature","geometry":{"type":"Point","coordinates":[25.950638,44.437641]},"properties":{"lines":"431","color":"#0059a9","mode":"bus","arr":["431"],"angle":6.7,"extra":1}},{"type":"Feature","geometry":{"type":"Point","coordinates":[25.943762,44.438238]},"properties":{"lines":"431","color":"#0059a9","mode":"bus","arr":["431"],"angle":7.4,"extra":1}},{"type":"Feature","geometry":{"type":"Point","coordinates":[25.936889,44.438851]},"properties":{"lines":"431","color":"#0059a9","mode":"bus","arr":["431"],"angle":8.4,"extra":1}},{"type":"Feature","geometry":{"type":"Point","coordinates":[25.9301,44.439817]},"properties":{"lines":"431","color":"#0059a9","mode":"bus","arr":["431"],"angle":12.9,"extra":1}},{"type":"Feature","geometry":{"type":"Point","coordinates":[25.961695,44.436821]},"properties":{"lines":"431","color":"#0059a9","mode":"bus","arr":["431"],"angle":6.7,"extra":1}},{"type":"Feature","geometry":{"type":"Point","coordinates":[25.918115,44.440392]},"properties":{"lines":"431","color":"#0059a9","mode":"bus","arr":["431"],"angle":6.8,"extra":1}},{"type":"Feature","geometry":{"type":"Point","coordinates":[25.911237,44.440978]},"properties":{"lines":"431","color":"#0059a9","mode":"bus","arr":["431"],"angle":6.8,"extra":1}},{"type":"Feature","geometry":{"type":"Point","coordinates":[25.904362,44.441583]},"properties":{"lines":"431","color":"#0059a9","mode":"bus","arr":["431"],"angle":7.4,"extra":1}},{"type":"Feature","geometry":{"type":"Point","coordinates":[25.897499,44.442227]},"properties":{"lines":"431","color":"#0059a9","mode":"bus","arr":["431"],"angle":15.5,"extra":1}},{"type":"Feature","geometry":{"type":"Point","coordinates":[25.890829,44.443562]},"properties":{"lines":"431","color":"#0059a9","mode":"bus","arr":["431"],"angle":16.2,"extra":1}},{"type":"Feature","geometry":{"type":"Point","coordinates":[25.884026,44.443489]},"properties":{"lines":"431","color":"#0059a9","mode":"bus","arr":["431"],"angle":-3.2,"extra":1}},{"type":"Feature","geometry":{"type":"Point","coordinates":[25.877157,44.443034]},"properties":{"lines":"431","color":"#0059a9","mode":"bus","arr":["431"],"angle":-9.5,"extra":1}},{"type":"Feature","geometry":{"type":"Point","coordinates":[25.931432,44.477695]},"properties":{"lines":"432","color":"#0059a9","mode":"bus","arr":["432"],"angle":46.2}},{"type":"Feature","geometry":{"type":"Point","coordinates":[25.944833,44.463973]},"properties":{"lines":"432","color":"#0059a9","mode":"bus","arr":["432"],"angle":-83.5,"extra":1}},{"type":"Feature","geometry":{"type":"Point","coordinates":[25.945396,44.468721]},"properties":{"lines":"432","color":"#0059a9","mode":"bus","arr":["432"],"angle":67.3,"extra":1}},{"type":"Feature","geometry":{"type":"Point","coordinates":[25.942705,44.473279]},"properties":{"lines":"432","color":"#0059a9","mode":"bus","arr":["432"],"angle":67.1,"extra":1}},{"type":"Feature","geometry":{"type":"Point","coordinates":[25.937048,44.473622]},"properties":{"lines":"432","color":"#0059a9","mode":"bus","arr":["432"],"angle":9.9,"extra":1}},{"type":"Feature","geometry":{"type":"Point","coordinates":[25.927306,44.480619]},"properties":{"lines":"432","color":"#0059a9","mode":"bus","arr":["432"],"angle":38.1,"extra":1}},{"type":"Feature","geometry":{"type":"Point","coordinates":[25.921866,44.483681]},"properties":{"lines":"432","color":"#0059a9","mode":"bus","arr":["432"],"angle":39.3,"extra":1}},{"type":"Feature","geometry":{"type":"Point","coordinates":[25.916487,44.486797]},"properties":{"lines":"432","color":"#0059a9","mode":"bus","arr":["432"],"angle":36.4,"extra":1}},{"type":"Feature","geometry":{"type":"Point","coordinates":[25.911416,44.490004]},"properties":{"lines":"432","color":"#0059a9","mode":"bus","arr":["432"],"angle":49.6,"extra":1}},{"type":"Feature","geometry":{"type":"Point","coordinates":[25.948791,44.457742]},"properties":{"lines":"432, 433","color":"#0059a9","mode":"bus","arr":["432","433"],"angle":46.4}},{"type":"Feature","geometry":{"type":"Point","coordinates":[25.945611,44.460119]},"properties":{"lines":"432, 433","color":"#0059a9","mode":"bus","arr":["432","433"],"angle":46.1,"extra":1}},{"type":"Feature","geometry":{"type":"Point","coordinates":[25.955973,44.455389]},"properties":{"lines":"432, 433","color":"#0059a9","mode":"bus","arr":["432","433"],"angle":68.7}},{"type":"Feature","geometry":{"type":"Point","coordinates":[25.958375,44.438007]},"properties":{"lines":"432, 433","color":"#0059a9","mode":"bus","arr":["432","433"],"angle":-3.4}},{"type":"Feature","geometry":{"type":"Point","coordinates":[25.926349,44.466345]},"properties":{"lines":"433","color":"#0059a9","mode":"bus","arr":["433"],"angle":24}},{"type":"Feature","geometry":{"type":"Point","coordinates":[25.914211,44.472216]},"properties":{"lines":"433","color":"#0059a9","mode":"bus","arr":["433"],"angle":34.3,"extra":1}},{"type":"Feature","geometry":{"type":"Point","coordinates":[25.919914,44.469409]},"properties":{"lines":"433","color":"#0059a9","mode":"bus","arr":["433"],"angle":34.7,"extra":1}},{"type":"Feature","geometry":{"type":"Point","coordinates":[25.931962,44.464616]},"properties":{"lines":"433","color":"#0059a9","mode":"bus","arr":["433"],"angle":22.8,"extra":1}},{"type":"Feature","geometry":{"type":"Point","coordinates":[25.938613,44.463286]},"properties":{"lines":"433","color":"#0059a9","mode":"bus","arr":["433"],"angle":15.2,"extra":1}},{"type":"Feature","geometry":{"type":"Point","coordinates":[25.971224,44.446389]},"properties":{"lines":"434, 483","color":"#0059a9","mode":"bus","arr":["434","483"],"angle":84}},{"type":"Feature","geometry":{"type":"Point","coordinates":[25.971593,44.443307]},"properties":{"lines":"434, 483","color":"#0059a9","mode":"bus","arr":["434","483"],"angle":84.8,"extra":1}},{"type":"Feature","geometry":{"type":"Point","coordinates":[26.000836,44.451797]},"properties":{"lines":"434, 483","color":"#0059a9","mode":"bus","arr":["434","483"],"angle":17.3}},{"type":"Feature","geometry":{"type":"Point","coordinates":[26.00539,44.451019]},"properties":{"lines":"434, 483","color":"#0059a9","mode":"bus","arr":["434","483"],"angle":4.2,"extra":1}},{"type":"Feature","geometry":{"type":"Point","coordinates":[26.016981,44.446002]},"properties":{"lines":"434, 483","color":"#0059a9","mode":"bus","arr":["434","483"],"angle":51.9}},{"type":"Feature","geometry":{"type":"Point","coordinates":[26.034823,44.435439]},"properties":{"lines":"434, 483","color":"#0059a9","mode":"bus","arr":["434","483"],"angle":-83.8}},{"type":"Feature","geometry":{"type":"Point","coordinates":[26.022793,44.437334]},"properties":{"lines":"434, 483","color":"#0059a9","mode":"bus","arr":["434","483"],"angle":-58.2}},{"type":"Feature","geometry":{"type":"Point","coordinates":[26.025484,44.440467]},"properties":{"lines":"434, 483","color":"#0059a9","mode":"bus","arr":["434","483"],"angle":-69.7,"extra":1}},{"type":"Feature","geometry":{"type":"Point","coordinates":[25.973042,44.441258]},"properties":{"lines":"434, 483","color":"#0059a9","mode":"bus","arr":["434","483"],"angle":-3.7}},{"type":"Feature","geometry":{"type":"Point","coordinates":[26.013225,44.449349]},"properties":{"lines":"434, 483","color":"#0059a9","mode":"bus","arr":["434","483"],"angle":52.4}},{"type":"Feature","geometry":{"type":"Point","coordinates":[26.009549,44.450003]},"properties":{"lines":"434, 483","color":"#0059a9","mode":"bus","arr":["434","483"],"angle":24.3,"extra":1}},{"type":"Feature","geometry":{"type":"Point","coordinates":[25.966807,44.453612]},"properties":{"lines":"434","color":"#0059a9","mode":"bus","arr":["434"],"angle":-57.4}},{"type":"Feature","geometry":{"type":"Point","coordinates":[25.969361,44.45641]},"properties":{"lines":"434","color":"#0059a9","mode":"bus","arr":["434"],"angle":-58.7,"extra":1}},{"type":"Feature","geometry":{"type":"Point","coordinates":[25.969057,44.457068]},"properties":{"lines":"434","color":"#0059a9","mode":"bus","arr":["434"],"angle":2.3}},{"type":"Feature","geometry":{"type":"Point","coordinates":[25.98076,44.462656]},"properties":{"lines":"434","color":"#0059a9","mode":"bus","arr":["434"],"angle":8.1}},{"type":"Feature","geometry":{"type":"Point","coordinates":[25.992111,44.453766]},"properties":{"lines":"434","color":"#0059a9","mode":"bus","arr":["434"],"angle":17.4,"extra":1}},{"type":"Feature","geometry":{"type":"Point","coordinates":[25.987183,44.45644]},"properties":{"lines":"434","color":"#0059a9","mode":"bus","arr":["434"],"angle":82.7,"extra":1}},{"type":"Feature","geometry":{"type":"Point","coordinates":[25.984809,44.460817]},"properties":{"lines":"434","color":"#0059a9","mode":"bus","arr":["434"],"angle":41.8,"extra":1}},{"type":"Feature","geometry":{"type":"Point","coordinates":[25.973373,44.459924]},"properties":{"lines":"434","color":"#0059a9","mode":"bus","arr":["434"],"angle":-37.3,"extra":1}},{"type":"Feature","geometry":{"type":"Point","coordinates":[25.967805,44.456985]},"properties":{"lines":"434","color":"#0059a9","mode":"bus","arr":["434"],"angle":-23.9,"extra":1}},{"type":"Feature","geometry":{"type":"Point","coordinates":[25.966306,44.44508]},"properties":{"lines":"434","color":"#0059a9","mode":"bus","arr":["434"],"angle":85.4}},{"type":"Feature","geometry":{"type":"Point","coordinates":[25.965707,44.450511]},"properties":{"lines":"434","color":"#0059a9","mode":"bus","arr":["434"],"angle":85.4,"extra":1}},{"type":"Feature","geometry":{"type":"Point","coordinates":[25.967038,44.440849]},"properties":{"lines":"434","color":"#0059a9","mode":"bus","arr":["434"],"angle":7.1,"extra":1}},{"type":"Feature","geometry":{"type":"Point","coordinates":[26.070189,44.511286]},"properties":{"lines":"435","color":"#0059a9","mode":"bus","arr":["435"],"angle":-20.1}},{"type":"Feature","geometry":{"type":"Point","coordinates":[26.076785,44.512992]},"properties":{"lines":"435","color":"#0059a9","mode":"bus","arr":["435"],"angle":-19.7,"extra":1}},{"type":"Feature","geometry":{"type":"Point","coordinates":[26.063764,44.509614]},"properties":{"lines":"435","color":"#0059a9","mode":"bus","arr":["435"],"angle":-20,"extra":1}},{"type":"Feature","geometry":{"type":"Point","coordinates":[26.060017,44.508627]},"properties":{"lines":"435","color":"#0059a9","mode":"bus","arr":["435"],"angle":-18.3}},{"type":"Feature","geometry":{"type":"Point","coordinates":[26.058119,44.504801]},"properties":{"lines":"435","color":"#0059a9","mode":"bus","arr":["435"],"angle":-79.8,"extra":1}},{"type":"Feature","geometry":{"type":"Point","coordinates":[26.025526,44.506682]},"properties":{"lines":"435","color":"#0059a9","mode":"bus","arr":["435"],"angle":49.8}},{"type":"Feature","geometry":{"type":"Point","coordinates":[25.997842,44.517147]},"properties":{"lines":"435","color":"#0059a9","mode":"bus","arr":["435"],"angle":-48.4}},{"type":"Feature","geometry":{"type":"Point","coordinates":[26.000608,44.519347]},"properties":{"lines":"435","color":"#0059a9","mode":"bus","arr":["435"],"angle":-48.4,"extra":1}},{"type":"Feature","geometry":{"type":"Point","coordinates":[25.970078,44.515814]},"properties":{"lines":"435","color":"#0059a9","mode":"bus","arr":["435"],"angle":-33.8}},{"type":"Feature","geometry":{"type":"Point","coordinates":[26.011028,44.519279]},"properties":{"lines":"435, 436","color":"#0059a9","mode":"bus","arr":["435","436"],"angle":50.5}},{"type":"Feature","geometry":{"type":"Point","coordinates":[26.008282,44.521639]},"properties":{"lines":"435, 436","color":"#0059a9","mode":"bus","arr":["435","436"],"angle":50.2,"extra":1}},{"type":"Feature","geometry":{"type":"Point","coordinates":[26.013708,44.516862]},"properties":{"lines":"435, 436","color":"#0059a9","mode":"bus","arr":["435","436"],"angle":50.8,"extra":1}},{"type":"Feature","geometry":{"type":"Point","coordinates":[26.005249,44.521241]},"properties":{"lines":"435, 470","color":"#0059a9","mode":"bus","arr":["435","470"],"angle":-2.8}},{"type":"Feature","geometry":{"type":"Point","coordinates":[25.995153,44.507544]},"properties":{"lines":"435, 470","color":"#0059a9","mode":"bus","arr":["435","470"],"angle":-66.5}},{"type":"Feature","geometry":{"type":"Point","coordinates":[25.99336,44.510673]},"properties":{"lines":"435, 470","color":"#0059a9","mode":"bus","arr":["435","470"],"angle":79.4,"extra":1}},{"type":"Feature","geometry":{"type":"Point","coordinates":[26.009529,44.49061]},"properties":{"lines":"470","color":"#0059a9","mode":"bus","arr":["470"],"angle":6.3}},{"type":"Feature","geometry":{"type":"Point","coordinates":[25.99174,44.51925]},"properties":{"lines":"470","color":"#0059a9","mode":"bus","arr":["470"],"angle":40.9}},{"type":"Feature","geometry":{"type":"Point","coordinates":[25.989765,44.523817]},"properties":{"lines":"470","color":"#0059a9","mode":"bus","arr":["470"],"angle":46.6}},{"type":"Feature","geometry":{"type":"Point","coordinates":[25.999569,44.521829]},"properties":{"lines":"470","color":"#0059a9","mode":"bus","arr":["470"],"angle":14.9,"extra":1}},{"type":"Feature","geometry":{"type":"Point","coordinates":[25.983499,44.520485]},"properties":{"lines":"470","color":"#0059a9","mode":"bus","arr":["470"],"angle":-46.5,"extra":1}},{"type":"Feature","geometry":{"type":"Point","coordinates":[26.004256,44.527225]},"properties":{"lines":"470","color":"#0059a9","mode":"bus","arr":["470"],"angle":55.4}},{"type":"Feature","geometry":{"type":"Point","coordinates":[26.001555,44.529291]},"properties":{"lines":"470","color":"#0059a9","mode":"bus","arr":["470"],"angle":-37.1,"extra":1}},{"type":"Feature","geometry":{"type":"Point","coordinates":[25.987213,44.532913]},"properties":{"lines":"470","color":"#0059a9","mode":"bus","arr":["470"],"angle":27.8}},{"type":"Feature","geometry":{"type":"Point","coordinates":[25.995432,44.52978]},"properties":{"lines":"470","color":"#0059a9","mode":"bus","arr":["470"],"angle":32.9,"extra":1}},{"type":"Feature","geometry":{"type":"Point","coordinates":[25.97906,44.533603]},"properties":{"lines":"470","color":"#0059a9","mode":"bus","arr":["470"],"angle":-15.6,"extra":1}},{"type":"Feature","geometry":{"type":"Point","coordinates":[26.006496,44.523003]},"properties":{"lines":"470","color":"#0059a9","mode":"bus","arr":["470"],"angle":48.7}},{"type":"Feature","geometry":{"type":"Point","coordinates":[25.976964,44.515439]},"properties":{"lines":"470","color":"#0059a9","mode":"bus","arr":["470"],"angle":-38.9}},{"type":"Feature","geometry":{"type":"Point","coordinates":[25.992392,44.513303]},"properties":{"lines":"470","color":"#0059a9","mode":"bus","arr":["470"],"angle":34,"extra":1}},{"type":"Feature","geometry":{"type":"Point","coordinates":[25.986061,44.515103]},"properties":{"lines":"470","color":"#0059a9","mode":"bus","arr":["470"],"angle":41.3,"extra":1}},{"type":"Feature","geometry":{"type":"Point","coordinates":[25.980848,44.518361]},"properties":{"lines":"470","color":"#0059a9","mode":"bus","arr":["470"],"angle":1.5,"extra":1}},{"type":"Feature","geometry":{"type":"Point","coordinates":[25.952829,44.552196]},"properties":{"lines":"466","color":"#0059a9","mode":"bus","arr":["466"],"angle":45.8}},{"type":"Feature","geometry":{"type":"Point","coordinates":[25.944502,44.557981]},"properties":{"lines":"466","color":"#0059a9","mode":"bus","arr":["466"],"angle":77.3,"extra":1}},{"type":"Feature","geometry":{"type":"Point","coordinates":[25.948708,44.555116]},"properties":{"lines":"466","color":"#0059a9","mode":"bus","arr":["466"],"angle":9.1,"extra":1}},{"type":"Feature","geometry":{"type":"Point","coordinates":[25.956912,44.54756]},"properties":{"lines":"466","color":"#0059a9","mode":"bus","arr":["466"],"angle":67.4,"extra":1}},{"type":"Feature","geometry":{"type":"Point","coordinates":[25.958861,44.542891]},"properties":{"lines":"466","color":"#0059a9","mode":"bus","arr":["466"],"angle":-70.6,"extra":1}},{"type":"Feature","geometry":{"type":"Point","coordinates":[25.952151,44.540702]},"properties":{"lines":"466","color":"#0059a9","mode":"bus","arr":["466"],"angle":-14.9}},{"type":"Feature","geometry":{"type":"Point","coordinates":[25.95655,44.540879]},"properties":{"lines":"466","color":"#0059a9","mode":"bus","arr":["466"],"angle":-29.2,"extra":1}},{"type":"Feature","geometry":{"type":"Point","coordinates":[25.999278,44.529851]},"properties":{"lines":"436, 470","color":"#0059a9","mode":"bus","arr":["436","470"],"angle":54.9}},{"type":"Feature","geometry":{"type":"Point","coordinates":[25.945174,44.568623]},"properties":{"lines":"436, 462, 466","color":"#0059a9","mode":"bus","arr":["436","462","466"],"angle":66.5}},{"type":"Feature","geometry":{"type":"Point","coordinates":[25.947705,44.564469]},"properties":{"lines":"436, 462, 466","color":"#0059a9","mode":"bus","arr":["436","462","466"],"angle":66.1,"extra":1}},{"type":"Feature","geometry":{"type":"Point","coordinates":[25.942176,44.573539]},"properties":{"lines":"436, 462, 466","color":"#0059a9","mode":"bus","arr":["436","462","466"],"angle":66.4,"extra":1}},{"type":"Feature","geometry":{"type":"Point","coordinates":[25.941149,44.575922]},"properties":{"lines":"436, 462, 466","color":"#0059a9","mode":"bus","arr":["436","462","466"],"angle":21.7}},{"type":"Feature","geometry":{"type":"Point","coordinates":[26.023712,44.50277]},"properties":{"lines":"436, 476","color":"#0059a9","mode":"bus","arr":["436","476"],"angle":35.6}},{"type":"Feature","geometry":{"type":"Point","coordinates":[26.164212,44.341015]},"properties":{"lines":"438, 475","color":"#0059a9","mode":"bus","arr":["438","475"],"angle":58.1}},{"type":"Feature","geometry":{"type":"Point","coordinates":[26.180722,44.319766]},"properties":{"lines":"438, 475","color":"#0059a9","mode":"bus","arr":["438","475"],"angle":60.9}},{"type":"Feature","geometry":{"type":"Point","coordinates":[26.190576,44.299427]},"properties":{"lines":"438, 475","color":"#0059a9","mode":"bus","arr":["438","475"],"angle":78.5,"extra":1}},{"type":"Feature","geometry":{"type":"Point","coordinates":[26.189355,44.304286]},"properties":{"lines":"438, 475","color":"#0059a9","mode":"bus","arr":["438","475"],"angle":87.8,"extra":1}},{"type":"Feature","geometry":{"type":"Point","coordinates":[26.189092,44.309229]},"properties":{"lines":"438, 475","color":"#0059a9","mode":"bus","arr":["438","475"],"angle":87.9,"extra":1}},{"type":"Feature","geometry":{"type":"Point","coordinates":[26.186956,44.313884]},"properties":{"lines":"438, 475","color":"#0059a9","mode":"bus","arr":["438","475"],"angle":63.7,"extra":1}},{"type":"Feature","geometry":{"type":"Point","coordinates":[26.175771,44.326252]},"properties":{"lines":"438, 475","color":"#0059a9","mode":"bus","arr":["438","475"],"angle":61.2,"extra":1}},{"type":"Feature","geometry":{"type":"Point","coordinates":[26.172434,44.330587]},"properties":{"lines":"438, 475","color":"#0059a9","mode":"bus","arr":["438","475"],"angle":61.3,"extra":1}},{"type":"Feature","geometry":{"type":"Point","coordinates":[26.16912,44.33493]},"properties":{"lines":"438, 475","color":"#0059a9","mode":"bus","arr":["438","475"],"angle":61.6,"extra":1}},{"type":"Feature","geometry":{"type":"Point","coordinates":[26.165674,44.33922]},"properties":{"lines":"438, 475","color":"#0059a9","mode":"bus","arr":["438","475"],"angle":59.7,"extra":1}},{"type":"Feature","geometry":{"type":"Point","coordinates":[26.177688,44.279493]},"properties":{"lines":"438","color":"#0059a9","mode":"bus","arr":["438"],"angle":-61.7}},{"type":"Feature","geometry":{"type":"Point","coordinates":[26.189633,44.294841]},"properties":{"lines":"438","color":"#0059a9","mode":"bus","arr":["438"],"angle":-60.8,"extra":1}},{"type":"Feature","geometry":{"type":"Point","coordinates":[26.186275,44.290515]},"properties":{"lines":"438","color":"#0059a9","mode":"bus","arr":["438"],"angle":-61.2,"extra":1}},{"type":"Feature","geometry":{"type":"Point","coordinates":[26.182906,44.286193]},"properties":{"lines":"438","color":"#0059a9","mode":"bus","arr":["438"],"angle":-60.8,"extra":1}},{"type":"Feature","geometry":{"type":"Point","coordinates":[26.179517,44.281879]},"properties":{"lines":"438","color":"#0059a9","mode":"bus","arr":["438"],"angle":-60.6,"extra":1}},{"type":"Feature","geometry":{"type":"Point","coordinates":[26.172815,44.273222]},"properties":{"lines":"438","color":"#0059a9","mode":"bus","arr":["438"],"angle":-60.7,"extra":1}},{"type":"Feature","geometry":{"type":"Point","coordinates":[26.169468,44.268892]},"properties":{"lines":"438","color":"#0059a9","mode":"bus","arr":["438"],"angle":-60.6,"extra":1}},{"type":"Feature","geometry":{"type":"Point","coordinates":[26.166175,44.264541]},"properties":{"lines":"438","color":"#0059a9","mode":"bus","arr":["438"],"angle":-64.4,"extra":1}},{"type":"Feature","geometry":{"type":"Point","coordinates":[26.157306,44.380344]},"properties":{"lines":"439, 440, 479","color":"#0059a9","mode":"bus","arr":["439","440","479"],"angle":10.1}},{"type":"Feature","geometry":{"type":"Point","coordinates":[26.165374,44.379958]},"properties":{"lines":"439, 440, 479","color":"#0059a9","mode":"bus","arr":["439","440","479"],"angle":0.7,"extra":1}},{"type":"Feature","geometry":{"type":"Point","coordinates":[26.151821,44.381403]},"properties":{"lines":"439, 440, 479","color":"#0059a9","mode":"bus","arr":["439","440","479"],"angle":27.3,"extra":1}},{"type":"Feature","geometry":{"type":"Point","coordinates":[26.180681,44.371802]},"properties":{"lines":"439, 479","color":"#0059a9","mode":"bus","arr":["439","479"],"angle":45.6}},{"type":"Feature","geometry":{"type":"Point","coordinates":[26.17172,44.37829]},"properties":{"lines":"439, 479","color":"#0059a9","mode":"bus","arr":["439","479"],"angle":43.1,"extra":1}},{"type":"Feature","geometry":{"type":"Point","coordinates":[26.176612,44.37479]},"properties":{"lines":"439, 479","color":"#0059a9","mode":"bus","arr":["439","479"],"angle":45.8,"extra":1}},{"type":"Feature","geometry":{"type":"Point","coordinates":[26.186272,44.3677]},"properties":{"lines":"439, 479","color":"#0059a9","mode":"bus","arr":["439","479"],"angle":45.6,"extra":1}},{"type":"Feature","geometry":{"type":"Point","coordinates":[26.191613,44.364559]},"properties":{"lines":"439, 479","color":"#0059a9","mode":"bus","arr":["439","479"],"angle":38.2,"extra":1}},{"type":"Feature","geometry":{"type":"Point","coordinates":[26.194465,44.365301]},"properties":{"lines":"439","color":"#0059a9","mode":"bus","arr":["439"],"angle":-64.7}},{"type":"Feature","geometry":{"type":"Point","coordinates":[26.196232,44.368009]},"properties":{"lines":"439","color":"#0059a9","mode":"bus","arr":["439"],"angle":20.3}},{"type":"Feature","geometry":{"type":"Point","coordinates":[26.213922,44.376758]},"properties":{"lines":"440","color":"#0059a9","mode":"bus","arr":["440"],"angle":-11}},{"type":"Feature","geometry":{"type":"Point","coordinates":[26.209113,44.37685]},"properties":{"lines":"440","color":"#0059a9","mode":"bus","arr":["440"],"angle":2.6,"extra":1}},{"type":"Feature","geometry":{"type":"Point","coordinates":[26.221901,44.378733]},"properties":{"lines":"440","color":"#0059a9","mode":"bus","arr":["440"],"angle":-89.2}},{"type":"Feature","geometry":{"type":"Point","coordinates":[26.188931,44.379749]},"properties":{"lines":"440, 480","color":"#0059a9","mode":"bus","arr":["440","480"],"angle":11.4}},{"type":"Feature","geometry":{"type":"Point","coordinates":[26.202329,44.377822]},"properties":{"lines":"440, 480","color":"#0059a9","mode":"bus","arr":["440","480"],"angle":11.4,"extra":1}},{"type":"Feature","geometry":{"type":"Point","coordinates":[26.195538,44.378798]},"properties":{"lines":"440, 480","color":"#0059a9","mode":"bus","arr":["440","480"],"angle":11.5,"extra":1}},{"type":"Feature","geometry":{"type":"Point","coordinates":[26.181944,44.380704]},"properties":{"lines":"440, 480","color":"#0059a9","mode":"bus","arr":["440","480"],"angle":8.5,"extra":1}},{"type":"Feature","geometry":{"type":"Point","coordinates":[26.175097,44.381451]},"properties":{"lines":"440, 480","color":"#0059a9","mode":"bus","arr":["440","480"],"angle":13,"extra":1}},{"type":"Feature","geometry":{"type":"Point","coordinates":[26.014137,44.601331]},"properties":{"lines":"441","color":"#0059a9","mode":"bus","arr":["441"],"angle":70.8}},{"type":"Feature","geometry":{"type":"Point","coordinates":[26.014726,44.611969]},"properties":{"lines":"441","color":"#0059a9","mode":"bus","arr":["441"],"angle":-79.6,"extra":1}},{"type":"Feature","geometry":{"type":"Point","coordinates":[26.013237,44.607437]},"properties":{"lines":"441","color":"#0059a9","mode":"bus","arr":["441"],"angle":75.3,"extra":1}},{"type":"Feature","geometry":{"type":"Point","coordinates":[26.017054,44.598258]},"properties":{"lines":"441","color":"#0059a9","mode":"bus","arr":["441"],"angle":53.9,"extra":1}},{"type":"Feature","geometry":{"type":"Point","coordinates":[26.022121,44.595139]},"properties":{"lines":"441","color":"#0059a9","mode":"bus","arr":["441"],"angle":54.8,"extra":1}},{"type":"Feature","geometry":{"type":"Point","coordinates":[26.049061,44.595866]},"properties":{"lines":"441, 441B","color":"#0059a9","mode":"bus","arr":["441","441B"],"angle":-16.7}},{"type":"Feature","geometry":{"type":"Point","coordinates":[26.029354,44.592111]},"properties":{"lines":"441, 441B","color":"#0059a9","mode":"bus","arr":["441","441B"],"angle":-21.2,"extra":1}},{"type":"Feature","geometry":{"type":"Point","coordinates":[26.035803,44.593915]},"properties":{"lines":"441, 441B","color":"#0059a9","mode":"bus","arr":["441","441B"],"angle":-21.5,"extra":1}},{"type":"Feature","geometry":{"type":"Point","coordinates":[26.042677,44.594174]},"properties":{"lines":"441, 441B","color":"#0059a9","mode":"bus","arr":["441","441B"],"angle":-3.4,"extra":1}},{"type":"Feature","geometry":{"type":"Point","coordinates":[26.055786,44.597266]},"properties":{"lines":"441, 441B","color":"#0059a9","mode":"bus","arr":["441","441B"],"angle":-14.7,"extra":1}},{"type":"Feature","geometry":{"type":"Point","coordinates":[26.061843,44.599507]},"properties":{"lines":"441, 441B","color":"#0059a9","mode":"bus","arr":["441","441B"],"angle":-35,"extra":1}},{"type":"Feature","geometry":{"type":"Point","coordinates":[26.06782,44.601467]},"properties":{"lines":"441, 441B","color":"#0059a9","mode":"bus","arr":["441","441B"],"angle":7.6,"extra":1}},{"type":"Feature","geometry":{"type":"Point","coordinates":[26.07111,44.601201]},"properties":{"lines":"441, 441B","color":"#0059a9","mode":"bus","arr":["441","441B"],"angle":-80.2}},{"type":"Feature","geometry":{"type":"Point","coordinates":[26.070625,44.586858]},"properties":{"lines":"441, 441B, 442, 443, 443B, 444, 446, 447, 447B, 448, 477","color":"#0059a9","mode":"bus","arr":["441","441B","442","443","443B","444","446","447","447B","448","477"],"angle":-87.4}},{"type":"Feature","geometry":{"type":"Point","coordinates":[26.071369,44.598492]},"properties":{"lines":"441, 441B, 442, 443, 443B, 444, 446, 447, 447B, 448, 477","color":"#0059a9","mode":"bus","arr":["441","441B","442","443","443B","444","446","447","447B","448","477"],"angle":-87.3,"extra":1}},{"type":"Feature","geometry":{"type":"Point","coordinates":[26.07103,44.593552]},"properties":{"lines":"441, 441B, 442, 443, 443B, 444, 446, 447, 447B, 448, 477","color":"#0059a9","mode":"bus","arr":["441","441B","442","443","443B","444","446","447","447B","448","477"],"angle":-87.2,"extra":1}},{"type":"Feature","geometry":{"type":"Point","coordinates":[26.070446,44.583668]},"properties":{"lines":"441, 441B, 442, 443, 443B, 444, 446, 447, 447B, 448, 477","color":"#0059a9","mode":"bus","arr":["441","441B","442","443","443B","444","446","447","447B","448","477"],"angle":-87.8,"extra":1}},{"type":"Feature","geometry":{"type":"Point","coordinates":[26.070195,44.578725]},"properties":{"lines":"441, 441B, 442, 443, 443B, 444, 446, 447, 447B, 448, 477","color":"#0059a9","mode":"bus","arr":["441","441B","442","443","443B","444","446","447","447B","448","477"],"angle":-87.9,"extra":1}},{"type":"Feature","geometry":{"type":"Point","coordinates":[26.06994,44.573786]},"properties":{"lines":"441, 441B, 442, 443, 443B, 444, 446, 447, 447B, 448, 477","color":"#0059a9","mode":"bus","arr":["441","441B","442","443","443B","444","446","447","447B","448","477"],"angle":-88.7,"extra":1}},{"type":"Feature","geometry":{"type":"Point","coordinates":[26.070277,44.57828]},"properties":{"lines":"441, 441B, 442, 443, 443B, 444, 446, 447, 447B, 448, 477","color":"#0059a9","mode":"bus","arr":["441","441B","442","443","443B","444","446","447","447B","448","477"],"angle":-88.5}},{"type":"Feature","geometry":{"type":"Point","coordinates":[26.070033,44.570092]},"properties":{"lines":"441, 441B, 443, 443B, 444, 446, 447, 447B, 448, 477","color":"#0059a9","mode":"bus","arr":["441","441B","443","443B","444","446","447","447B","448","477"],"angle":-87.1}},{"type":"Feature","geometry":{"type":"Point","coordinates":[26.070541,44.583768]},"properties":{"lines":"441, 443, 443B, 444, 446, 447, 447B, 448, 477","color":"#0059a9","mode":"bus","arr":["441","443","443B","444","446","447","447B","448","477"],"angle":-87.7}},{"type":"Feature","geometry":{"type":"Point","coordinates":[26.071536,44.599807]},"properties":{"lines":"441, 443, 443B, 444, 446, 447, 447B, 448, 477","color":"#0059a9","mode":"bus","arr":["441","443","443B","444","446","447","447B","448","477"],"angle":-87.3}},{"type":"Feature","geometry":{"type":"Point","coordinates":[25.998992,44.577907]},"properties":{"lines":"441B","color":"#0059a9","mode":"bus","arr":["441B"],"angle":-25.7}},{"type":"Feature","geometry":{"type":"Point","coordinates":[26.01123,44.584611]},"properties":{"lines":"441B","color":"#0059a9","mode":"bus","arr":["441B"],"angle":-25.9}},{"type":"Feature","geometry":{"type":"Point","coordinates":[25.998895,44.580109]},"properties":{"lines":"441B","color":"#0059a9","mode":"bus","arr":["441B"],"angle":-69.7,"extra":1}},{"type":"Feature","geometry":{"type":"Point","coordinates":[26.004223,44.58325]},"properties":{"lines":"441B","color":"#0059a9","mode":"bus","arr":["441B"],"angle":-37.5,"extra":1}},{"type":"Feature","geometry":{"type":"Point","coordinates":[26.016948,44.586322]},"properties":{"lines":"441B","color":"#0059a9","mode":"bus","arr":["441B"],"angle":-36.2,"extra":1}},{"type":"Feature","geometry":{"type":"Point","coordinates":[26.022526,44.589254]},"properties":{"lines":"441B","color":"#0059a9","mode":"bus","arr":["441B"],"angle":-36.3,"extra":1}},{"type":"Feature","geometry":{"type":"Point","coordinates":[26.070861,44.583832]},"properties":{"lines":"441B, 442","color":"#0059a9","mode":"bus","arr":["441B","442"],"angle":-68.3}},{"type":"Feature","geometry":{"type":"Point","coordinates":[26.071629,44.59996]},"properties":{"lines":"441B, 442","color":"#0059a9","mode":"bus","arr":["441B","442"],"angle":-62.1}},{"type":"Feature","geometry":{"type":"Point","coordinates":[26.084782,44.6063]},"properties":{"lines":"442","color":"#0059a9","mode":"bus","arr":["442"],"angle":-34.2}},{"type":"Feature","geometry":{"type":"Point","coordinates":[26.084808,44.605558]},"properties":{"lines":"442","color":"#0059a9","mode":"bus","arr":["442"],"angle":-38.2}},{"type":"Feature","geometry":{"type":"Point","coordinates":[26.076122,44.60122]},"properties":{"lines":"442","color":"#0059a9","mode":"bus","arr":["442"],"angle":-21.9}},{"type":"Feature","geometry":{"type":"Point","coordinates":[26.071892,44.603137]},"properties":{"lines":"442","color":"#0059a9","mode":"bus","arr":["442"],"angle":18.3}},{"type":"Feature","geometry":{"type":"Point","coordinates":[26.071581,44.60305]},"properties":{"lines":"442","color":"#0059a9","mode":"bus","arr":["442"],"angle":89.6}},{"type":"Feature","geometry":{"type":"Point","coordinates":[26.072253,44.573102]},"properties":{"lines":"442","color":"#0059a9","mode":"bus","arr":["442"],"angle":-22.2}},{"type":"Feature","geometry":{"type":"Point","coordinates":[26.074883,44.570638]},"properties":{"lines":"442","color":"#0059a9","mode":"bus","arr":["442"],"angle":83.4}},{"type":"Feature","geometry":{"type":"Point","coordinates":[26.077283,44.569368]},"properties":{"lines":"442","color":"#0059a9","mode":"bus","arr":["442"],"angle":84.6}},{"type":"Feature","geometry":{"type":"Point","coordinates":[26.077193,44.570349]},"properties":{"lines":"442","color":"#0059a9","mode":"bus","arr":["442"],"angle":59.1}},{"type":"Feature","geometry":{"type":"Point","coordinates":[26.070366,44.572863]},"properties":{"lines":"442","color":"#0059a9","mode":"bus","arr":["442"],"angle":44.7}},{"type":"Feature","geometry":{"type":"Point","coordinates":[26.081419,44.603878]},"properties":{"lines":"442","color":"#0059a9","mode":"bus","arr":["442"],"angle":90}},{"type":"Feature","geometry":{"type":"Point","coordinates":[26.071692,44.601682]},"properties":{"lines":"442, 443, 443B, 444, 446, 447, 447B, 448, 477","color":"#0059a9","mode":"bus","arr":["442","443","443B","444","446","447","447B","448","477"],"angle":-85.7}},{"type":"Feature","geometry":{"type":"Point","coordinates":[26.071572,44.601359]},"properties":{"lines":"442, 443, 443B, 444, 446, 447, 447B, 448, 477","color":"#0059a9","mode":"bus","arr":["442","443","443B","444","446","447","447B","448","477"],"angle":-86.5}},{"type":"Feature","geometry":{"type":"Point","coordinates":[25.997385,44.677984]},"properties":{"lines":"443","color":"#0059a9","mode":"bus","arr":["443"],"angle":-54.1}},{"type":"Feature","geometry":{"type":"Point","coordinates":[26.034888,44.671795]},"properties":{"lines":"443","color":"#0059a9","mode":"bus","arr":["443"],"angle":5.5}},{"type":"Feature","geometry":{"type":"Point","coordinates":[26.032521,44.677727]},"properties":{"lines":"443","color":"#0059a9","mode":"bus","arr":["443"],"angle":7.7,"extra":1}},{"type":"Feature","geometry":{"type":"Point","coordinates":[26.029064,44.668918]},"properties":{"lines":"443","color":"#0059a9","mode":"bus","arr":["443"],"angle":7.6,"extra":1}},{"type":"Feature","geometry":{"type":"Point","coordinates":[26.028073,44.671214]},"properties":{"lines":"443","color":"#0059a9","mode":"bus","arr":["443"],"angle":-11.2}},{"type":"Feature","geometry":{"type":"Point","coordinates":[26.023499,44.669951]},"properties":{"lines":"443","color":"#0059a9","mode":"bus","arr":["443"],"angle":-39.8,"extra":1}},{"type":"Feature","geometry":{"type":"Point","coordinates":[26.033607,44.683284]},"properties":{"lines":"443, 443B","color":"#0059a9","mode":"bus","arr":["443","443B"],"angle":-16.8}},{"type":"Feature","geometry":{"type":"Point","coordinates":[26.00051,44.678208]},"properties":{"lines":"443, 443B","color":"#0059a9","mode":"bus","arr":["443","443B"],"angle":-5.8,"extra":1}},{"type":"Feature","geometry":{"type":"Point","coordinates":[26.007403,44.6787]},"properties":{"lines":"443, 443B","color":"#0059a9","mode":"bus","arr":["443","443B"],"angle":-5.9,"extra":1}},{"type":"Feature","geometry":{"type":"Point","coordinates":[26.014294,44.679201]},"properties":{"lines":"443, 443B","color":"#0059a9","mode":"bus","arr":["443","443B"],"angle":1.3,"extra":1}},{"type":"Feature","geometry":{"type":"Point","coordinates":[26.021095,44.678421]},"properties":{"lines":"443, 443B","color":"#0059a9","mode":"bus","arr":["443","443B"],"angle":4.9,"extra":1}},{"type":"Feature","geometry":{"type":"Point","coordinates":[26.027998,44.678007]},"properties":{"lines":"443, 443B","color":"#0059a9","mode":"bus","arr":["443","443B"],"angle":4.8,"extra":1}},{"type":"Feature","geometry":{"type":"Point","coordinates":[26.029852,44.681984]},"properties":{"lines":"443, 443B","color":"#0059a9","mode":"bus","arr":["443","443B"],"angle":86.7,"extra":1}},{"type":"Feature","geometry":{"type":"Point","coordinates":[26.04272,44.683024]},"properties":{"lines":"443, 443B","color":"#0059a9","mode":"bus","arr":["443","443B"],"angle":11.2,"extra":1}},{"type":"Feature","geometry":{"type":"Point","coordinates":[26.049516,44.682066]},"properties":{"lines":"443, 443B","color":"#0059a9","mode":"bus","arr":["443","443B"],"angle":11,"extra":1}},{"type":"Feature","geometry":{"type":"Point","coordinates":[26.056316,44.681122]},"properties":{"lines":"443, 443B","color":"#0059a9","mode":"bus","arr":["443","443B"],"angle":10.9,"extra":1}},{"type":"Feature","geometry":{"type":"Point","coordinates":[26.063114,44.680171]},"properties":{"lines":"443, 443B","color":"#0059a9","mode":"bus","arr":["443","443B"],"angle":11.2,"extra":1}},{"type":"Feature","geometry":{"type":"Point","coordinates":[26.069914,44.679229]},"properties":{"lines":"443, 443B","color":"#0059a9","mode":"bus","arr":["443","443B"],"angle":11,"extra":1}},{"type":"Feature","geometry":{"type":"Point","coordinates":[25.983466,44.675925]},"properties":{"lines":"443B","color":"#0059a9","mode":"bus","arr":["443B"],"angle":-88.9}},{"type":"Feature","geometry":{"type":"Point","coordinates":[25.995966,44.675272]},"properties":{"lines":"443B","color":"#0059a9","mode":"bus","arr":["443B"],"angle":-59.4,"extra":1}},{"type":"Feature","geometry":{"type":"Point","coordinates":[25.989616,44.674717]},"properties":{"lines":"443B","color":"#0059a9","mode":"bus","arr":["443B"],"angle":41,"extra":1}},{"type":"Feature","geometry":{"type":"Point","coordinates":[25.981332,44.679745]},"properties":{"lines":"443B","color":"#0059a9","mode":"bus","arr":["443B"],"angle":54.5,"extra":1}},{"type":"Feature","geometry":{"type":"Point","coordinates":[25.978117,44.684119]},"properties":{"lines":"443B","color":"#0059a9","mode":"bus","arr":["443B"],"angle":65.1,"extra":1}},{"type":"Feature","geometry":{"type":"Point","coordinates":[26.074476,44.673087]},"properties":{"lines":"443, 443B, 444, 446","color":"#0059a9","mode":"bus","arr":["443","443B","444","446"],"angle":89.8}},{"type":"Feature","geometry":{"type":"Point","coordinates":[26.074615,44.676025]},"properties":{"lines":"443, 443B, 444, 446","color":"#0059a9","mode":"bus","arr":["443","443B","444","446"],"angle":-79.5,"extra":1}},{"type":"Feature","geometry":{"type":"Point","coordinates":[26.075193,44.670243]},"properties":{"lines":"443, 443B, 444, 446","color":"#0059a9","mode":"bus","arr":["443","443B","444","446"],"angle":62.8,"extra":1}},{"type":"Feature","geometry":{"type":"Point","coordinates":[26.074695,44.65294]},"properties":{"lines":"443, 443B, 444, 446, 447, 447B","color":"#0059a9","mode":"bus","arr":["443","443B","444","446","447","447B"],"angle":-84.5}},{"type":"Feature","geometry":{"type":"Point","coordinates":[26.076409,44.665359]},"properties":{"lines":"443, 443B, 444, 446, 447, 447B","color":"#0059a9","mode":"bus","arr":["443","443B","444","446","447","447B"],"angle":-83.8,"extra":1}},{"type":"Feature","geometry":{"type":"Point","coordinates":[26.075737,44.660436]},"properties":{"lines":"443, 443B, 444, 446, 447, 447B","color":"#0059a9","mode":"bus","arr":["443","443B","444","446","447","447B"],"angle":-84.3,"extra":1}},{"type":"Feature","geometry":{"type":"Point","coordinates":[26.071928,44.646159]},"properties":{"lines":"443, 443B, 444, 446, 447, 447B","color":"#0059a9","mode":"bus","arr":["443","443B","444","446","447","447B"],"angle":-44.5,"extra":1}},{"type":"Feature","geometry":{"type":"Point","coordinates":[26.068469,44.642079]},"properties":{"lines":"443, 443B, 444, 446, 447, 447B","color":"#0059a9","mode":"bus","arr":["443","443B","444","446","447","447B"],"angle":-89.8,"extra":1}},{"type":"Feature","geometry":{"type":"Point","coordinates":[26.069392,44.623969]},"properties":{"lines":"443, 443B, 444, 446, 447, 447B","color":"#0059a9","mode":"bus","arr":["443","443B","444","446","447","447B"],"angle":87.8}},{"type":"Feature","geometry":{"type":"Point","coordinates":[26.068679,44.636773]},"properties":{"lines":"443, 443B, 444, 446, 447, 447B","color":"#0059a9","mode":"bus","arr":["443","443B","444","446","447","447B"],"angle":88.7,"extra":1}},{"type":"Feature","geometry":{"type":"Point","coordinates":[26.068878,44.631829]},"properties":{"lines":"443, 443B, 444, 446, 447, 447B","color":"#0059a9","mode":"bus","arr":["443","443B","444","446","447","447B"],"angle":88.1,"extra":1}},{"type":"Feature","geometry":{"type":"Point","coordinates":[26.069138,44.626886]},"properties":{"lines":"443, 443B, 444, 446, 447, 447B","color":"#0059a9","mode":"bus","arr":["443","443B","444","446","447","447B"],"angle":88.1,"extra":1}},{"type":"Feature","geometry":{"type":"Point","coordinates":[26.069463,44.617002]},"properties":{"lines":"443, 443B, 444, 446, 447, 447B","color":"#0059a9","mode":"bus","arr":["443","443B","444","446","447","447B"],"angle":-85,"extra":1}},{"type":"Feature","geometry":{"type":"Point","coordinates":[26.071823,44.612492]},"properties":{"lines":"443, 443B, 444, 446, 447, 447B","color":"#0059a9","mode":"bus","arr":["443","443B","444","446","447","447B"],"angle":63.7,"extra":1}},{"type":"Feature","geometry":{"type":"Point","coordinates":[26.069561,44.62106]},"properties":{"lines":"443, 443B, 444, 446, 447, 447B","color":"#0059a9","mode":"bus","arr":["443","443B","444","446","447","447B"],"angle":87.6,"extra":1}},{"type":"Feature","geometry":{"type":"Point","coordinates":[26.068581,44.641862]},"properties":{"lines":"443, 443B, 444, 446, 447, 447B","color":"#0059a9","mode":"bus","arr":["443","443B","444","446","447","447B"],"angle":89.1,"extra":1}},{"type":"Feature","geometry":{"type":"Point","coordinates":[26.071832,44.645997]},"properties":{"lines":"443, 443B, 444, 446, 447, 447B","color":"#0059a9","mode":"bus","arr":["443","443B","444","446","447","447B"],"angle":-44.8,"extra":1}},{"type":"Feature","geometry":{"type":"Point","coordinates":[26.074444,44.650376]},"properties":{"lines":"443, 443B, 444, 446, 447, 447B","color":"#0059a9","mode":"bus","arr":["443","443B","444","446","447","447B"],"angle":-84.3,"extra":1}},{"type":"Feature","geometry":{"type":"Point","coordinates":[26.07512,44.655298]},"properties":{"lines":"443, 443B, 444, 446, 447, 447B","color":"#0059a9","mode":"bus","arr":["443","443B","444","446","447","447B"],"angle":-84.8,"extra":1}},{"type":"Feature","geometry":{"type":"Point","coordinates":[26.075786,44.660222]},"properties":{"lines":"443, 443B, 444, 446, 447, 447B","color":"#0059a9","mode":"bus","arr":["443","443B","444","446","447","447B"],"angle":-84.3,"extra":1}},{"type":"Feature","geometry":{"type":"Point","coordinates":[26.076463,44.665144]},"properties":{"lines":"443, 443B, 444, 446, 447, 447B","color":"#0059a9","mode":"bus","arr":["443","443B","444","446","447","447B"],"angle":-83.9,"extra":1}},{"type":"Feature","geometry":{"type":"Point","coordinates":[26.071891,44.605489]},"properties":{"lines":"443, 443B, 444, 446, 447, 447B, 448, 477","color":"#0059a9","mode":"bus","arr":["443","443B","444","446","447","447B","448","477"],"angle":-86.5}},{"type":"Feature","geometry":{"type":"Point","coordinates":[26.071611,44.601815]},"properties":{"lines":"443, 443B, 444, 446, 447, 447B, 448, 477","color":"#0059a9","mode":"bus","arr":["443","443B","444","446","447","447B","448","477"],"angle":-86.1,"extra":1}},{"type":"Feature","geometry":{"type":"Point","coordinates":[26.078115,44.736258]},"properties":{"lines":"444","color":"#0059a9","mode":"bus","arr":["444"],"angle":-21.3}},{"type":"Feature","geometry":{"type":"Point","coordinates":[26.070894,44.741542]},"properties":{"lines":"444","color":"#0059a9","mode":"bus","arr":["444"],"angle":-39.6,"extra":1}},{"type":"Feature","geometry":{"type":"Point","coordinates":[26.065084,44.741769]},"properties":{"lines":"444","color":"#0059a9","mode":"bus","arr":["444"],"angle":-4.4,"extra":1}},{"type":"Feature","geometry":{"type":"Point","coordinates":[26.066961,44.737961]},"properties":{"lines":"444","color":"#0059a9","mode":"bus","arr":["444"],"angle":45.2,"extra":1}},{"type":"Feature","geometry":{"type":"Point","coordinates":[26.072277,44.735596]},"properties":{"lines":"444","color":"#0059a9","mode":"bus","arr":["444"],"angle":5.9,"extra":1}},{"type":"Feature","geometry":{"type":"Point","coordinates":[26.085402,44.73784]},"properties":{"lines":"444","color":"#0059a9","mode":"bus","arr":["444"],"angle":-12.9,"extra":1}},{"type":"Feature","geometry":{"type":"Point","coordinates":[26.089017,44.735415]},"properties":{"lines":"444","color":"#0059a9","mode":"bus","arr":["444"],"angle":78.9,"extra":1}},{"type":"Feature","geometry":{"type":"Point","coordinates":[26.092483,44.731199]},"properties":{"lines":"444","color":"#0059a9","mode":"bus","arr":["444"],"angle":51.5,"extra":1}},{"type":"Feature","geometry":{"type":"Point","coordinates":[26.091247,44.727057]},"properties":{"lines":"444","color":"#0059a9","mode":"bus","arr":["444"],"angle":-62.2,"extra":1}},{"type":"Feature","geometry":{"type":"Point","coordinates":[26.089842,44.725182]},"properties":{"lines":"444","color":"#0059a9","mode":"bus","arr":["444"],"angle":-76.2}},{"type":"Feature","geometry":{"type":"Point","coordinates":[26.105299,44.726236]},"properties":{"lines":"444","color":"#0059a9","mode":"bus","arr":["444"],"angle":-2.4,"extra":1}},{"type":"Feature","geometry":{"type":"Point","coordinates":[26.098378,44.72603]},"properties":{"lines":"444","color":"#0059a9","mode":"bus","arr":["444"],"angle":-2,"extra":1}},{"type":"Feature","geometry":{"type":"Point","coordinates":[26.091832,44.722537]},"properties":{"lines":"444","color":"#0059a9","mode":"bus","arr":["444"],"angle":18.2,"extra":1}},{"type":"Feature","geometry":{"type":"Point","coordinates":[26.096228,44.719143]},"properties":{"lines":"444","color":"#0059a9","mode":"bus","arr":["444"],"angle":47.5,"extra":1}},{"type":"Feature","geometry":{"type":"Point","coordinates":[26.098907,44.714686]},"properties":{"lines":"444","color":"#0059a9","mode":"bus","arr":["444"],"angle":64.4,"extra":1}},{"type":"Feature","geometry":{"type":"Point","coordinates":[26.090187,44.702957]},"properties":{"lines":"444, 446","color":"#0059a9","mode":"bus","arr":["444","446"],"angle":-52.6}},{"type":"Feature","geometry":{"type":"Point","coordinates":[26.107096,44.724166]},"properties":{"lines":"444, 446","color":"#0059a9","mode":"bus","arr":["444","446"],"angle":-61.3,"extra":1}},{"type":"Feature","geometry":{"type":"Point","coordinates":[26.103686,44.719861]},"properties":{"lines":"444, 446","color":"#0059a9","mode":"bus","arr":["444","446"],"angle":-60.4,"extra":1}},{"type":"Feature","geometry":{"type":"Point","coordinates":[26.100269,44.715558]},"properties":{"lines":"444, 446","color":"#0059a9","mode":"bus","arr":["444","446"],"angle":-60.6,"extra":1}},{"type":"Feature","geometry":{"type":"Point","coordinates":[26.096862,44.711252]},"properties":{"lines":"444, 446","color":"#0059a9","mode":"bus","arr":["444","446"],"angle":-60.6,"extra":1}},{"type":"Feature","geometry":{"type":"Point","coordinates":[26.093449,44.706947]},"properties":{"lines":"444, 446","color":"#0059a9","mode":"bus","arr":["444","446"],"angle":-60.5,"extra":1}},{"type":"Feature","geometry":{"type":"Point","coordinates":[26.086195,44.69861]},"properties":{"lines":"444, 446","color":"#0059a9","mode":"bus","arr":["444","446"],"angle":-68.5,"extra":1}},{"type":"Feature","geometry":{"type":"Point","coordinates":[26.083694,44.693997]},"properties":{"lines":"444, 446","color":"#0059a9","mode":"bus","arr":["444","446"],"angle":-69.2,"extra":1}},{"type":"Feature","geometry":{"type":"Point","coordinates":[26.081237,44.689373]},"properties":{"lines":"444, 446","color":"#0059a9","mode":"bus","arr":["444","446"],"angle":-68.7,"extra":1}},{"type":"Feature","geometry":{"type":"Point","coordinates":[26.078737,44.68476]},"properties":{"lines":"444, 446","color":"#0059a9","mode":"bus","arr":["444","446"],"angle":-68.6,"extra":1}},{"type":"Feature","geometry":{"type":"Point","coordinates":[26.076189,44.68016]},"properties":{"lines":"444, 446","color":"#0059a9","mode":"bus","arr":["444","446"],"angle":-68.3,"extra":1}},{"type":"Feature","geometry":{"type":"Point","coordinates":[26.273403,44.713074]},"properties":{"lines":"446, 447","color":"#0059a9","mode":"bus","arr":["446","447"],"angle":-86.6}},{"type":"Feature","geometry":{"type":"Point","coordinates":[26.241722,44.718194]},"properties":{"lines":"446, 447, 447B","color":"#0059a9","mode":"bus","arr":["446","447","447B"],"angle":18.4}},{"type":"Feature","geometry":{"type":"Point","coordinates":[26.258955,44.714509]},"properties":{"lines":"446, 447, 447B","color":"#0059a9","mode":"bus","arr":["446","447","447B"],"angle":6.4,"extra":1}},{"type":"Feature","geometry":{"type":"Point","coordinates":[26.252313,44.715056]},"properties":{"lines":"446, 447, 447B","color":"#0059a9","mode":"bus","arr":["446","447","447B"],"angle":60.8,"extra":1}},{"type":"Feature","geometry":{"type":"Point","coordinates":[26.24707,44.717665]},"properties":{"lines":"446, 447, 447B","color":"#0059a9","mode":"bus","arr":["446","447","447B"],"angle":-29.2,"extra":1}},{"type":"Feature","geometry":{"type":"Point","coordinates":[26.24092,44.723021]},"properties":{"lines":"446, 447, 447B","color":"#0059a9","mode":"bus","arr":["446","447","447B"],"angle":-82.3,"extra":1}},{"type":"Feature","geometry":{"type":"Point","coordinates":[26.236421,44.725125]},"properties":{"lines":"446, 447, 447B","color":"#0059a9","mode":"bus","arr":["446","447","447B"],"angle":-5.8,"extra":1}},{"type":"Feature","geometry":{"type":"Point","coordinates":[26.229512,44.725196]},"properties":{"lines":"446, 447, 447B","color":"#0059a9","mode":"bus","arr":["446","447","447B"],"angle":0.4,"extra":1}},{"type":"Feature","geometry":{"type":"Point","coordinates":[26.176272,44.739894]},"properties":{"lines":"446","color":"#0059a9","mode":"bus","arr":["446"],"angle":56.7}},{"type":"Feature","geometry":{"type":"Point","coordinates":[26.226537,44.72763]},"properties":{"lines":"446","color":"#0059a9","mode":"bus","arr":["446"],"angle":67.4,"extra":1}},{"type":"Feature","geometry":{"type":"Point","coordinates":[26.221953,44.73133]},"properties":{"lines":"446","color":"#0059a9","mode":"bus","arr":["446"],"angle":47.8,"extra":1}},{"type":"Feature","geometry":{"type":"Point","coordinates":[26.216745,44.734489]},"properties":{"lines":"446","color":"#0059a9","mode":"bus","arr":["446"],"angle":27.3,"extra":1}},{"type":"Feature","geometry":{"type":"Point","coordinates":[26.210911,44.736351]},"properties":{"lines":"446","color":"#0059a9","mode":"bus","arr":["446"],"angle":46.1,"extra":1}},{"type":"Feature","geometry":{"type":"Point","coordinates":[26.208445,44.740705]},"properties":{"lines":"446","color":"#0059a9","mode":"bus","arr":["446"],"angle":46.2,"extra":1}},{"type":"Feature","geometry":{"type":"Point","coordinates":[26.203328,44.744039]},"properties":{"lines":"446","color":"#0059a9","mode":"bus","arr":["446"],"angle":42.3,"extra":1}},{"type":"Feature","geometry":{"type":"Point","coordinates":[26.198471,44.747547]},"properties":{"lines":"446","color":"#0059a9","mode":"bus","arr":["446"],"angle":51.7,"extra":1}},{"type":"Feature","geometry":{"type":"Point","coordinates":[26.193424,44.750861]},"properties":{"lines":"446","color":"#0059a9","mode":"bus","arr":["446"],"angle":15.4,"extra":1}},{"type":"Feature","geometry":{"type":"Point","coordinates":[26.187621,44.748332]},"properties":{"lines":"446","color":"#0059a9","mode":"bus","arr":["446"],"angle":-35.5,"extra":1}},{"type":"Feature","geometry":{"type":"Point","coordinates":[26.181866,44.745582]},"properties":{"lines":"446","color":"#0059a9","mode":"bus","arr":["446"],"angle":-31.6,"extra":1}},{"type":"Feature","geometry":{"type":"Point","coordinates":[26.177452,44.742547]},"properties":{"lines":"446","color":"#0059a9","mode":"bus","arr":["446"],"angle":-53.4,"extra":1}},{"type":"Feature","geometry":{"type":"Point","coordinates":[26.170714,44.737382]},"properties":{"lines":"446","color":"#0059a9","mode":"bus","arr":["446"],"angle":-5.7,"extra":1}},{"type":"Feature","geometry":{"type":"Point","coordinates":[26.163907,44.736724]},"properties":{"lines":"446","color":"#0059a9","mode":"bus","arr":["446"],"angle":-15.8,"extra":1}},{"type":"Feature","geometry":{"type":"Point","coordinates":[26.157355,44.735542]},"properties":{"lines":"446","color":"#0059a9","mode":"bus","arr":["446"],"angle":-60.3,"extra":1}},{"type":"Feature","geometry":{"type":"Point","coordinates":[26.153834,44.738897]},"properties":{"lines":"446","color":"#0059a9","mode":"bus","arr":["446"],"angle":60.5,"extra":1}},{"type":"Feature","geometry":{"type":"Point","coordinates":[26.150286,44.743145]},"properties":{"lines":"446","color":"#0059a9","mode":"bus","arr":["446"],"angle":58.3,"extra":1}},{"type":"Feature","geometry":{"type":"Point","coordinates":[26.143982,44.743776]},"properties":{"lines":"446","color":"#0059a9","mode":"bus","arr":["446"],"angle":-1.7,"extra":1}},{"type":"Feature","geometry":{"type":"Point","coordinates":[26.137057,44.743639]},"properties":{"lines":"446","color":"#0059a9","mode":"bus","arr":["446"],"angle":-1.5,"extra":1}},{"type":"Feature","geometry":{"type":"Point","coordinates":[26.130142,44.743428]},"properties":{"lines":"446","color":"#0059a9","mode":"bus","arr":["446"],"angle":-13,"extra":1}},{"type":"Feature","geometry":{"type":"Point","coordinates":[26.12354,44.741935]},"properties":{"lines":"446","color":"#0059a9","mode":"bus","arr":["446"],"angle":-13.5,"extra":1}},{"type":"Feature","geometry":{"type":"Point","coordinates":[26.117241,44.740031]},"properties":{"lines":"446","color":"#0059a9","mode":"bus","arr":["446"],"angle":-29.7,"extra":1}},{"type":"Feature","geometry":{"type":"Point","coordinates":[26.11281,44.73158]},"properties":{"lines":"446","color":"#0059a9","mode":"bus","arr":["446"],"angle":-68.1}},{"type":"Feature","geometry":{"type":"Point","coordinates":[26.11042,44.728505]},"properties":{"lines":"446","color":"#0059a9","mode":"bus","arr":["446"],"angle":-61.2,"extra":1}},{"type":"Feature","geometry":{"type":"Point","coordinates":[26.113172,44.737955]},"properties":{"lines":"446","color":"#0059a9","mode":"bus","arr":["446"],"angle":-89.4,"extra":1}},{"type":"Feature","geometry":{"type":"Point","coordinates":[26.107914,44.725096]},"properties":{"lines":"446","color":"#0059a9","mode":"bus","arr":["446"],"angle":-61.2,"extra":1}},{"type":"Feature","geometry":{"type":"Point","coordinates":[26.104538,44.720777]},"properties":{"lines":"446","color":"#0059a9","mode":"bus","arr":["446"],"angle":-60.3,"extra":1}},{"type":"Feature","geometry":{"type":"Point","coordinates":[26.101105,44.716481]},"properties":{"lines":"446","color":"#0059a9","mode":"bus","arr":["446"],"angle":-60.3,"extra":1}},{"type":"Feature","geometry":{"type":"Point","coordinates":[26.183566,44.709027]},"properties":{"lines":"447, 447B","color":"#0059a9","mode":"bus","arr":["447","447B"],"angle":-37.2}},{"type":"Feature","geometry":{"type":"Point","coordinates":[26.162741,44.684688]},"properties":{"lines":"447, 447B","color":"#0059a9","mode":"bus","arr":["447","447B"],"angle":89.8,"extra":1}},{"type":"Feature","geometry":{"type":"Point","coordinates":[26.162715,44.689634]},"properties":{"lines":"447, 447B","color":"#0059a9","mode":"bus","arr":["447","447B"],"angle":89.7,"extra":1}},{"type":"Feature","geometry":{"type":"Point","coordinates":[26.164918,44.694134]},"properties":{"lines":"447, 447B","color":"#0059a9","mode":"bus","arr":["447","447B"],"angle":-57.5,"extra":1}},{"type":"Feature","geometry":{"type":"Point","coordinates":[26.168583,44.698329]},"properties":{"lines":"447, 447B","color":"#0059a9","mode":"bus","arr":["447","447B"],"angle":-63.3,"extra":1}},{"type":"Feature","geometry":{"type":"Point","coordinates":[26.172067,44.702574]},"properties":{"lines":"447, 447B","color":"#0059a9","mode":"bus","arr":["447","447B"],"angle":-85.2,"extra":1}},{"type":"Feature","geometry":{"type":"Point","coordinates":[26.173525,44.707073]},"properties":{"lines":"447, 447B","color":"#0059a9","mode":"bus","arr":["447","447B"],"angle":-54.4,"extra":1}},{"type":"Feature","geometry":{"type":"Point","coordinates":[26.17878,44.709343]},"properties":{"lines":"447, 447B","color":"#0059a9","mode":"bus","arr":["447","447B"],"angle":5.4,"extra":1}},{"type":"Feature","geometry":{"type":"Point","coordinates":[26.19057,44.712854]},"properties":{"lines":"447, 447B","color":"#0059a9","mode":"bus","arr":["447","447B"],"angle":-34.1,"extra":1}},{"type":"Feature","geometry":{"type":"Point","coordinates":[26.196333,44.715596]},"properties":{"lines":"447, 447B","color":"#0059a9","mode":"bus","arr":["447","447B"],"angle":-33.7,"extra":1}},{"type":"Feature","geometry":{"type":"Point","coordinates":[26.202097,44.71834]},"properties":{"lines":"447, 447B","color":"#0059a9","mode":"bus","arr":["447","447B"],"angle":-33.7,"extra":1}},{"type":"Feature","geometry":{"type":"Point","coordinates":[26.20786,44.721084]},"properties":{"lines":"447, 447B","color":"#0059a9","mode":"bus","arr":["447","447B"],"angle":-30.9,"extra":1}},{"type":"Feature","geometry":{"type":"Point","coordinates":[26.214357,44.722774]},"properties":{"lines":"447, 447B","color":"#0059a9","mode":"bus","arr":["447","447B"],"angle":-11.3,"extra":1}},{"type":"Feature","geometry":{"type":"Point","coordinates":[26.221076,44.723844]},"properties":{"lines":"447, 447B","color":"#0059a9","mode":"bus","arr":["447","447B"],"angle":-15.9,"extra":1}},{"type":"Feature","geometry":{"type":"Point","coordinates":[26.158953,44.682154]},"properties":{"lines":"447, 447B","color":"#0059a9","mode":"bus","arr":["447","447B"],"angle":4.9,"extra":1}},{"type":"Feature","geometry":{"type":"Point","coordinates":[26.153143,44.684118]},"properties":{"lines":"447, 447B","color":"#0059a9","mode":"bus","arr":["447","447B"],"angle":50.5,"extra":1}},{"type":"Feature","geometry":{"type":"Point","coordinates":[26.148431,44.687728]},"properties":{"lines":"447, 447B","color":"#0059a9","mode":"bus","arr":["447","447B"],"angle":41.2,"extra":1}},{"type":"Feature","geometry":{"type":"Point","coordinates":[26.142266,44.689276]},"properties":{"lines":"447, 447B","color":"#0059a9","mode":"bus","arr":["447","447B"],"angle":5.6,"extra":1}},{"type":"Feature","geometry":{"type":"Point","coordinates":[26.135718,44.687804]},"properties":{"lines":"447, 447B","color":"#0059a9","mode":"bus","arr":["447","447B"],"angle":-20.5,"extra":1}},{"type":"Feature","geometry":{"type":"Point","coordinates":[26.129214,44.686102]},"properties":{"lines":"447, 447B","color":"#0059a9","mode":"bus","arr":["447","447B"],"angle":-19.9,"extra":1}},{"type":"Feature","geometry":{"type":"Point","coordinates":[26.122691,44.684451]},"properties":{"lines":"447, 447B","color":"#0059a9","mode":"bus","arr":["447","447B"],"angle":-7.6,"extra":1}},{"type":"Feature","geometry":{"type":"Point","coordinates":[26.117606,44.681442]},"properties":{"lines":"447, 447B","color":"#0059a9","mode":"bus","arr":["447","447B"],"angle":-70.4,"extra":1}},{"type":"Feature","geometry":{"type":"Point","coordinates":[26.112371,44.678285]},"properties":{"lines":"447, 447B","color":"#0059a9","mode":"bus","arr":["447","447B"],"angle":-36.9,"extra":1}},{"type":"Feature","geometry":{"type":"Point","coordinates":[26.106846,44.675302]},"properties":{"lines":"447, 447B","color":"#0059a9","mode":"bus","arr":["447","447B"],"angle":-37.1,"extra":1}},{"type":"Feature","geometry":{"type":"Point","coordinates":[26.101322,44.672318]},"properties":{"lines":"447, 447B","color":"#0059a9","mode":"bus","arr":["447","447B"],"angle":-37.1,"extra":1}},{"type":"Feature","geometry":{"type":"Point","coordinates":[26.095597,44.669653]},"properties":{"lines":"447, 447B","color":"#0059a9","mode":"bus","arr":["447","447B"],"angle":-6.4,"extra":1}},{"type":"Feature","geometry":{"type":"Point","coordinates":[26.088719,44.669069]},"properties":{"lines":"447, 447B","color":"#0059a9","mode":"bus","arr":["447","447B"],"angle":-7.2,"extra":1}},{"type":"Feature","geometry":{"type":"Point","coordinates":[26.081845,44.668456]},"properties":{"lines":"447, 447B","color":"#0059a9","mode":"bus","arr":["447","447B"],"angle":-6.7,"extra":1}},{"type":"Feature","geometry":{"type":"Point","coordinates":[26.205424,44.640596]},"properties":{"lines":"448, 477","color":"#0059a9","mode":"bus","arr":["448","477"],"angle":0.4}},{"type":"Feature","geometry":{"type":"Point","coordinates":[26.219,44.641522]},"properties":{"lines":"448, 477","color":"#0059a9","mode":"bus","arr":["448","477"],"angle":-20.5,"extra":1}},{"type":"Feature","geometry":{"type":"Point","coordinates":[26.212302,44.640555]},"properties":{"lines":"448, 477","color":"#0059a9","mode":"bus","arr":["448","477"],"angle":0.9,"extra":1}},{"type":"Feature","geometry":{"type":"Point","coordinates":[26.198922,44.640013]},"properties":{"lines":"448, 477","color":"#0059a9","mode":"bus","arr":["448","477"],"angle":-30.3,"extra":1}},{"type":"Feature","geometry":{"type":"Point","coordinates":[26.194154,44.636522]},"properties":{"lines":"448, 477","color":"#0059a9","mode":"bus","arr":["448","477"],"angle":-27.2,"extra":1}},{"type":"Feature","geometry":{"type":"Point","coordinates":[26.160004,44.628022]},"properties":{"lines":"448, 477","color":"#0059a9","mode":"bus","arr":["448","477"],"angle":-15.8}},{"type":"Feature","geometry":{"type":"Point","coordinates":[26.127601,44.621435]},"properties":{"lines":"448, 477","color":"#0059a9","mode":"bus","arr":["448","477"],"angle":-15.3,"extra":1}},{"type":"Feature","geometry":{"type":"Point","coordinates":[26.13428,44.622744]},"properties":{"lines":"448, 477","color":"#0059a9","mode":"bus","arr":["448","477"],"angle":-15.9,"extra":1}},{"type":"Feature","geometry":{"type":"Point","coordinates":[26.140939,44.624105]},"properties":{"lines":"448, 477","color":"#0059a9","mode":"bus","arr":["448","477"],"angle":-17.4,"extra":1}},{"type":"Feature","geometry":{"type":"Point","coordinates":[26.147526,44.625636]},"properties":{"lines":"448, 477","color":"#0059a9","mode":"bus","arr":["448","477"],"angle":-17.9,"extra":1}},{"type":"Feature","geometry":{"type":"Point","coordinates":[26.154131,44.627127]},"properties":{"lines":"448, 477","color":"#0059a9","mode":"bus","arr":["448","477"],"angle":-16.7,"extra":1}},{"type":"Feature","geometry":{"type":"Point","coordinates":[26.167719,44.627371]},"properties":{"lines":"448, 477","color":"#0059a9","mode":"bus","arr":["448","477"],"angle":8.3,"extra":1}},{"type":"Feature","geometry":{"type":"Point","coordinates":[26.17334,44.628231]},"properties":{"lines":"448, 477","color":"#0059a9","mode":"bus","arr":["448","477"],"angle":8.6,"extra":1}},{"type":"Feature","geometry":{"type":"Point","coordinates":[26.17734,44.6304]},"properties":{"lines":"448, 477","color":"#0059a9","mode":"bus","arr":["448","477"],"angle":-80.2,"extra":1}},{"type":"Feature","geometry":{"type":"Point","coordinates":[26.182434,44.633121]},"properties":{"lines":"448, 477","color":"#0059a9","mode":"bus","arr":["448","477"],"angle":-22.2,"extra":1}},{"type":"Feature","geometry":{"type":"Point","coordinates":[26.188858,44.634971]},"properties":{"lines":"448, 477","color":"#0059a9","mode":"bus","arr":["448","477"],"angle":-21.8,"extra":1}},{"type":"Feature","geometry":{"type":"Point","coordinates":[26.106119,44.622353]},"properties":{"lines":"448, 477","color":"#0059a9","mode":"bus","arr":["448","477"],"angle":-16.1,"extra":1}},{"type":"Feature","geometry":{"type":"Point","coordinates":[26.099478,44.620945]},"properties":{"lines":"448, 477","color":"#0059a9","mode":"bus","arr":["448","477"],"angle":-16.3,"extra":1}},{"type":"Feature","geometry":{"type":"Point","coordinates":[26.092829,44.619557]},"properties":{"lines":"448, 477","color":"#0059a9","mode":"bus","arr":["448","477"],"angle":-16.5,"extra":1}},{"type":"Feature","geometry":{"type":"Point","coordinates":[26.086527,44.617737]},"properties":{"lines":"448, 477","color":"#0059a9","mode":"bus","arr":["448","477"],"angle":-40.1,"extra":1}},{"type":"Feature","geometry":{"type":"Point","coordinates":[26.081241,44.614541]},"properties":{"lines":"448, 477","color":"#0059a9","mode":"bus","arr":["448","477"],"angle":-40.3,"extra":1}},{"type":"Feature","geometry":{"type":"Point","coordinates":[26.075929,44.611365]},"properties":{"lines":"448, 477","color":"#0059a9","mode":"bus","arr":["448","477"],"angle":-39.8,"extra":1}},{"type":"Feature","geometry":{"type":"Point","coordinates":[26.116796,44.621465]},"properties":{"lines":"448, 449, 477","color":"#0059a9","mode":"bus","arr":["448","449","477"],"angle":35.1}},{"type":"Feature","geometry":{"type":"Point","coordinates":[26.120912,44.620149]},"properties":{"lines":"448, 449, 477","color":"#0059a9","mode":"bus","arr":["448","449","477"],"angle":-10.9,"extra":1}},{"type":"Feature","geometry":{"type":"Point","coordinates":[26.133859,44.498699]},"properties":{"lines":"449, 450, 459, 488","color":"#0059a9","mode":"bus","arr":["449","450","459","488"],"angle":-55.5}},{"type":"Feature","geometry":{"type":"Point","coordinates":[26.135265,44.501738]},"properties":{"lines":"449, 450, 459, 488","color":"#0059a9","mode":"bus","arr":["449","450","459","488"],"angle":-73,"extra":1}},{"type":"Feature","geometry":{"type":"Point","coordinates":[26.137924,44.507975]},"properties":{"lines":"449, 450, 459, 473, 488","color":"#0059a9","mode":"bus","arr":["449","450","459","473","488"],"angle":-73.1}},{"type":"Feature","geometry":{"type":"Point","coordinates":[26.136686,44.505064]},"properties":{"lines":"449, 450, 459, 473, 488","color":"#0059a9","mode":"bus","arr":["449","450","459","473","488"],"angle":-73.1,"extra":1}},{"type":"Feature","geometry":{"type":"Point","coordinates":[26.310167,44.406731]},"properties":{"lines":"451","color":"#0059a9","mode":"bus","arr":["451"],"angle":43.3}},{"type":"Feature","geometry":{"type":"Point","coordinates":[26.32356,44.387005]},"properties":{"lines":"451","color":"#0059a9","mode":"bus","arr":["451"],"angle":-79.5,"extra":1}},{"type":"Feature","geometry":{"type":"Point","coordinates":[26.321346,44.391654]},"properties":{"lines":"451","color":"#0059a9","mode":"bus","arr":["451"],"angle":75,"extra":1}},{"type":"Feature","geometry":{"type":"Point","coordinates":[26.319785,44.396465]},"properties":{"lines":"451","color":"#0059a9","mode":"bus","arr":["451"],"angle":76.6,"extra":1}},{"type":"Feature","geometry":{"type":"Point","coordinates":[26.316797,44.400856]},"properties":{"lines":"451","color":"#0059a9","mode":"bus","arr":["451"],"angle":50.6,"extra":1}},{"type":"Feature","geometry":{"type":"Point","coordinates":[26.303615,44.410341]},"properties":{"lines":"451","color":"#0059a9","mode":"bus","arr":["451"],"angle":-22.4,"extra":1}},{"type":"Feature","geometry":{"type":"Point","coordinates":[26.29769,44.4123]},"properties":{"lines":"451","color":"#0059a9","mode":"bus","arr":["451"],"angle":56.9,"extra":1}},{"type":"Feature","geometry":{"type":"Point","coordinates":[26.292843,44.415334]},"properties":{"lines":"451","color":"#0059a9","mode":"bus","arr":["451"],"angle":-6.8,"extra":1}},{"type":"Feature","geometry":{"type":"Point","coordinates":[26.286221,44.414146]},"properties":{"lines":"451","color":"#0059a9","mode":"bus","arr":["451"],"angle":-4.1,"extra":1}},{"type":"Feature","geometry":{"type":"Point","coordinates":[26.25673,44.40893]},"properties":{"lines":"472","color":"#0059a9","mode":"bus","arr":["472"],"angle":4.1}},{"type":"Feature","geometry":{"type":"Point","coordinates":[26.235058,44.407363]},"properties":{"lines":"472","color":"#0059a9","mode":"bus","arr":["472"],"angle":-16.4,"extra":1}},{"type":"Feature","geometry":{"type":"Point","coordinates":[26.241745,44.408644]},"properties":{"lines":"472","color":"#0059a9","mode":"bus","arr":["472"],"angle":-10.5,"extra":1}},{"type":"Feature","geometry":{"type":"Point","coordinates":[26.248628,44.40912]},"properties":{"lines":"472","color":"#0059a9","mode":"bus","arr":["472"],"angle":-0.1,"extra":1}},{"type":"Feature","geometry":{"type":"Point","coordinates":[26.262456,44.408536]},"properties":{"lines":"472","color":"#0059a9","mode":"bus","arr":["472"],"angle":3.3,"extra":1}},{"type":"Feature","geometry":{"type":"Point","coordinates":[26.269375,44.408307]},"properties":{"lines":"472","color":"#0059a9","mode":"bus","arr":["472"],"angle":-0.2,"extra":1}},{"type":"Feature","geometry":{"type":"Point","coordinates":[26.277831,44.411402]},"properties":{"lines":"472","color":"#0059a9","mode":"bus","arr":["472"],"angle":-34.8,"extra":1}},{"type":"Feature","geometry":{"type":"Point","coordinates":[26.27347,44.408604]},"properties":{"lines":"472","color":"#0059a9","mode":"bus","arr":["472"],"angle":-7.1,"extra":1}},{"type":"Feature","geometry":{"type":"Point","coordinates":[26.252731,44.409126]},"properties":{"lines":"472","color":"#0059a9","mode":"bus","arr":["472"],"angle":3.4,"extra":1}},{"type":"Feature","geometry":{"type":"Point","coordinates":[26.266066,44.410045]},"properties":{"lines":"472","color":"#0059a9","mode":"bus","arr":["472"],"angle":31.6}},{"type":"Feature","geometry":{"type":"Point","coordinates":[26.255645,44.415822]},"properties":{"lines":"472","color":"#0059a9","mode":"bus","arr":["472"],"angle":32.1,"extra":1}},{"type":"Feature","geometry":{"type":"Point","coordinates":[26.261753,44.413581]},"properties":{"lines":"472","color":"#0059a9","mode":"bus","arr":["472"],"angle":34.1,"extra":1}},{"type":"Feature","geometry":{"type":"Point","coordinates":[26.272821,44.410636]},"properties":{"lines":"472","color":"#0059a9","mode":"bus","arr":["472"],"angle":-17.6,"extra":1}},{"type":"Feature","geometry":{"type":"Point","coordinates":[26.278359,44.411822]},"properties":{"lines":"472","color":"#0059a9","mode":"bus","arr":["472"],"angle":-35,"extra":1}},{"type":"Feature","geometry":{"type":"Point","coordinates":[26.259879,44.453276]},"properties":{"lines":"452, 457, 458","color":"#0059a9","mode":"bus","arr":["452","457","458"],"angle":-8.5}},{"type":"Feature","geometry":{"type":"Point","coordinates":[26.24191,44.451582]},"properties":{"lines":"452, 457, 458","color":"#0059a9","mode":"bus","arr":["452","457","458"],"angle":-7,"extra":1}},{"type":"Feature","geometry":{"type":"Point","coordinates":[26.248786,44.452181]},"properties":{"lines":"452, 457, 458","color":"#0059a9","mode":"bus","arr":["452","457","458"],"angle":-6.5,"extra":1}},{"type":"Feature","geometry":{"type":"Point","coordinates":[26.25565,44.452849]},"properties":{"lines":"452, 457, 458","color":"#0059a9","mode":"bus","arr":["452","457","458"],"angle":-7.5,"extra":1}},{"type":"Feature","geometry":{"type":"Point","coordinates":[26.269355,44.45429]},"properties":{"lines":"452, 457, 458","color":"#0059a9","mode":"bus","arr":["452","457","458"],"angle":-7.7,"extra":1}},{"type":"Feature","geometry":{"type":"Point","coordinates":[26.275851,44.455872]},"properties":{"lines":"452, 457, 458","color":"#0059a9","mode":"bus","arr":["452","457","458"],"angle":-16.4,"extra":1}},{"type":"Feature","geometry":{"type":"Point","coordinates":[26.304727,44.458948]},"properties":{"lines":"452, 458","color":"#0059a9","mode":"bus","arr":["452","458"],"angle":-12.9}},{"type":"Feature","geometry":{"type":"Point","coordinates":[26.284361,44.456134]},"properties":{"lines":"452, 458","color":"#0059a9","mode":"bus","arr":["452","458"],"angle":-0.2,"extra":1}},{"type":"Feature","geometry":{"type":"Point","coordinates":[26.291287,44.45618]},"properties":{"lines":"452, 458","color":"#0059a9","mode":"bus","arr":["452","458"],"angle":-0.7,"extra":1}},{"type":"Feature","geometry":{"type":"Point","coordinates":[26.297958,44.457318]},"properties":{"lines":"452, 458","color":"#0059a9","mode":"bus","arr":["452","458"],"angle":-23.5,"extra":1}},{"type":"Feature","geometry":{"type":"Point","coordinates":[26.311238,44.460038]},"properties":{"lines":"452, 458","color":"#0059a9","mode":"bus","arr":["452","458"],"angle":-13.2,"extra":1}},{"type":"Feature","geometry":{"type":"Point","coordinates":[26.317588,44.461603]},"properties":{"lines":"452, 458","color":"#0059a9","mode":"bus","arr":["452","458"],"angle":9.2,"extra":1}},{"type":"Feature","geometry":{"type":"Point","coordinates":[26.324221,44.461731]},"properties":{"lines":"452, 458","color":"#0059a9","mode":"bus","arr":["452","458"],"angle":-34.3,"extra":1}},{"type":"Feature","geometry":{"type":"Point","coordinates":[26.32785,44.462638]},"properties":{"lines":"452, 458","color":"#0059a9","mode":"bus","arr":["452","458"],"angle":-74.6}},{"type":"Feature","geometry":{"type":"Point","coordinates":[26.373785,44.46528]},"properties":{"lines":"452","color":"#0059a9","mode":"bus","arr":["452"],"angle":7.1}},{"type":"Feature","geometry":{"type":"Point","coordinates":[26.347096,44.464846]},"properties":{"lines":"452","color":"#0059a9","mode":"bus","arr":["452"],"angle":-10.6,"extra":1}},{"type":"Feature","geometry":{"type":"Point","coordinates":[26.34028,44.463966]},"properties":{"lines":"452","color":"#0059a9","mode":"bus","arr":["452"],"angle":-10,"extra":1}},{"type":"Feature","geometry":{"type":"Point","coordinates":[26.333461,44.463092]},"properties":{"lines":"452","color":"#0059a9","mode":"bus","arr":["452"],"angle":-10.3,"extra":1}},{"type":"Feature","geometry":{"type":"Point","coordinates":[26.354256,44.465767]},"properties":{"lines":"452","color":"#0059a9","mode":"bus","arr":["452"],"angle":-10.5,"extra":1}},{"type":"Feature","geometry":{"type":"Point","coordinates":[26.361093,44.466387]},"properties":{"lines":"452","color":"#0059a9","mode":"bus","arr":["452"],"angle":7,"extra":1}},{"type":"Feature","geometry":{"type":"Point","coordinates":[26.367969,44.465788]},"properties":{"lines":"452","color":"#0059a9","mode":"bus","arr":["452"],"angle":7,"extra":1}},{"type":"Feature","geometry":{"type":"Point","coordinates":[26.381727,44.464636]},"properties":{"lines":"452","color":"#0059a9","mode":"bus","arr":["452"],"angle":1.1,"extra":1}},{"type":"Feature","geometry":{"type":"Point","coordinates":[26.386049,44.46315]},"properties":{"lines":"452","color":"#0059a9","mode":"bus","arr":["452"],"angle":-87.5,"extra":1}},{"type":"Feature","geometry":{"type":"Point","coordinates":[26.385757,44.458208]},"properties":{"lines":"452","color":"#0059a9","mode":"bus","arr":["452"],"angle":-87.5,"extra":1}},{"type":"Feature","geometry":{"type":"Point","coordinates":[26.205467,44.449737]},"properties":{"lines":"454","color":"#0059a9","mode":"bus","arr":["454"],"angle":-82.9}},{"type":"Feature","geometry":{"type":"Point","coordinates":[26.209325,44.457863]},"properties":{"lines":"454","color":"#0059a9","mode":"bus","arr":["454"],"angle":-64.4}},{"type":"Feature","geometry":{"type":"Point","coordinates":[26.20631,44.453783]},"properties":{"lines":"454","color":"#0059a9","mode":"bus","arr":["454"],"angle":-61,"extra":1}},{"type":"Feature","geometry":{"type":"Point","coordinates":[26.211524,44.462873]},"properties":{"lines":"454","color":"#0059a9","mode":"bus","arr":["454"],"angle":-79.9,"extra":1}},{"type":"Feature","geometry":{"type":"Point","coordinates":[26.208363,44.450491]},"properties":{"lines":"454","color":"#0059a9","mode":"bus","arr":["454"],"angle":29.8,"extra":1}},{"type":"Feature","geometry":{"type":"Point","coordinates":[26.212124,44.464957]},"properties":{"lines":"454","color":"#0059a9","mode":"bus","arr":["454"],"angle":31.2}},{"type":"Feature","geometry":{"type":"Point","coordinates":[25.930823,44.560038]},"properties":{"lines":"462","color":"#0059a9","mode":"bus","arr":["462"],"angle":59.2}},{"type":"Feature","geometry":{"type":"Point","coordinates":[25.941,44.561859]},"properties":{"lines":"462","color":"#0059a9","mode":"bus","arr":["462"],"angle":40.1,"extra":1}},{"type":"Feature","geometry":{"type":"Point","coordinates":[25.936201,44.564523]},"properties":{"lines":"462","color":"#0059a9","mode":"bus","arr":["462"],"angle":5.9,"extra":1}},{"type":"Feature","geometry":{"type":"Point","coordinates":[25.931348,44.564354]},"properties":{"lines":"462","color":"#0059a9","mode":"bus","arr":["462"],"angle":57.2,"extra":1}},{"type":"Feature","geometry":{"type":"Point","coordinates":[25.926832,44.564938]},"properties":{"lines":"462","color":"#0059a9","mode":"bus","arr":["462"],"angle":62.1,"extra":1}},{"type":"Feature","geometry":{"type":"Point","coordinates":[25.93376,44.55638]},"properties":{"lines":"462","color":"#0059a9","mode":"bus","arr":["462"],"angle":60.1,"extra":1}},{"type":"Feature","geometry":{"type":"Point","coordinates":[25.937172,44.552076]},"properties":{"lines":"462","color":"#0059a9","mode":"bus","arr":["462"],"angle":60.3,"extra":1}},{"type":"Feature","geometry":{"type":"Point","coordinates":[25.940466,44.547725]},"properties":{"lines":"462","color":"#0059a9","mode":"bus","arr":["462"],"angle":61.3,"extra":1}},{"type":"Feature","geometry":{"type":"Point","coordinates":[25.943767,44.543376]},"properties":{"lines":"462","color":"#0059a9","mode":"bus","arr":["462"],"angle":61.7,"extra":1}},{"type":"Feature","geometry":{"type":"Point","coordinates":[25.946288,44.539877]},"properties":{"lines":"462","color":"#0059a9","mode":"bus","arr":["462"],"angle":4.4}},{"type":"Feature","geometry":{"type":"Point","coordinates":[26.05566,44.284771]},"properties":{"lines":"465","color":"#0059a9","mode":"bus","arr":["465"],"angle":-5.6}},{"type":"Feature","geometry":{"type":"Point","coordinates":[26.189048,44.488729]},"properties":{"lines":"467","color":"#0059a9","mode":"bus","arr":["467"],"angle":42}},{"type":"Feature","geometry":{"type":"Point","coordinates":[26.202111,44.497631]},"properties":{"lines":"467","color":"#0059a9","mode":"bus","arr":["467"],"angle":-33.6}},{"type":"Feature","geometry":{"type":"Point","coordinates":[26.202203,44.49813]},"properties":{"lines":"467","color":"#0059a9","mode":"bus","arr":["467"],"angle":-37.7}},{"type":"Feature","geometry":{"type":"Point","coordinates":[26.300958,44.63116]},"properties":{"lines":"468B","color":"#0059a9","mode":"bus","arr":["468B"],"angle":61.7}},{"type":"Feature","geometry":{"type":"Point","coordinates":[26.264575,44.615863]},"properties":{"lines":"468B","color":"#0059a9","mode":"bus","arr":["468B"],"angle":-27,"extra":1}},{"type":"Feature","geometry":{"type":"Point","coordinates":[26.270781,44.618061]},"properties":{"lines":"468B","color":"#0059a9","mode":"bus","arr":["468B"],"angle":-26.1,"extra":1}},{"type":"Feature","geometry":{"type":"Point","coordinates":[26.276991,44.620252]},"properties":{"lines":"468B","color":"#0059a9","mode":"bus","arr":["468B"],"angle":-26.3,"extra":1}},{"type":"Feature","geometry":{"type":"Point","coordinates":[26.283177,44.622477]},"properties":{"lines":"468B","color":"#0059a9","mode":"bus","arr":["468B"],"angle":-26.6,"extra":1}},{"type":"Feature","geometry":{"type":"Point","coordinates":[26.289382,44.624676]},"properties":{"lines":"468B","color":"#0059a9","mode":"bus","arr":["468B"],"angle":-26.1,"extra":1}},{"type":"Feature","geometry":{"type":"Point","coordinates":[26.295593,44.626864]},"properties":{"lines":"468B","color":"#0059a9","mode":"bus","arr":["468B"],"angle":-26.5,"extra":1}},{"type":"Feature","geometry":{"type":"Point","coordinates":[26.298579,44.633858]},"properties":{"lines":"468B","color":"#0059a9","mode":"bus","arr":["468B"],"angle":57.6,"extra":1}},{"type":"Feature","geometry":{"type":"Point","coordinates":[26.295951,44.638221]},"properties":{"lines":"468B","color":"#0059a9","mode":"bus","arr":["468B"],"angle":-67.7,"extra":1}},{"type":"Feature","geometry":{"type":"Point","coordinates":[26.298824,44.642721]},"properties":{"lines":"468B","color":"#0059a9","mode":"bus","arr":["468B"],"angle":-65.3,"extra":1}},{"type":"Feature","geometry":{"type":"Point","coordinates":[26.301682,44.647227]},"properties":{"lines":"468B","color":"#0059a9","mode":"bus","arr":["468B"],"angle":-65.6,"extra":1}},{"type":"Feature","geometry":{"type":"Point","coordinates":[26.304763,44.651406]},"properties":{"lines":"468B","color":"#0059a9","mode":"bus","arr":["468B"],"angle":75,"extra":1}},{"type":"Feature","geometry":{"type":"Point","coordinates":[26.302938,44.656176]},"properties":{"lines":"468B","color":"#0059a9","mode":"bus","arr":["468B"],"angle":73.8,"extra":1}},{"type":"Feature","geometry":{"type":"Point","coordinates":[26.301095,44.660944]},"properties":{"lines":"468B","color":"#0059a9","mode":"bus","arr":["468B"],"angle":74.1,"extra":1}},{"type":"Feature","geometry":{"type":"Point","coordinates":[26.322617,44.665646]},"properties":{"lines":"468B, 477","color":"#0059a9","mode":"bus","arr":["468B","477"],"angle":-17.4}},{"type":"Feature","geometry":{"type":"Point","coordinates":[26.304133,44.6622]},"properties":{"lines":"468B, 477","color":"#0059a9","mode":"bus","arr":["468B","477"],"angle":-5.4,"extra":1}},{"type":"Feature","geometry":{"type":"Point","coordinates":[26.311026,44.662686]},"properties":{"lines":"468B, 477","color":"#0059a9","mode":"bus","arr":["468B","477"],"angle":-13.4,"extra":1}},{"type":"Feature","geometry":{"type":"Point","coordinates":[26.317149,44.664987]},"properties":{"lines":"468B, 477","color":"#0059a9","mode":"bus","arr":["468B","477"],"angle":-17.3,"extra":1}},{"type":"Feature","geometry":{"type":"Point","coordinates":[26.33031,44.667742]},"properties":{"lines":"468B, 477","color":"#0059a9","mode":"bus","arr":["468B","477"],"angle":-26.1,"extra":1}},{"type":"Feature","geometry":{"type":"Point","coordinates":[26.336976,44.668503]},"properties":{"lines":"468B, 477","color":"#0059a9","mode":"bus","arr":["468B","477"],"angle":-0.3,"extra":1}},{"type":"Feature","geometry":{"type":"Point","coordinates":[26.34389,44.668804]},"properties":{"lines":"468B, 477","color":"#0059a9","mode":"bus","arr":["468B","477"],"angle":-20,"extra":1}},{"type":"Feature","geometry":{"type":"Point","coordinates":[26.143271,44.500289]},"properties":{"lines":"473","color":"#0059a9","mode":"bus","arr":["473"],"angle":4.4}},{"type":"Feature","geometry":{"type":"Point","coordinates":[26.138405,44.501747]},"properties":{"lines":"473","color":"#0059a9","mode":"bus","arr":["473"],"angle":17.2,"extra":1}},{"type":"Feature","geometry":{"type":"Point","coordinates":[26.146819,44.495686]},"properties":{"lines":"473","color":"#0059a9","mode":"bus","arr":["473"],"angle":-82.2,"extra":1}},{"type":"Feature","geometry":{"type":"Point","coordinates":[26.145859,44.494731]},"properties":{"lines":"473","color":"#0059a9","mode":"bus","arr":["473"],"angle":-47.5}},{"type":"Feature","geometry":{"type":"Point","coordinates":[26.178018,44.490847]},"properties":{"lines":"473","color":"#0059a9","mode":"bus","arr":["473"],"angle":33.5}},{"type":"Feature","geometry":{"type":"Point","coordinates":[26.181102,44.488778]},"properties":{"lines":"473","color":"#0059a9","mode":"bus","arr":["473"],"angle":45.3,"extra":1}},{"type":"Feature","geometry":{"type":"Point","coordinates":[26.168739,44.489837]},"properties":{"lines":"473","color":"#0059a9","mode":"bus","arr":["473"],"angle":32.5}},{"type":"Feature","geometry":{"type":"Point","coordinates":[26.175028,44.486822]},"properties":{"lines":"473","color":"#0059a9","mode":"bus","arr":["473"],"angle":32.7,"extra":1}},{"type":"Feature","geometry":{"type":"Point","coordinates":[26.165338,44.492634]},"properties":{"lines":"473","color":"#0059a9","mode":"bus","arr":["473"],"angle":-67.3,"extra":1}},{"type":"Feature","geometry":{"type":"Point","coordinates":[26.196342,44.286896]},"properties":{"lines":"475","color":"#0059a9","mode":"bus","arr":["475"],"angle":78.5}},{"type":"Feature","geometry":{"type":"Point","coordinates":[26.192714,44.294761]},"properties":{"lines":"475","color":"#0059a9","mode":"bus","arr":["475"],"angle":64.3,"extra":1}},{"type":"Feature","geometry":{"type":"Point","coordinates":[26.195418,44.29024]},"properties":{"lines":"475","color":"#0059a9","mode":"bus","arr":["475"],"angle":81.4,"extra":1}},{"type":"Feature","geometry":{"type":"Point","coordinates":[26.198235,44.280556]},"properties":{"lines":"475","color":"#0059a9","mode":"bus","arr":["475"],"angle":77.9,"extra":1}},{"type":"Feature","geometry":{"type":"Point","coordinates":[26.276681,44.660464]},"properties":{"lines":"477","color":"#0059a9","mode":"bus","arr":["477"],"angle":-3.8}},{"type":"Feature","geometry":{"type":"Point","coordinates":[26.297239,44.661758]},"properties":{"lines":"477","color":"#0059a9","mode":"bus","arr":["477"],"angle":8.4,"extra":1}},{"type":"Feature","geometry":{"type":"Point","coordinates":[26.290528,44.661892]},"properties":{"lines":"477","color":"#0059a9","mode":"bus","arr":["477"],"angle":-8.4,"extra":1}},{"type":"Feature","geometry":{"type":"Point","coordinates":[26.283982,44.661486]},"properties":{"lines":"477","color":"#0059a9","mode":"bus","arr":["477"],"angle":-23.2,"extra":1}},{"type":"Feature","geometry":{"type":"Point","coordinates":[26.272712,44.663567]},"properties":{"lines":"477","color":"#0059a9","mode":"bus","arr":["477"],"angle":58.4,"extra":1}},{"type":"Feature","geometry":{"type":"Point","coordinates":[26.267256,44.663488]},"properties":{"lines":"477","color":"#0059a9","mode":"bus","arr":["477"],"angle":-29.4,"extra":1}},{"type":"Feature","geometry":{"type":"Point","coordinates":[26.261222,44.661058]},"properties":{"lines":"477","color":"#0059a9","mode":"bus","arr":["477"],"angle":-29.4,"extra":1}},{"type":"Feature","geometry":{"type":"Point","coordinates":[25.987327,44.445299]},"properties":{"lines":"478, 483","color":"#0059a9","mode":"bus","arr":["478","483"],"angle":85.4}},{"type":"Feature","geometry":{"type":"Point","coordinates":[25.984112,44.449605]},"properties":{"lines":"478, 483","color":"#0059a9","mode":"bus","arr":["478","483"],"angle":14.5}},{"type":"Feature","geometry":{"type":"Point","coordinates":[25.983347,44.444033]},"properties":{"lines":"478","color":"#0059a9","mode":"bus","arr":["478"],"angle":77.6}},{"type":"Feature","geometry":{"type":"Point","coordinates":[26.002714,44.433303]},"properties":{"lines":"478","color":"#0059a9","mode":"bus","arr":["478"],"angle":0.1}},{"type":"Feature","geometry":{"type":"Point","coordinates":[26.196841,44.361565]},"properties":{"lines":"479","color":"#0059a9","mode":"bus","arr":["479"],"angle":37.8}},{"type":"Feature","geometry":{"type":"Point","coordinates":[26.196949,44.361626]},"properties":{"lines":"479","color":"#0059a9","mode":"bus","arr":["479"],"angle":37.9}},{"type":"Feature","geometry":{"type":"Point","coordinates":[26.20416,44.357497]},"properties":{"lines":"479","color":"#0059a9","mode":"bus","arr":["479"],"angle":37.7,"extra":1}},{"type":"Feature","geometry":{"type":"Point","coordinates":[26.22404,44.346387]},"properties":{"lines":"479","color":"#0059a9","mode":"bus","arr":["479"],"angle":38.6}},{"type":"Feature","geometry":{"type":"Point","coordinates":[26.237915,44.338464]},"properties":{"lines":"479","color":"#0059a9","mode":"bus","arr":["479"],"angle":38.6,"extra":1}},{"type":"Feature","geometry":{"type":"Point","coordinates":[26.232502,44.34155]},"properties":{"lines":"479","color":"#0059a9","mode":"bus","arr":["479"],"angle":38.5,"extra":1}},{"type":"Feature","geometry":{"type":"Point","coordinates":[26.227092,44.34464]},"properties":{"lines":"479","color":"#0059a9","mode":"bus","arr":["479"],"angle":38.8,"extra":1}},{"type":"Feature","geometry":{"type":"Point","coordinates":[26.216251,44.350799]},"properties":{"lines":"479","color":"#0059a9","mode":"bus","arr":["479"],"angle":38.1,"extra":1}},{"type":"Feature","geometry":{"type":"Point","coordinates":[26.210811,44.353861]},"properties":{"lines":"479","color":"#0059a9","mode":"bus","arr":["479"],"angle":37.9,"extra":1}},{"type":"Feature","geometry":{"type":"Point","coordinates":[26.203174,44.405495]},"properties":{"lines":"480, N111","color":"#0059a9","mode":"bus","arr":["480","N111"],"angle":22.5}},{"type":"Feature","geometry":{"type":"Point","coordinates":[26.202035,44.401827]},"properties":{"lines":"480","color":"#0059a9","mode":"bus","arr":["480"],"angle":-78.3}},{"type":"Feature","geometry":{"type":"Point","coordinates":[26.201882,44.39817]},"properties":{"lines":"480","color":"#0059a9","mode":"bus","arr":["480"],"angle":-80.8,"extra":1}},{"type":"Feature","geometry":{"type":"Point","coordinates":[26.183502,44.393946]},"properties":{"lines":"480","color":"#0059a9","mode":"bus","arr":["480"],"angle":87}},{"type":"Feature","geometry":{"type":"Point","coordinates":[26.205179,44.390151]},"properties":{"lines":"480","color":"#0059a9","mode":"bus","arr":["480"],"angle":15}},{"type":"Feature","geometry":{"type":"Point","coordinates":[26.206565,44.379696]},"properties":{"lines":"480","color":"#0059a9","mode":"bus","arr":["480"],"angle":-66,"extra":1}},{"type":"Feature","geometry":{"type":"Point","coordinates":[26.206871,44.386388]},"properties":{"lines":"480","color":"#0059a9","mode":"bus","arr":["480"],"angle":38.3,"extra":1}},{"type":"Feature","geometry":{"type":"Point","coordinates":[26.197252,44.389837]},"properties":{"lines":"480","color":"#0059a9","mode":"bus","arr":["480"],"angle":-5.1,"extra":1}},{"type":"Feature","geometry":{"type":"Point","coordinates":[26.190355,44.38938]},"properties":{"lines":"480","color":"#0059a9","mode":"bus","arr":["480"],"angle":-4.4,"extra":1}},{"type":"Feature","geometry":{"type":"Point","coordinates":[26.183456,44.388947]},"properties":{"lines":"480","color":"#0059a9","mode":"bus","arr":["480"],"angle":-4.6,"extra":1}},{"type":"Feature","geometry":{"type":"Point","coordinates":[26.173439,44.383125]},"properties":{"lines":"480","color":"#0059a9","mode":"bus","arr":["480"],"angle":-45.1}},{"type":"Feature","geometry":{"type":"Point","coordinates":[26.156089,44.374996]},"properties":{"lines":"480","color":"#0059a9","mode":"bus","arr":["480"],"angle":-65}},{"type":"Feature","geometry":{"type":"Point","coordinates":[26.16627,44.385997]},"properties":{"lines":"480","color":"#0059a9","mode":"bus","arr":["480"],"angle":-33.8,"extra":1}},{"type":"Feature","geometry":{"type":"Point","coordinates":[26.161045,44.383265]},"properties":{"lines":"480","color":"#0059a9","mode":"bus","arr":["480"],"angle":-67.8,"extra":1}},{"type":"Feature","geometry":{"type":"Point","coordinates":[26.158447,44.378687]},"properties":{"lines":"480","color":"#0059a9","mode":"bus","arr":["480"],"angle":-65.7,"extra":1}},{"type":"Feature","geometry":{"type":"Point","coordinates":[26.152655,44.369701]},"properties":{"lines":"480","color":"#0059a9","mode":"bus","arr":["480"],"angle":-65.3,"extra":1}},{"type":"Feature","geometry":{"type":"Point","coordinates":[26.149758,44.365208]},"properties":{"lines":"480","color":"#0059a9","mode":"bus","arr":["480"],"angle":-65.2,"extra":1}},{"type":"Feature","geometry":{"type":"Point","coordinates":[26.150666,44.360887]},"properties":{"lines":"480","color":"#0059a9","mode":"bus","arr":["480"],"angle":62.1,"extra":1}},{"type":"Feature","geometry":{"type":"Point","coordinates":[26.172138,44.385548]},"properties":{"lines":"480","color":"#0059a9","mode":"bus","arr":["480"],"angle":28.6}},{"type":"Feature","geometry":{"type":"Point","coordinates":[26.182462,44.391597]},"properties":{"lines":"480","color":"#0059a9","mode":"bus","arr":["480"],"angle":-81.9}},{"type":"Feature","geometry":{"type":"Point","coordinates":[26.202045,44.396329]},"properties":{"lines":"480","color":"#0059a9","mode":"bus","arr":["480"],"angle":86.1}},{"type":"Feature","geometry":{"type":"Point","coordinates":[26.203626,44.405991]},"properties":{"lines":"480, 627, N111","color":"#0059a9","mode":"bus","arr":["480","627","N111"],"angle":-75.9}},{"type":"Feature","geometry":{"type":"Point","coordinates":[26.010778,44.380131]},"properties":{"lines":"481, 482","color":"#0059a9","mode":"bus","arr":["481","482"],"angle":-33.7}},{"type":"Feature","geometry":{"type":"Point","coordinates":[26.004534,44.37886]},"properties":{"lines":"481, 482","color":"#0059a9","mode":"bus","arr":["481","482"],"angle":62.6,"extra":1}},{"type":"Feature","geometry":{"type":"Point","coordinates":[26.015844,44.382353]},"properties":{"lines":"481, 482","color":"#0059a9","mode":"bus","arr":["481","482"],"angle":-29.3,"extra":1}},{"type":"Feature","geometry":{"type":"Point","coordinates":[26.009518,44.389383]},"properties":{"lines":"481, 482","color":"#0059a9","mode":"bus","arr":["481","482"],"angle":62.3}},{"type":"Feature","geometry":{"type":"Point","coordinates":[26.004599,44.389496]},"properties":{"lines":"481, 482","color":"#0059a9","mode":"bus","arr":["481","482"],"angle":-21.6}},{"type":"Feature","geometry":{"type":"Point","coordinates":[26.000871,44.382905]},"properties":{"lines":"481","color":"#0059a9","mode":"bus","arr":["481"],"angle":59.5}},{"type":"Feature","geometry":{"type":"Point","coordinates":[26.023276,44.385608]},"properties":{"lines":"481","color":"#0059a9","mode":"bus","arr":["481"],"angle":54.6}},{"type":"Feature","geometry":{"type":"Point","coordinates":[26.02075,44.388341]},"properties":{"lines":"481","color":"#0059a9","mode":"bus","arr":["481"],"angle":59.3,"extra":1}},{"type":"Feature","geometry":{"type":"Point","coordinates":[26.010451,44.384096]},"properties":{"lines":"482","color":"#0059a9","mode":"bus","arr":["482"],"angle":-29.9}},{"type":"Feature","geometry":{"type":"Point","coordinates":[26.00593,44.382271]},"properties":{"lines":"482","color":"#0059a9","mode":"bus","arr":["482"],"angle":-29.7,"extra":1}},{"type":"Feature","geometry":{"type":"Point","coordinates":[26.013157,44.377797]},"properties":{"lines":"482","color":"#0059a9","mode":"bus","arr":["482"],"angle":-38.7}},{"type":"Feature","geometry":{"type":"Point","coordinates":[26.017246,44.380103]},"properties":{"lines":"482","color":"#0059a9","mode":"bus","arr":["482"],"angle":-37.8,"extra":1}},{"type":"Feature","geometry":{"type":"Point","coordinates":[26.006871,44.378451]},"properties":{"lines":"482","color":"#0059a9","mode":"bus","arr":["482"],"angle":53,"extra":1}},{"type":"Feature","geometry":{"type":"Point","coordinates":[26.006477,44.386353]},"properties":{"lines":"482","color":"#0059a9","mode":"bus","arr":["482"],"angle":-21.1}},{"type":"Feature","geometry":{"type":"Point","coordinates":[26.002298,44.385144]},"properties":{"lines":"482","color":"#0059a9","mode":"bus","arr":["482"],"angle":-23.1,"extra":1}},{"type":"Feature","geometry":{"type":"Point","coordinates":[26.004183,44.387882]},"properties":{"lines":"482","color":"#0059a9","mode":"bus","arr":["482"],"angle":66.9}},{"type":"Feature","geometry":{"type":"Point","coordinates":[26.001476,44.385588]},"properties":{"lines":"482","color":"#0059a9","mode":"bus","arr":["482"],"angle":-25.1}},{"type":"Feature","geometry":{"type":"Point","coordinates":[25.977993,44.441379]},"properties":{"lines":"483","color":"#0059a9","mode":"bus","arr":["483"],"angle":-3.5}},{"type":"Feature","geometry":{"type":"Point","coordinates":[25.982275,44.44158]},"properties":{"lines":"483","color":"#0059a9","mode":"bus","arr":["483"],"angle":-3.7,"extra":1}},{"type":"Feature","geometry":{"type":"Point","coordinates":[25.99886,44.446811]},"properties":{"lines":"483","color":"#0059a9","mode":"bus","arr":["483"],"angle":17.5}},{"type":"Feature","geometry":{"type":"Point","coordinates":[26.000722,44.449416]},"properties":{"lines":"483","color":"#0059a9","mode":"bus","arr":["483"],"angle":-50.9,"extra":1}},{"type":"Feature","geometry":{"type":"Point","coordinates":[25.99084,44.448368]},"properties":{"lines":"483","color":"#0059a9","mode":"bus","arr":["483"],"angle":15.7,"extra":1}},{"type":"Feature","geometry":{"type":"Point","coordinates":[25.991892,44.449758]},"properties":{"lines":"483","color":"#0059a9","mode":"bus","arr":["483"],"angle":-48.5}},{"type":"Feature","geometry":{"type":"Point","coordinates":[25.988121,44.448875]},"properties":{"lines":"483","color":"#0059a9","mode":"bus","arr":["483"],"angle":14.4,"extra":1}},{"type":"Feature","geometry":{"type":"Point","coordinates":[25.975956,44.451069]},"properties":{"lines":"483","color":"#0059a9","mode":"bus","arr":["483"],"angle":13.5}},{"type":"Feature","geometry":{"type":"Point","coordinates":[25.971142,44.451857]},"properties":{"lines":"483","color":"#0059a9","mode":"bus","arr":["483"],"angle":14,"extra":1}},{"type":"Feature","geometry":{"type":"Point","coordinates":[26.057848,44.405461]},"properties":{"lines":"484","color":"#0059a9","mode":"bus","arr":["484"],"angle":-73.5}},{"type":"Feature","geometry":{"type":"Point","coordinates":[26.043513,44.351687]},"properties":{"lines":"487","color":"#0059a9","mode":"bus","arr":["487"],"angle":65.5}},{"type":"Feature","geometry":{"type":"Point","coordinates":[26.037026,44.353474]},"properties":{"lines":"487","color":"#0059a9","mode":"bus","arr":["487"],"angle":21,"extra":1}},{"type":"Feature","geometry":{"type":"Point","coordinates":[26.047488,44.349087]},"properties":{"lines":"487","color":"#0059a9","mode":"bus","arr":["487"],"angle":20.8,"extra":1}},{"type":"Feature","geometry":{"type":"Point","coordinates":[26.050835,44.347875]},"properties":{"lines":"487","color":"#0059a9","mode":"bus","arr":["487"],"angle":-3}},{"type":"Feature","geometry":{"type":"Point","coordinates":[26.118438,44.452232]},"properties":{"lines":"605","color":"#0059a9","mode":"bus","arr":["605"],"angle":15}},{"type":"Feature","geometry":{"type":"Point","coordinates":[26.108466,44.452876]},"properties":{"lines":"605","color":"#0059a9","mode":"bus","arr":["605"],"angle":0.9,"extra":1}},{"type":"Feature","geometry":{"type":"Point","coordinates":[26.113476,44.446912]},"properties":{"lines":"605","color":"#0059a9","mode":"bus","arr":["605"],"angle":-47.2,"extra":1}},{"type":"Feature","geometry":{"type":"Point","coordinates":[26.07373,44.452839]},"properties":{"lines":"610","color":"#0059a9","mode":"bus","arr":["610"],"angle":9.6}},{"type":"Feature","geometry":{"type":"Point","coordinates":[26.062403,44.429983]},"properties":{"lines":"610, N10","color":"#0059a9","mode":"bus","arr":["610","N10"],"angle":84.1}},{"type":"Feature","geometry":{"type":"Point","coordinates":[26.173819,44.414772]},"properties":{"lines":"619","color":"#0059a9","mode":"bus","arr":["619"],"angle":-64.1}},{"type":"Feature","geometry":{"type":"Point","coordinates":[26.172719,44.411334]},"properties":{"lines":"619","color":"#0059a9","mode":"bus","arr":["619"],"angle":-77.4,"extra":1}},{"type":"Feature","geometry":{"type":"Point","coordinates":[26.179318,44.427277]},"properties":{"lines":"619, N122","color":"#0059a9","mode":"bus","arr":["619","N122"],"angle":7.7}},{"type":"Feature","geometry":{"type":"Point","coordinates":[26.168155,44.412103]},"properties":{"lines":"619, 627, N111","color":"#0059a9","mode":"bus","arr":["619","627","N111"],"angle":21.3}},{"type":"Feature","geometry":{"type":"Point","coordinates":[26.183132,44.409397]},"properties":{"lines":"627, N111","color":"#0059a9","mode":"bus","arr":["627","N111"],"angle":12.1}},{"type":"Feature","geometry":{"type":"Point","coordinates":[26.190253,44.408276]},"properties":{"lines":"627, N111","color":"#0059a9","mode":"bus","arr":["627","N111"],"angle":12.6,"extra":1}},{"type":"Feature","geometry":{"type":"Point","coordinates":[26.176712,44.410368]},"properties":{"lines":"627, N111","color":"#0059a9","mode":"bus","arr":["627","N111"],"angle":11.8,"extra":1}},{"type":"Feature","geometry":{"type":"Point","coordinates":[26.093947,44.429948]},"properties":{"lines":"City Tour","color":"#0059a9","mode":"bus","arr":["City Tour"],"angle":5.5}},{"type":"Feature","geometry":{"type":"Point","coordinates":[26.078404,44.425563]},"properties":{"lines":"City Tour","color":"#0059a9","mode":"bus","arr":["City Tour"],"angle":70.9}},{"type":"Feature","geometry":{"type":"Point","coordinates":[26.121125,44.39415]},"properties":{"lines":"N1, N106","color":"#0059a9","mode":"bus","arr":["N1","N106"],"angle":59.9}},{"type":"Feature","geometry":{"type":"Point","coordinates":[26.184315,44.44014]},"properties":{"lines":"N102","color":"#0059a9","mode":"bus","arr":["N102"],"angle":-66}},{"type":"Feature","geometry":{"type":"Point","coordinates":[26.138884,44.385972]},"properties":{"lines":"N106","color":"#0059a9","mode":"bus","arr":["N106"],"angle":65.6}},{"type":"Feature","geometry":{"type":"Point","coordinates":[26.168661,44.480614]},"properties":{"lines":"N108","color":"#0059a9","mode":"bus","arr":["N108"],"angle":63.4}},{"type":"Feature","geometry":{"type":"Point","coordinates":[26.109331,44.431128]},"properties":{"lines":"N109","color":"#0059a9","mode":"bus","arr":["N109"],"angle":-33.9}},{"type":"Feature","geometry":{"type":"Point","coordinates":[26.041306,44.398083]},"properties":{"lines":"N114","color":"#0059a9","mode":"bus","arr":["N114"],"angle":61.3}},{"type":"Feature","geometry":{"type":"Point","coordinates":[26.040983,44.398679]},"properties":{"lines":"N114","color":"#0059a9","mode":"bus","arr":["N114"],"angle":67.2}},{"type":"Feature","geometry":{"type":"Point","coordinates":[26.096272,44.437138]},"properties":{"lines":"N121","color":"#0059a9","mode":"bus","arr":["N121"],"angle":23.7}},{"type":"Feature","geometry":{"type":"Point","coordinates":[26.119133,44.389173]},"properties":{"lines":"243","color":"#0059a9","mode":"bus","arr":["243"],"angle":-89.7}},{"type":"Feature","geometry":{"type":"Point","coordinates":[26.239177,44.516738]},"properties":{"lines":"411, 412","color":"#0059a9","mode":"bus","arr":["411","412"],"angle":-35.9}},{"type":"Feature","geometry":{"type":"Point","coordinates":[25.963952,44.356331]},"properties":{"lines":"421","color":"#0059a9","mode":"bus","arr":["421"],"angle":-39.1}},{"type":"Feature","geometry":{"type":"Point","coordinates":[25.96308,44.356358]},"properties":{"lines":"421","color":"#0059a9","mode":"bus","arr":["421"],"angle":-27.3}},{"type":"Feature","geometry":{"type":"Point","coordinates":[26.003115,44.432548]},"properties":{"lines":"478","color":"#0059a9","mode":"bus","arr":["478"],"angle":87.5}},{"type":"Feature","geometry":{"type":"Point","coordinates":[26.133196,44.388708]},"properties":{"lines":"1, 10","color":"#d6212b","mode":"tram","arr":["1","10","232","438","439","440","475","479","N1","N10","N106"],"busLines":"232, 438, 439, 440, 475, 479, N1, N10, N106","angle":30.8}},{"type":"Feature","geometry":{"type":"Point","coordinates":[26.142473,44.384797]},"properties":{"lines":"1, 10","color":"#d6212b","mode":"tram","arr":["1","10","232","438","439","440","475","479","N1","N10","N106"],"busLines":"232, 438, 439, 440, 475, 479, N1, N10, N106","angle":27.4,"extra":1}},{"type":"Feature","geometry":{"type":"Point","coordinates":[26.136502,44.387303]},"properties":{"lines":"1, 10","color":"#d6212b","mode":"tram","arr":["1","10","232","438","439","440","475","479","N1","N10","N106"],"busLines":"232, 438, 439, 440, 475, 479, N1, N10, N106","angle":30.5,"extra":1}},{"type":"Feature","geometry":{"type":"Point","coordinates":[26.124601,44.392368]},"properties":{"lines":"1, 10","color":"#d6212b","mode":"tram","arr":["1","10","232","438","439","440","475","479","N1","N10","N106"],"busLines":"232, 438, 439, 440, 475, 479, N1, N10, N106","angle":30.7,"extra":1}},{"type":"Feature","geometry":{"type":"Point","coordinates":[26.133386,44.388592]},"properties":{"lines":"1, 10","color":"#d6212b","mode":"tram","arr":["1","10","232","438","439","440","475","479","N1","N10","N106"],"busLines":"232, 438, 439, 440, 475, 479, N1, N10, N106","angle":30.8}},{"type":"Feature","geometry":{"type":"Point","coordinates":[26.123789,44.392681]},"properties":{"lines":"1, 10","color":"#d6212b","mode":"tram","arr":["1","10","232","438","439","440","475","479","N1","N10","N106"],"busLines":"232, 438, 439, 440, 475, 479, N1, N10, N106","angle":30.4,"extra":1}},{"type":"Feature","geometry":{"type":"Point","coordinates":[26.129737,44.390146]},"properties":{"lines":"1, 10","color":"#d6212b","mode":"tram","arr":["1","10","232","438","439","440","475","479","N1","N10","N106"],"busLines":"232, 438, 439, 440, 475, 479, N1, N10, N106","angle":30.8,"extra":1}},{"type":"Feature","geometry":{"type":"Point","coordinates":[26.141649,44.385095]},"properties":{"lines":"1, 10","color":"#d6212b","mode":"tram","arr":["1","10","232","438","439","440","475","479","N1","N10","N106"],"busLines":"232, 438, 439, 440, 475, 479, N1, N10, N106","angle":29.8,"extra":1}},{"type":"Feature","geometry":{"type":"Point","coordinates":[26.121227,44.406417]},"properties":{"lines":"1","color":"#d6212b","mode":"tram","arr":["1","72","73","74","76","312","381","N1","N10","N105","N106"],"busLines":"72, 73, 74, 76, 312, 381, N1, N10, N105, N106","angle":-88.7}},{"type":"Feature","geometry":{"type":"Point","coordinates":[26.120824,44.396328]},"properties":{"lines":"1","color":"#d6212b","mode":"tram","arr":["1","72","73","74","76","312","381","N1","N10","N105","N106"],"busLines":"72, 73, 74, 76, 312, 381, N1, N10, N105, N106","angle":-88,"extra":1}},{"type":"Feature","geometry":{"type":"Point","coordinates":[26.121022,44.401272]},"properties":{"lines":"1","color":"#d6212b","mode":"tram","arr":["1","72","73","74","76","312","381","N1","N10","N105","N106"],"busLines":"72, 73, 74, 76, 312, 381, N1, N10, N105, N106","angle":-88.3,"extra":1}},{"type":"Feature","geometry":{"type":"Point","coordinates":[26.124409,44.410242]},"properties":{"lines":"1","color":"#d6212b","mode":"tram","arr":["1","72","73","74","76","312","381","N1","N10","N105","N106"],"busLines":"72, 73, 74, 76, 312, 381, N1, N10, N105, N106","angle":-36.4,"extra":1}},{"type":"Feature","geometry":{"type":"Point","coordinates":[26.129969,44.413192]},"properties":{"lines":"1","color":"#d6212b","mode":"tram","arr":["1","72","73","74","76","312","381","N1","N10","N105","N106"],"busLines":"72, 73, 74, 76, 312, 381, N1, N10, N105, N106","angle":-36.6,"extra":1}},{"type":"Feature","geometry":{"type":"Point","coordinates":[26.139311,44.43101]},"properties":{"lines":"1","color":"#d6212b","mode":"tram","arr":["1","104","135","311","330","627","N1","N10"],"busLines":"104, 135, 311, 330, 627, N1, N10","angle":77.7}},{"type":"Feature","geometry":{"type":"Point","coordinates":[26.137153,44.422427]},"properties":{"lines":"1","color":"#d6212b","mode":"tram","arr":["1","104","135","311","330","627","N1","N10"],"busLines":"104, 135, 311, 330, 627, N1, N10","angle":-82.8,"extra":1}},{"type":"Feature","geometry":{"type":"Point","coordinates":[26.138239,44.427293]},"properties":{"lines":"1","color":"#d6212b","mode":"tram","arr":["1","104","135","311","330","627","N1","N10"],"busLines":"104, 135, 311, 330, 627, N1, N10","angle":-72.8,"extra":1}},{"type":"Feature","geometry":{"type":"Point","coordinates":[26.136706,44.436737]},"properties":{"lines":"1","color":"#d6212b","mode":"tram","arr":["1","104","135","311","330","627","N1","N10"],"busLines":"104, 135, 311, 330, 627, N1, N10","angle":75.3,"extra":1}},{"type":"Feature","geometry":{"type":"Point","coordinates":[26.133562,44.441095]},"properties":{"lines":"1","color":"#d6212b","mode":"tram","arr":["1","104","135","311","330","627","N1","N10"],"busLines":"104, 135, 311, 330, 627, N1, N10","angle":50.8,"extra":1}},{"type":"Feature","geometry":{"type":"Point","coordinates":[26.088885,44.452305]},"properties":{"lines":"1","color":"#d6212b","mode":"tram","arr":["1","182","196","282","335","610","N1","N10"],"busLines":"182, 196, 282, 335, 610, N1, N10","angle":-8.9}},{"type":"Feature","geometry":{"type":"Point","coordinates":[26.10174,44.453025]},"properties":{"lines":"1","color":"#d6212b","mode":"tram","arr":["1","182","196","282","335","610","N1","N10"],"busLines":"182, 196, 282, 335, 610, N1, N10","angle":0.4,"extra":1}},{"type":"Feature","geometry":{"type":"Point","coordinates":[26.094825,44.452826]},"properties":{"lines":"1","color":"#d6212b","mode":"tram","arr":["1","182","196","282","335","610","N1","N10"],"busLines":"182, 196, 282, 335, 610, N1, N10","angle":-5.2,"extra":1}},{"type":"Feature","geometry":{"type":"Point","coordinates":[26.081037,44.452139]},"properties":{"lines":"1","color":"#d6212b","mode":"tram","arr":["1","182","196","282","335","610","N1","N10"],"busLines":"182, 196, 282, 335, 610, N1, N10","angle":-0.5,"extra":1}},{"type":"Feature","geometry":{"type":"Point","coordinates":[26.074408,44.452915]},"properties":{"lines":"1","color":"#d6212b","mode":"tram","arr":["1","182","196","282","335","610","N1","N10"],"busLines":"182, 196, 282, 335, 610, N1, N10","angle":50.5,"extra":1}},{"type":"Feature","geometry":{"type":"Point","coordinates":[26.089689,44.452364]},"properties":{"lines":"1","color":"#d6212b","mode":"tram","arr":["1","182","335","N1","N10"],"busLines":"182, 335, N1, N10","angle":-8.7}},{"type":"Feature","geometry":{"type":"Point","coordinates":[26.077657,44.452107]},"properties":{"lines":"1","color":"#d6212b","mode":"tram","arr":["1","182","335","N1","N10"],"busLines":"182, 335, N1, N10","angle":1.5,"extra":1}},{"type":"Feature","geometry":{"type":"Point","coordinates":[26.084583,44.452098]},"properties":{"lines":"1","color":"#d6212b","mode":"tram","arr":["1","182","335","N1","N10"],"busLines":"182, 335, N1, N10","angle":0.5,"extra":1}},{"type":"Feature","geometry":{"type":"Point","coordinates":[26.098358,44.453006]},"properties":{"lines":"1","color":"#d6212b","mode":"tram","arr":["1","182","335","N1","N10"],"busLines":"182, 335, N1, N10","angle":-1.3,"extra":1}},{"type":"Feature","geometry":{"type":"Point","coordinates":[26.138847,44.430794]},"properties":{"lines":"1","color":"#d6212b","mode":"tram","arr":["1","104","135","311","330","627","N1","N10"],"busLines":"104, 135, 311, 330, 627, N1, N10","angle":76.1}},{"type":"Feature","geometry":{"type":"Point","coordinates":[26.135502,44.438857]},"properties":{"lines":"1","color":"#d6212b","mode":"tram","arr":["1","104","135","311","330","627","N1","N10"],"busLines":"104, 135, 311, 330, 627, N1, N10","angle":62.4,"extra":1}},{"type":"Feature","geometry":{"type":"Point","coordinates":[26.137518,44.43416]},"properties":{"lines":"1","color":"#d6212b","mode":"tram","arr":["1","104","135","311","330","627","N1","N10"],"busLines":"104, 135, 311, 330, 627, N1, N10","angle":77.8,"extra":1}},{"type":"Feature","geometry":{"type":"Point","coordinates":[26.137394,44.424559]},"properties":{"lines":"1","color":"#d6212b","mode":"tram","arr":["1","104","135","311","330","627","N1","N10"],"busLines":"104, 135, 311, 330, 627, N1, N10","angle":-86.6,"extra":1}},{"type":"Feature","geometry":{"type":"Point","coordinates":[26.121189,44.406469]},"properties":{"lines":"1","color":"#d6212b","mode":"tram","arr":["1","72","73","74","76","312","381","N1","N10","N105","N106"],"busLines":"72, 73, 74, 76, 312, 381, N1, N10, N105, N106","angle":-89.1}},{"type":"Feature","geometry":{"type":"Point","coordinates":[26.13039,44.413454]},"properties":{"lines":"1","color":"#d6212b","mode":"tram","arr":["1","72","73","74","76","312","381","N1","N10","N105","N106"],"busLines":"72, 73, 74, 76, 312, 381, N1, N10, N105, N106","angle":-37.9,"extra":1}},{"type":"Feature","geometry":{"type":"Point","coordinates":[26.124835,44.4105]},"properties":{"lines":"1","color":"#d6212b","mode":"tram","arr":["1","72","73","74","76","312","381","N1","N10","N105","N106"],"busLines":"72, 73, 74, 76, 312, 381, N1, N10, N105, N106","angle":-36.4,"extra":1}},{"type":"Feature","geometry":{"type":"Point","coordinates":[26.121003,44.401698]},"properties":{"lines":"1","color":"#d6212b","mode":"tram","arr":["1","72","73","74","76","312","381","N1","N10","N105","N106"],"busLines":"72, 73, 74, 76, 312, 381, N1, N10, N105, N106","angle":-88.3,"extra":1}},{"type":"Feature","geometry":{"type":"Point","coordinates":[26.120807,44.396754]},"properties":{"lines":"1","color":"#d6212b","mode":"tram","arr":["1","72","73","74","76","312","381","N1","N10","N105","N106"],"busLines":"72, 73, 74, 76, 312, 381, N1, N10, N105, N106","angle":-88.2,"extra":1}},{"type":"Feature","geometry":{"type":"Point","coordinates":[26.1351,44.417421]},"properties":{"lines":"1, 23","color":"#d6212b","mode":"tram","arr":["1","23","135","619","N1","N10"],"busLines":"135, 619, N1, N10","angle":-64}},{"type":"Feature","geometry":{"type":"Point","coordinates":[26.1351,44.417471]},"properties":{"lines":"1, 23","color":"#d6212b","mode":"tram","arr":["1","23","135","619","N1","N10"],"busLines":"135, 619, N1, N10","angle":-64.4}},{"type":"Feature","geometry":{"type":"Point","coordinates":[26.122604,44.451079]},"properties":{"lines":"1, 5","color":"#d6212b","mode":"tram","arr":["1","5","86","101","335","382","605","N1","N10","N120"],"busLines":"86, 101, 335, 382, 605, N1, N10, N120","angle":38}},{"type":"Feature","geometry":{"type":"Point","coordinates":[26.130636,44.442901]},"properties":{"lines":"1, 5","color":"#d6212b","mode":"tram","arr":["1","5","86","101","335","382","605","N1","N10","N120"],"busLines":"86, 101, 335, 382, 605, N1, N10, N120","angle":38.6,"extra":1}},{"type":"Feature","geometry":{"type":"Point","coordinates":[26.126399,44.446715]},"properties":{"lines":"1, 5","color":"#d6212b","mode":"tram","arr":["1","5","86","101","335","382","605","N1","N10","N120"],"busLines":"86, 101, 335, 382, 605, N1, N10, N120","angle":72.3,"extra":1}},{"type":"Feature","geometry":{"type":"Point","coordinates":[26.116615,44.452565]},"properties":{"lines":"1, 5","color":"#d6212b","mode":"tram","arr":["1","5","86","101","335","382","605","N1","N10","N120"],"busLines":"86, 101, 335, 382, 605, N1, N10, N120","angle":7.5,"extra":1}},{"type":"Feature","geometry":{"type":"Point","coordinates":[26.109717,44.452948]},"properties":{"lines":"1, 5","color":"#d6212b","mode":"tram","arr":["1","5","86","101","335","382","605","N1","N10","N120"],"busLines":"86, 101, 335, 382, 605, N1, N10, N120","angle":1,"extra":1}},{"type":"Feature","geometry":{"type":"Point","coordinates":[26.122825,44.45092]},"properties":{"lines":"1, 5","color":"#d6212b","mode":"tram","arr":["1","5","86","101","335","382","409","409B","411","412","413","417","467","468","468B","605","N1","N10","N120"],"busLines":"86, 101, 335, 382, 409, 409B, 411, 412, 413, 417, 467, 468 +5","angle":39.7}},{"type":"Feature","geometry":{"type":"Point","coordinates":[26.10863,44.452933]},"properties":{"lines":"1, 5","color":"#d6212b","mode":"tram","arr":["1","5","86","101","335","382","409","409B","411","412","413","417","467","468","468B","605","N1","N10","N120"],"busLines":"86, 101, 335, 382, 409, 409B, 411, 412, 413, 417, 467, 468 +5","angle":0.9,"extra":1}},{"type":"Feature","geometry":{"type":"Point","coordinates":[26.115537,44.452639]},"properties":{"lines":"1, 5","color":"#d6212b","mode":"tram","arr":["1","5","86","101","335","382","409","409B","411","412","413","417","467","468","468B","605","N1","N10","N120"],"busLines":"86, 101, 335, 382, 409, 409B, 411, 412, 413, 417, 467, 468 +5","angle":7.7,"extra":1}},{"type":"Feature","geometry":{"type":"Point","coordinates":[26.126084,44.447408]},"properties":{"lines":"1, 5","color":"#d6212b","mode":"tram","arr":["1","5","86","101","335","382","409","409B","411","412","413","417","467","468","468B","605","N1","N10","N120"],"busLines":"86, 101, 335, 382, 409, 409B, 411, 412, 413, 417, 467, 468 +5","angle":75.6,"extra":1}},{"type":"Feature","geometry":{"type":"Point","coordinates":[26.129784,44.443345]},"properties":{"lines":"1, 5","color":"#d6212b","mode":"tram","arr":["1","5","86","101","335","382","409","409B","411","412","413","417","467","468","468B","605","N1","N10","N120"],"busLines":"86, 101, 335, 382, 409, 409B, 411, 412, 413, 417, 467, 468 +5","angle":38.7,"extra":1}},{"type":"Feature","geometry":{"type":"Point","coordinates":[26.080078,44.495081]},"properties":{"lines":"5","color":"#d6212b","mode":"tram","arr":["5","112","135","182","205","282","290","301","301B","343","449","459","N103","N119"],"busLines":"112, 135, 182, 205, 282, 290, 301, 301B, 343, 449, 459, N103, N119","angle":-50.7}},{"type":"Feature","geometry":{"type":"Point","coordinates":[26.105336,44.455282]},"properties":{"lines":"5","color":"#d6212b","mode":"tram","arr":["5","112","135","182","205","282","290","301","301B","343","449","459","N103","N119"],"busLines":"112, 135, 182, 205, 282, 290, 301, 301B, 343, 449, 459, N103, N119","angle":-77.2,"extra":1}},{"type":"Feature","geometry":{"type":"Point","coordinates":[26.106851,44.460108]},"properties":{"lines":"5","color":"#d6212b","mode":"tram","arr":["5","112","135","182","205","282","290","301","301B","343","449","459","N103","N119"],"busLines":"112, 135, 182, 205, 282, 290, 301, 301B, 343, 449, 459, N103, N119","angle":-78.1,"extra":1}},{"type":"Feature","geometry":{"type":"Point","coordinates":[26.108347,44.464937]},"properties":{"lines":"5","color":"#d6212b","mode":"tram","arr":["5","112","135","182","205","282","290","301","301B","343","449","459","N103","N119"],"busLines":"112, 135, 182, 205, 282, 290, 301, 301B, 343, 449, 459, N103, N119","angle":-77.4,"extra":1}},{"type":"Feature","geometry":{"type":"Point","coordinates":[26.109843,44.469766]},"properties":{"lines":"5","color":"#d6212b","mode":"tram","arr":["5","112","135","182","205","282","290","301","301B","343","449","459","N103","N119"],"busLines":"112, 135, 182, 205, 282, 290, 301, 301B, 343, 449, 459, N103, N119","angle":-86.5,"extra":1}},{"type":"Feature","geometry":{"type":"Point","coordinates":[26.107615,44.474433]},"properties":{"lines":"5","color":"#d6212b","mode":"tram","arr":["5","112","135","182","205","282","290","301","301B","343","449","459","N103","N119"],"busLines":"112, 135, 182, 205, 282, 290, 301, 301B, 343, 449, 459, N103, N119","angle":69.5,"extra":1}},{"type":"Feature","geometry":{"type":"Point","coordinates":[26.104503,44.478804]},"properties":{"lines":"5","color":"#d6212b","mode":"tram","arr":["5","112","135","182","205","282","290","301","301B","343","449","459","N103","N119"],"busLines":"112, 135, 182, 205, 282, 290, 301, 301B, 343, 449, 459, N103, N119","angle":47.1,"extra":1}},{"type":"Feature","geometry":{"type":"Point","coordinates":[26.099706,44.482371]},"properties":{"lines":"5","color":"#d6212b","mode":"tram","arr":["5","112","135","182","205","282","290","301","301B","343","449","459","N103","N119"],"busLines":"112, 135, 182, 205, 282, 290, 301, 301B, 343, 449, 459, N103, N119","angle":44.7,"extra":1}},{"type":"Feature","geometry":{"type":"Point","coordinates":[26.094795,44.485859]},"properties":{"lines":"5","color":"#d6212b","mode":"tram","arr":["5","112","135","182","205","282","290","301","301B","343","449","459","N103","N119"],"busLines":"112, 135, 182, 205, 282, 290, 301, 301B, 343, 449, 459, N103, N119","angle":44.7,"extra":1}},{"type":"Feature","geometry":{"type":"Point","coordinates":[26.09101,44.489761]},"properties":{"lines":"5","color":"#d6212b","mode":"tram","arr":["5","112","135","182","205","282","290","301","301B","343","449","459","N103","N119"],"busLines":"112, 135, 182, 205, 282, 290, 301, 301B, 343, 449, 459, N103, N119","angle":70.1,"extra":1}},{"type":"Feature","geometry":{"type":"Point","coordinates":[26.086349,44.493355]},"properties":{"lines":"5","color":"#d6212b","mode":"tram","arr":["5","112","135","182","205","282","290","301","301B","343","449","459","N103","N119"],"busLines":"112, 135, 182, 205, 282, 290, 301, 301B, 343, 449, 459, N103, N119","angle":33.6,"extra":1}},{"type":"Feature","geometry":{"type":"Point","coordinates":[26.158482,44.442806]},"properties":{"lines":"5","color":"#d6212b","mode":"tram","arr":["5","101","104","143","253","335","407","451","452","457","458","N102"],"busLines":"101, 104, 143, 253, 335, 407, 451, 452, 457, 458, N102","angle":6.5}},{"type":"Feature","geometry":{"type":"Point","coordinates":[26.136862,44.441597]},"properties":{"lines":"5","color":"#d6212b","mode":"tram","arr":["5","101","104","143","253","335","407","451","452","457","458","N102"],"busLines":"101, 104, 143, 253, 335, 407, 451, 452, 457, 458, N102","angle":-8.9,"extra":1}},{"type":"Feature","geometry":{"type":"Point","coordinates":[26.143697,44.442402]},"properties":{"lines":"5","color":"#d6212b","mode":"tram","arr":["5","101","104","143","253","335","407","451","452","457","458","N102"],"busLines":"101, 104, 143, 253, 335, 407, 451, 452, 457, 458, N102","angle":-8.9,"extra":1}},{"type":"Feature","geometry":{"type":"Point","coordinates":[26.150538,44.443175]},"properties":{"lines":"5","color":"#d6212b","mode":"tram","arr":["5","101","104","143","253","335","407","451","452","457","458","N102"],"busLines":"101, 104, 143, 253, 335, 407, 451, 452, 457, 458, N102","angle":-7.5,"extra":1}},{"type":"Feature","geometry":{"type":"Point","coordinates":[26.164324,44.442546]},"properties":{"lines":"5","color":"#d6212b","mode":"tram","arr":["5","101","104","143","253","335","407","451","452","457","458","N102"],"busLines":"101, 104, 143, 253, 335, 407, 451, 452, 457, 458, N102","angle":1.8,"extra":1}},{"type":"Feature","geometry":{"type":"Point","coordinates":[26.171226,44.442143]},"properties":{"lines":"5","color":"#d6212b","mode":"tram","arr":["5","101","104","143","253","335","407","451","452","457","458","N102"],"busLines":"101, 104, 143, 253, 335, 407, 451, 452, 457, 458, N102","angle":5.2,"extra":1}},{"type":"Feature","geometry":{"type":"Point","coordinates":[26.178053,44.44136]},"properties":{"lines":"5","color":"#d6212b","mode":"tram","arr":["5","101","104","143","253","335","407","451","452","457","458","N102"],"busLines":"101, 104, 143, 253, 335, 407, 451, 452, 457, 458, N102","angle":12.6,"extra":1}},{"type":"Feature","geometry":{"type":"Point","coordinates":[26.158293,44.442858]},"properties":{"lines":"5","color":"#d6212b","mode":"tram","arr":["5","101","102","103","104","143","246","253","335","407","451","452","454","457","458","N102"],"busLines":"101, 102, 103, 104, 143, 246, 253, 335, 407, 451, 452, 454 +3","angle":6.6}},{"type":"Feature","geometry":{"type":"Point","coordinates":[26.179914,44.441087]},"properties":{"lines":"5","color":"#d6212b","mode":"tram","arr":["5","101","102","103","104","143","246","253","335","407","451","452","454","457","458","N102"],"busLines":"101, 102, 103, 104, 143, 246, 253, 335, 407, 451, 452, 454 +3","angle":12.6,"extra":1}},{"type":"Feature","geometry":{"type":"Point","coordinates":[26.173126,44.442044]},"properties":{"lines":"5","color":"#d6212b","mode":"tram","arr":["5","101","102","103","104","143","246","253","335","407","451","452","454","457","458","N102"],"busLines":"101, 102, 103, 104, 143, 246, 253, 335, 407, 451, 452, 454 +3","angle":5.2,"extra":1}},{"type":"Feature","geometry":{"type":"Point","coordinates":[26.16623,44.442507]},"properties":{"lines":"5","color":"#d6212b","mode":"tram","arr":["5","101","102","103","104","143","246","253","335","407","451","452","454","457","458","N102"],"busLines":"101, 102, 103, 104, 143, 246, 253, 335, 407, 451, 452, 454 +3","angle":4.5,"extra":1}},{"type":"Feature","geometry":{"type":"Point","coordinates":[26.152433,44.443338]},"properties":{"lines":"5","color":"#d6212b","mode":"tram","arr":["5","101","102","103","104","143","246","253","335","407","451","452","454","457","458","N102"],"busLines":"101, 102, 103, 104, 143, 246, 253, 335, 407, 451, 452, 454 +3","angle":2.9,"extra":1}},{"type":"Feature","geometry":{"type":"Point","coordinates":[26.145585,44.442631]},"properties":{"lines":"5","color":"#d6212b","mode":"tram","arr":["5","101","102","103","104","143","246","253","335","407","451","452","454","457","458","N102"],"busLines":"101, 102, 103, 104, 143, 246, 253, 335, 407, 451, 452, 454 +3","angle":-8.5,"extra":1}},{"type":"Feature","geometry":{"type":"Point","coordinates":[26.138745,44.441848]},"properties":{"lines":"5","color":"#d6212b","mode":"tram","arr":["5","101","102","103","104","143","246","253","335","407","451","452","454","457","458","N102"],"busLines":"101, 102, 103, 104, 143, 246, 253, 335, 407, 451, 452, 454 +3","angle":-9.4,"extra":1}},{"type":"Feature","geometry":{"type":"Point","coordinates":[26.09041,44.373725]},"properties":{"lines":"7, 25","color":"#d6212b","mode":"tram","arr":["7","25","102","116","216","N107"],"busLines":"102, 116, 216, N107","angle":-79.5}},{"type":"Feature","geometry":{"type":"Point","coordinates":[26.089664,44.370898]},"properties":{"lines":"7, 25","color":"#d6212b","mode":"tram","arr":["7","25","102","116","216","N107"],"busLines":"102, 116, 216, N107","angle":-79,"extra":1}},{"type":"Feature","geometry":{"type":"Point","coordinates":[26.097294,44.403213]},"properties":{"lines":"7, 25","color":"#d6212b","mode":"tram","arr":["7","25","116","141","232","323","619","N1","N107","N112"],"busLines":"116, 141, 232, 323, 619, N1, N107, N112","angle":87.1}},{"type":"Feature","geometry":{"type":"Point","coordinates":[26.097303,44.402277]},"properties":{"lines":"7, 25","color":"#d6212b","mode":"tram","arr":["7","25","116","141","232","323","619","N1","N107","N112"],"busLines":"116, 141, 232, 323, 619, N1, N107, N112","angle":88.4}},{"type":"Feature","geometry":{"type":"Point","coordinates":[26.090559,44.374413]},"properties":{"lines":"7, 25","color":"#d6212b","mode":"tram","arr":["7","25","102","116","216","N107"],"busLines":"102, 116, 216, N107","angle":-79.2}},{"type":"Feature","geometry":{"type":"Point","coordinates":[26.089835,44.371695]},"properties":{"lines":"7, 25","color":"#d6212b","mode":"tram","arr":["7","25","102","116","216","N107"],"busLines":"102, 116, 216, N107","angle":-79.3,"extra":1}},{"type":"Feature","geometry":{"type":"Point","coordinates":[26.092984,44.391028]},"properties":{"lines":"7, 25, 54","color":"#d6212b","mode":"tram","arr":["7","25","54","323","619","N107"],"busLines":"323, 619, N107","angle":-71.5}},{"type":"Feature","geometry":{"type":"Point","coordinates":[26.092382,44.381418]},"properties":{"lines":"7, 25, 54","color":"#d6212b","mode":"tram","arr":["7","25","54","323","619","N107"],"busLines":"323, 619, N107","angle":-88.5,"extra":1}},{"type":"Feature","geometry":{"type":"Point","coordinates":[26.092188,44.386362]},"properties":{"lines":"7, 25, 54","color":"#d6212b","mode":"tram","arr":["7","25","54","323","619","N107"],"busLines":"323, 619, N107","angle":88.2,"extra":1}},{"type":"Feature","geometry":{"type":"Point","coordinates":[26.095232,44.3959]},"properties":{"lines":"7, 25, 54","color":"#d6212b","mode":"tram","arr":["7","25","54","323","619","N107"],"busLines":"323, 619, N107","angle":-71.9,"extra":1}},{"type":"Feature","geometry":{"type":"Point","coordinates":[26.09723,44.400631]},"properties":{"lines":"7, 25, 54","color":"#d6212b","mode":"tram","arr":["7","25","54","323","619","N107"],"busLines":"323, 619, N107","angle":-82.2,"extra":1}},{"type":"Feature","geometry":{"type":"Point","coordinates":[26.092535,44.390147]},"properties":{"lines":"7, 25, 54","color":"#d6212b","mode":"tram","arr":["7","25","54","323","N107"],"busLines":"323, N107","angle":-71.8}},{"type":"Feature","geometry":{"type":"Point","coordinates":[26.096392,44.398482]},"properties":{"lines":"7, 25, 54","color":"#d6212b","mode":"tram","arr":["7","25","54","323","N107"],"busLines":"323, N107","angle":-71.6,"extra":1}},{"type":"Feature","geometry":{"type":"Point","coordinates":[26.094217,44.393785]},"properties":{"lines":"7, 25, 54","color":"#d6212b","mode":"tram","arr":["7","25","54","323","N107"],"busLines":"323, N107","angle":-71.9,"extra":1}},{"type":"Feature","geometry":{"type":"Point","coordinates":[26.09224,44.384137]},"properties":{"lines":"7, 25, 54","color":"#d6212b","mode":"tram","arr":["7","25","54","323","N107"],"busLines":"323, N107","angle":88.4,"extra":1}},{"type":"Feature","geometry":{"type":"Point","coordinates":[26.091836,44.379223]},"properties":{"lines":"7, 25, 54","color":"#d6212b","mode":"tram","arr":["7","25","54","323","N107"],"busLines":"323, N107","angle":-79.2,"extra":1}},{"type":"Feature","geometry":{"type":"Point","coordinates":[26.092851,44.407257]},"properties":{"lines":"7, 10, 25","color":"#d6212b","mode":"tram","arr":["7","10","25","116","141","232","323","619","N1","N10","N107","N112"],"busLines":"116, 141, 232, 323, 619, N1, N10, N107, N112","angle":40.3}},{"type":"Feature","geometry":{"type":"Point","coordinates":[26.092749,44.407278]},"properties":{"lines":"7, 10, 25","color":"#d6212b","mode":"tram","arr":["7","10","25","116","141","232","323","619","N1","N10","N107","N112"],"busLines":"116, 141, 232, 323, 619, N1, N10, N107, N112","angle":40.8}},{"type":"Feature","geometry":{"type":"Point","coordinates":[26.092301,44.415128]},"properties":{"lines":"7","color":"#d6212b","mode":"tram","arr":["7","196","N107"],"busLines":"196, N107","angle":-48.9}},{"type":"Feature","geometry":{"type":"Point","coordinates":[26.092299,44.415168]},"properties":{"lines":"7","color":"#d6212b","mode":"tram","arr":["7","196","N107"],"busLines":"196, N107","angle":-50}},{"type":"Feature","geometry":{"type":"Point","coordinates":[26.095815,44.421548]},"properties":{"lines":"7, 23, 27","color":"#d6212b","mode":"tram","arr":["7","23","27"],"angle":-75.3}},{"type":"Feature","geometry":{"type":"Point","coordinates":[26.095752,44.421577]},"properties":{"lines":"7, 23, 27","color":"#d6212b","mode":"tram","arr":["7","23","27"],"angle":-76.3}},{"type":"Feature","geometry":{"type":"Point","coordinates":[26.098451,44.425645]},"properties":{"lines":"7, 27, 32, 54","color":"#d6212b","mode":"tram","arr":["7","27","32","54","117","N114","N118"],"busLines":"117, N114, N118","angle":-36}},{"type":"Feature","geometry":{"type":"Point","coordinates":[26.097862,44.425388]},"properties":{"lines":"7, 27, 32, 54","color":"#d6212b","mode":"tram","arr":["7","27","32","54","117","N114","N118"],"busLines":"117, N114, N118","angle":-36}},{"type":"Feature","geometry":{"type":"Point","coordinates":[26.110548,44.397905]},"properties":{"lines":"10","color":"#d6212b","mode":"tram","arr":["10","116","141","232","N1","N10","N112"],"busLines":"116, 141, 232, N1, N10, N112","angle":28.4}},{"type":"Feature","geometry":{"type":"Point","coordinates":[26.117917,44.395087]},"properties":{"lines":"10","color":"#d6212b","mode":"tram","arr":["10","116","141","232","N1","N10","N112"],"busLines":"116, 141, 232, N1, N10, N112","angle":28.3,"extra":1}},{"type":"Feature","geometry":{"type":"Point","coordinates":[26.105694,44.399741]},"properties":{"lines":"10","color":"#d6212b","mode":"tram","arr":["10","116","141","232","N1","N10","N112"],"busLines":"116, 141, 232, N1, N10, N112","angle":21.8,"extra":1}},{"type":"Feature","geometry":{"type":"Point","coordinates":[26.098559,44.402143]},"properties":{"lines":"10","color":"#d6212b","mode":"tram","arr":["10","116","141","232","323","619","N1","N10","N107","N112"],"busLines":"116, 141, 232, 323, 619, N1, N10, N107, N112","angle":58.1}},{"type":"Feature","geometry":{"type":"Point","coordinates":[26.0582,44.418154]},"properties":{"lines":"10","color":"#d6212b","mode":"tram","arr":["10","122","226","232","385","426","427","428","484","N101"],"busLines":"122, 226, 232, 385, 426, 427, 428, 484, N101","angle":-23.4}},{"type":"Feature","geometry":{"type":"Point","coordinates":[26.067125,44.421173]},"properties":{"lines":"10","color":"#d6212b","mode":"tram","arr":["10","122","226","232","385","426","427","428","484","N101"],"busLines":"122, 226, 232, 385, 426, 427, 428, 484, N101","angle":-27.6,"extra":1}},{"type":"Feature","geometry":{"type":"Point","coordinates":[26.054546,44.417032]},"properties":{"lines":"10","color":"#d6212b","mode":"tram","arr":["10","122","226","232","385","426","427","428","484","N101"],"busLines":"122, 226, 232, 385, 426, 427, 428, 484, N101","angle":-23.4,"extra":1}},{"type":"Feature","geometry":{"type":"Point","coordinates":[26.048023,44.415474]},"properties":{"lines":"10","color":"#d6212b","mode":"tram","arr":["10","122","226","232","385","426","427","428","484","N101"],"busLines":"122, 226, 232, 385, 426, 427, 428, 484, N101","angle":-8,"extra":1}},{"type":"Feature","geometry":{"type":"Point","coordinates":[26.058426,44.418192]},"properties":{"lines":"10","color":"#d6212b","mode":"tram","arr":["10","122","185","226","232","385","422","423","425","425B","426","427","428","484","N101"],"busLines":"122, 185, 226, 232, 385, 422, 423, 425, 425B, 426, 427, 428, 484, N101","angle":-23.7}},{"type":"Feature","geometry":{"type":"Point","coordinates":[26.049569,44.415602]},"properties":{"lines":"10","color":"#d6212b","mode":"tram","arr":["10","122","185","226","232","385","422","423","425","425B","426","427","428","484","N101"],"busLines":"122, 185, 226, 232, 385, 422, 423, 425, 425B, 426, 427, 428, 484, N101","angle":-8.6,"extra":1}},{"type":"Feature","geometry":{"type":"Point","coordinates":[26.062294,44.419477]},"properties":{"lines":"10","color":"#d6212b","mode":"tram","arr":["10","122","185","226","232","385","422","423","425","425B","426","427","428","484","N101"],"busLines":"122, 185, 226, 232, 385, 422, 423, 425, 425B, 426, 427, 428, 484, N101","angle":-25.3,"extra":1}},{"type":"Feature","geometry":{"type":"Point","coordinates":[26.068503,44.421666]},"properties":{"lines":"10","color":"#d6212b","mode":"tram","arr":["10","122","185","226","232","385","422","423","425","425B","426","427","428","484","N101"],"busLines":"122, 185, 226, 232, 385, 422, 423, 425, 425B, 426, 427, 428, 484, N101","angle":-28.2,"extra":1}},{"type":"Feature","geometry":{"type":"Point","coordinates":[26.097541,44.403254]},"properties":{"lines":"10","color":"#d6212b","mode":"tram","arr":["10","116","141","232","323","619","N1","N10","N107","N112"],"busLines":"116, 141, 232, 323, 619, N1, N10, N107, N112","angle":56.6}},{"type":"Feature","geometry":{"type":"Point","coordinates":[26.079884,44.414529]},"properties":{"lines":"10, 25","color":"#d6212b","mode":"tram","arr":["10","25","N1","N10"],"busLines":"N1, N10","angle":50}},{"type":"Feature","geometry":{"type":"Point","coordinates":[26.087136,44.409389]},"properties":{"lines":"10, 25","color":"#d6212b","mode":"tram","arr":["10","25","N1","N10"],"busLines":"N1, N10","angle":-56.7,"extra":1}},{"type":"Feature","geometry":{"type":"Point","coordinates":[26.082473,44.412354]},"properties":{"lines":"10, 25","color":"#d6212b","mode":"tram","arr":["10","25","N1","N10"],"busLines":"N1, N10","angle":49.2,"extra":1}},{"type":"Feature","geometry":{"type":"Point","coordinates":[26.073365,44.419805]},"properties":{"lines":"10, 25","color":"#d6212b","mode":"tram","arr":["10","25","N1","N10"],"busLines":"N1, N10","angle":45.8,"extra":1}},{"type":"Feature","geometry":{"type":"Point","coordinates":[26.074449,44.418956]},"properties":{"lines":"10, 25","color":"#d6212b","mode":"tram","arr":["10","25","N1","N10"],"busLines":"N1, N10","angle":46.9}},{"type":"Feature","geometry":{"type":"Point","coordinates":[26.077254,44.416684]},"properties":{"lines":"10, 25","color":"#d6212b","mode":"tram","arr":["10","25","N1","N10"],"busLines":"N1, N10","angle":49.2,"extra":1}},{"type":"Feature","geometry":{"type":"Point","coordinates":[26.086848,44.419627]},"properties":{"lines":"23, 32, 54","color":"#d6212b","mode":"tram","arr":["23","32","54","117","N114","N118"],"busLines":"117, N114, N118","angle":-36.2}},{"type":"Feature","geometry":{"type":"Point","coordinates":[26.081258,44.417187]},"properties":{"lines":"23, 32, 54","color":"#d6212b","mode":"tram","arr":["23","32","54","117","N114","N118"],"busLines":"117, N114, N118","angle":-43.7,"extra":1}},{"type":"Feature","geometry":{"type":"Point","coordinates":[26.092709,44.422659]},"properties":{"lines":"23, 32, 54","color":"#d6212b","mode":"tram","arr":["23","32","54","117","N114","N118"],"busLines":"117, N114, N118","angle":-35.3,"extra":1}},{"type":"Feature","geometry":{"type":"Point","coordinates":[26.084295,44.418378]},"properties":{"lines":"23, 32, 54","color":"#d6212b","mode":"tram","arr":["23","32","54","117","232","N114","N118"],"busLines":"117, 232, N114, N118","angle":-26.2}},{"type":"Feature","geometry":{"type":"Point","coordinates":[26.092193,44.422439]},"properties":{"lines":"23, 32, 54","color":"#d6212b","mode":"tram","arr":["23","32","54","117","232","N114","N118"],"busLines":"117, 232, N114, N118","angle":-35.9,"extra":1}},{"type":"Feature","geometry":{"type":"Point","coordinates":[26.080802,44.416915]},"properties":{"lines":"23, 32, 54","color":"#d6212b","mode":"tram","arr":["23","32","54","117","232","N114","N118"],"busLines":"117, 232, N114, N118","angle":-41.9,"extra":1}},{"type":"Feature","geometry":{"type":"Point","coordinates":[26.075245,44.413969]},"properties":{"lines":"23, 32, 54","color":"#d6212b","mode":"tram","arr":["23","32","54","117","232","N114","N118"],"busLines":"117, 232, N114, N118","angle":-36.8,"extra":1}},{"type":"Feature","geometry":{"type":"Point","coordinates":[26.098457,44.402216]},"properties":{"lines":"10, 54","color":"#d6212b","mode":"tram","arr":["10","54","116","141","232","619","N1","N10","N112"],"busLines":"116, 141, 232, 619, N1, N10, N112","angle":58.7}},{"type":"Feature","geometry":{"type":"Point","coordinates":[26.130055,44.456982]},"properties":{"lines":"21","color":"#d6212b","mode":"tram","arr":["21","409B","66","69","85","90","101","143","182","253","282","311","343","382","409","411","412","413","417","467","468","468B","605","655","N102","N103","N108","N120"],"busLines":"409B, 66, 69, 85, 90, 101, 143, 182, 253, 282, 311, 343 +15","angle":-64.1}},{"type":"Feature","geometry":{"type":"Point","coordinates":[26.106619,44.432791]},"properties":{"lines":"21","color":"#d6212b","mode":"tram","arr":["21","409B","66","69","85","90","101","143","182","253","282","311","343","382","409","411","412","413","417","467","468","468B","605","655","N102","N103","N108","N120"],"busLines":"409B, 66, 69, 85, 90, 101, 143, 182, 253, 282, 311, 343 +15","angle":-58.5,"extra":1}},{"type":"Feature","geometry":{"type":"Point","coordinates":[26.110976,44.436295]},"properties":{"lines":"21","color":"#d6212b","mode":"tram","arr":["21","409B","66","69","85","90","101","143","182","253","282","311","343","382","409","411","412","413","417","467","468","468B","605","655","N102","N103","N108","N120"],"busLines":"409B, 66, 69, 85, 90, 101, 143, 182, 253, 282, 311, 343 +15","angle":-27.8,"extra":1}},{"type":"Feature","geometry":{"type":"Point","coordinates":[26.115861,44.439557]},"properties":{"lines":"21","color":"#d6212b","mode":"tram","arr":["21","409B","66","69","85","90","101","143","182","253","282","311","343","382","409","411","412","413","417","467","468","468B","605","655","N102","N103","N108","N120"],"busLines":"409B, 66, 69, 85, 90, 101, 143, 182, 253, 282, 311, 343 +15","angle":-56.5,"extra":1}},{"type":"Feature","geometry":{"type":"Point","coordinates":[26.119532,44.44375]},"properties":{"lines":"21","color":"#d6212b","mode":"tram","arr":["21","409B","66","69","85","90","101","143","182","253","282","311","343","382","409","411","412","413","417","467","468","468B","605","655","N102","N103","N108","N120"],"busLines":"409B, 66, 69, 85, 90, 101, 143, 182, 253, 282, 311, 343 +15","angle":-58.8,"extra":1}},{"type":"Feature","geometry":{"type":"Point","coordinates":[26.123384,44.447858]},"properties":{"lines":"21","color":"#d6212b","mode":"tram","arr":["21","409B","66","69","85","90","101","143","182","253","282","311","343","382","409","411","412","413","417","467","468","468B","605","655","N102","N103","N108","N120"],"busLines":"409B, 66, 69, 85, 90, 101, 143, 182, 253, 282, 311, 343 +15","angle":-60.2,"extra":1}},{"type":"Feature","geometry":{"type":"Point","coordinates":[26.126593,44.45216]},"properties":{"lines":"21","color":"#d6212b","mode":"tram","arr":["21","409B","66","69","85","90","101","143","182","253","282","311","343","382","409","411","412","413","417","467","468","468B","605","655","N102","N103","N108","N120"],"busLines":"409B, 66, 69, 85, 90, 101, 143, 182, 253, 282, 311, 343 +15","angle":-62.6,"extra":1}},{"type":"Feature","geometry":{"type":"Point","coordinates":[26.132657,44.461048]},"properties":{"lines":"21","color":"#d6212b","mode":"tram","arr":["21","409B","66","69","85","90","101","143","182","253","282","311","343","382","409","411","412","413","417","467","468","468B","605","655","N102","N103","N108","N120"],"busLines":"409B, 66, 69, 85, 90, 101, 143, 182, 253, 282, 311, 343 +15","angle":-72,"extra":1}},{"type":"Feature","geometry":{"type":"Point","coordinates":[26.135973,44.465296]},"properties":{"lines":"21","color":"#d6212b","mode":"tram","arr":["21","409B","66","69","85","90","101","143","182","253","282","311","343","382","409","411","412","413","417","467","468","468B","605","655","N102","N103","N108","N120"],"busLines":"409B, 66, 69, 85, 90, 101, 143, 182, 253, 282, 311, 343 +15","angle":-40.9,"extra":1}},{"type":"Feature","geometry":{"type":"Point","coordinates":[26.141644,44.468128]},"properties":{"lines":"21","color":"#d6212b","mode":"tram","arr":["21","409B","66","69","85","90","101","143","182","253","282","311","343","382","409","411","412","413","417","467","468","468B","605","655","N102","N103","N108","N120"],"busLines":"409B, 66, 69, 85, 90, 101, 143, 182, 253, 282, 311, 343 +15","angle":-32.1,"extra":1}},{"type":"Feature","geometry":{"type":"Point","coordinates":[26.147833,44.47033]},"properties":{"lines":"21","color":"#d6212b","mode":"tram","arr":["21","409B","66","69","85","90","101","143","182","253","282","311","343","382","409","411","412","413","417","467","468","468B","605","655","N102","N103","N108","N120"],"busLines":"409B, 66, 69, 85, 90, 101, 143, 182, 253, 282, 311, 343 +15","angle":-24.1,"extra":1}},{"type":"Feature","geometry":{"type":"Point","coordinates":[26.15364,44.472993]},"properties":{"lines":"21","color":"#d6212b","mode":"tram","arr":["21","409B","66","69","85","90","101","143","182","253","282","311","343","382","409","411","412","413","417","467","468","468B","605","655","N102","N103","N108","N120"],"busLines":"409B, 66, 69, 85, 90, 101, 143, 182, 253, 282, 311, 343 +15","angle":-35.8,"extra":1}},{"type":"Feature","geometry":{"type":"Point","coordinates":[26.159275,44.47587]},"properties":{"lines":"21","color":"#d6212b","mode":"tram","arr":["21","409B","66","69","85","90","101","143","182","253","282","311","343","382","409","411","412","413","417","467","468","468B","605","655","N102","N103","N108","N120"],"busLines":"409B, 66, 69, 85, 90, 101, 143, 182, 253, 282, 311, 343 +15","angle":-35.5,"extra":1}},{"type":"Feature","geometry":{"type":"Point","coordinates":[26.130399,44.457562]},"properties":{"lines":"21","color":"#d6212b","mode":"tram","arr":["21","66","69","85","101","143","182","253","282","311","335","343","382","409","409B","411","412","413","417","467","468","468B","90","605","655","N1","N10","N102","N103","N108","N120"],"busLines":"66, 69, 85, 101, 143, 182, 253, 282, 311, 335, 343, 382 +18","angle":-64.6}},{"type":"Feature","geometry":{"type":"Point","coordinates":[26.160344,44.47645]},"properties":{"lines":"21","color":"#d6212b","mode":"tram","arr":["21","66","69","85","101","143","182","253","282","311","335","343","382","409","409B","411","412","413","417","467","468","468B","90","605","655","N1","N10","N102","N103","N108","N120"],"busLines":"66, 69, 85, 101, 143, 182, 253, 282, 311, 335, 343, 382 +18","angle":-35.8,"extra":1}},{"type":"Feature","geometry":{"type":"Point","coordinates":[26.154707,44.473575]},"properties":{"lines":"21","color":"#d6212b","mode":"tram","arr":["21","66","69","85","101","143","182","253","282","311","335","343","382","409","409B","411","412","413","417","467","468","468B","90","605","655","N1","N10","N102","N103","N108","N120"],"busLines":"66, 69, 85, 101, 143, 182, 253, 282, 311, 335, 343, 382 +18","angle":-35.5,"extra":1}},{"type":"Feature","geometry":{"type":"Point","coordinates":[26.149036,44.470745]},"properties":{"lines":"21","color":"#d6212b","mode":"tram","arr":["21","66","69","85","101","143","182","253","282","311","335","343","382","409","409B","411","412","413","417","467","468","468B","90","605","655","N1","N10","N102","N103","N108","N120"],"busLines":"66, 69, 85, 101, 143, 182, 253, 282, 311, 335, 343, 382 +18","angle":-25,"extra":1}},{"type":"Feature","geometry":{"type":"Point","coordinates":[26.142761,44.468657]},"properties":{"lines":"21","color":"#d6212b","mode":"tram","arr":["21","66","69","85","101","143","182","253","282","311","335","343","382","409","409B","411","412","413","417","467","468","468B","90","605","655","N1","N10","N102","N103","N108","N120"],"busLines":"66, 69, 85, 101, 143, 182, 253, 282, 311, 335, 343, 382 +18","angle":-31.9,"extra":1}},{"type":"Feature","geometry":{"type":"Point","coordinates":[26.137004,44.465912]},"properties":{"lines":"21","color":"#d6212b","mode":"tram","arr":["21","66","69","85","101","143","182","253","282","311","335","343","382","409","409B","411","412","413","417","467","468","468B","90","605","655","N1","N10","N102","N103","N108","N120"],"busLines":"66, 69, 85, 101, 143, 182, 253, 282, 311, 335, 343, 382 +18","angle":-36.9,"extra":1}},{"type":"Feature","geometry":{"type":"Point","coordinates":[26.133036,44.461987]},"properties":{"lines":"21","color":"#d6212b","mode":"tram","arr":["21","66","69","85","101","143","182","253","282","311","335","343","382","409","409B","411","412","413","417","467","468","468B","90","605","655","N1","N10","N102","N103","N108","N120"],"busLines":"66, 69, 85, 101, 143, 182, 253, 282, 311, 335, 343, 382 +18","angle":-72.1,"extra":1}},{"type":"Feature","geometry":{"type":"Point","coordinates":[26.127185,44.453035]},"properties":{"lines":"21","color":"#d6212b","mode":"tram","arr":["21","66","69","85","101","143","182","253","282","311","335","343","382","409","409B","411","412","413","417","467","468","468B","90","605","655","N1","N10","N102","N103","N108","N120"],"busLines":"66, 69, 85, 101, 143, 182, 253, 282, 311, 335, 343, 382 +18","angle":-62.2,"extra":1}},{"type":"Feature","geometry":{"type":"Point","coordinates":[26.123968,44.448746]},"properties":{"lines":"21","color":"#d6212b","mode":"tram","arr":["21","66","69","85","101","143","182","253","282","311","335","343","382","409","409B","411","412","413","417","467","468","468B","90","605","655","N1","N10","N102","N103","N108","N120"],"busLines":"66, 69, 85, 101, 143, 182, 253, 282, 311, 335, 343, 382 +18","angle":-69.3,"extra":1}},{"type":"Feature","geometry":{"type":"Point","coordinates":[26.120241,44.44459]},"properties":{"lines":"21","color":"#d6212b","mode":"tram","arr":["21","66","69","85","101","143","182","253","282","311","335","343","382","409","409B","411","412","413","417","467","468","468B","90","605","655","N1","N10","N102","N103","N108","N120"],"busLines":"66, 69, 85, 101, 143, 182, 253, 282, 311, 335, 343, 382 +18","angle":-56.4,"extra":1}},{"type":"Feature","geometry":{"type":"Point","coordinates":[26.116595,44.440384]},"properties":{"lines":"21","color":"#d6212b","mode":"tram","arr":["21","66","69","85","101","143","182","253","282","311","335","343","382","409","409B","411","412","413","417","467","468","468B","90","605","655","N1","N10","N102","N103","N108","N120"],"busLines":"66, 69, 85, 101, 143, 182, 253, 282, 311, 335, 343, 382 +18","angle":-56,"extra":1}},{"type":"Feature","geometry":{"type":"Point","coordinates":[26.112145,44.436779]},"properties":{"lines":"21","color":"#d6212b","mode":"tram","arr":["21","66","69","85","101","143","182","253","282","311","335","343","382","409","409B","411","412","413","417","467","468","468B","90","605","655","N1","N10","N102","N103","N108","N120"],"busLines":"66, 69, 85, 101, 143, 182, 253, 282, 311, 335, 343, 382 +18","angle":-28.7,"extra":1}},{"type":"Feature","geometry":{"type":"Point","coordinates":[26.107281,44.433646]},"properties":{"lines":"21","color":"#d6212b","mode":"tram","arr":["21","66","69","85","101","143","182","253","282","311","335","343","382","409","409B","411","412","413","417","467","468","468B","90","605","655","N1","N10","N102","N103","N108","N120"],"busLines":"66, 69, 85, 101, 143, 182, 253, 282, 311, 335, 343, 382 +18","angle":-61.6,"extra":1}},{"type":"Feature","geometry":{"type":"Point","coordinates":[26.126974,44.41897]},"properties":{"lines":"23","color":"#d6212b","mode":"tram","arr":["23","123","619","N111"],"busLines":"123, 619, N111","angle":46}},{"type":"Feature","geometry":{"type":"Point","coordinates":[26.124378,44.421843]},"properties":{"lines":"23","color":"#d6212b","mode":"tram","arr":["23","123","619","N111"],"busLines":"123, 619, N111","angle":62.4,"extra":1}},{"type":"Feature","geometry":{"type":"Point","coordinates":[26.12697,44.41901]},"properties":{"lines":"23","color":"#d6212b","mode":"tram","arr":["23","123","619","N111"],"busLines":"123, 619, N111","angle":46}},{"type":"Feature","geometry":{"type":"Point","coordinates":[26.130308,44.416549]},"properties":{"lines":"23","color":"#d6212b","mode":"tram","arr":["23","123","619","N111"],"busLines":"123, 619, N111","angle":44.8,"extra":1}},{"type":"Feature","geometry":{"type":"Point","coordinates":[26.084386,44.400272]},"properties":{"lines":"23, 54","color":"#d6212b","mode":"tram","arr":["23","54","117","139","141","220","323","N118"],"busLines":"117, 139, 141, 220, 323, N118","angle":74.2}},{"type":"Feature","geometry":{"type":"Point","coordinates":[26.07946,44.388679]},"properties":{"lines":"23, 54","color":"#d6212b","mode":"tram","arr":["23","54","117","139","141","220","323","N118"],"busLines":"117, 139, 141, 220, 323, N118","angle":-51.2,"extra":1}},{"type":"Feature","geometry":{"type":"Point","coordinates":[26.082746,44.393017]},"properties":{"lines":"23, 54","color":"#d6212b","mode":"tram","arr":["23","54","117","139","141","220","323","N118"],"busLines":"117, 139, 141, 220, 323, N118","angle":-63.5,"extra":1}},{"type":"Feature","geometry":{"type":"Point","coordinates":[26.084976,44.39752]},"properties":{"lines":"23, 54","color":"#d6212b","mode":"tram","arr":["23","54","117","139","141","220","323","N118"],"busLines":"117, 139, 141, 220, 323, N118","angle":88.2,"extra":1}},{"type":"Feature","geometry":{"type":"Point","coordinates":[26.079586,44.40645]},"properties":{"lines":"23, 54","color":"#d6212b","mode":"tram","arr":["23","54","117","139","141","220","323","N118"],"busLines":"117, 139, 141, 220, 323, N118","angle":63.6,"extra":1}},{"type":"Feature","geometry":{"type":"Point","coordinates":[26.075852,44.410611]},"properties":{"lines":"23, 54","color":"#d6212b","mode":"tram","arr":["23","54","117","139","141","220","323","N118"],"busLines":"117, 139, 141, 220, 323, N118","angle":53.5,"extra":1}},{"type":"Feature","geometry":{"type":"Point","coordinates":[26.084336,44.400309]},"properties":{"lines":"23, 54","color":"#d6212b","mode":"tram","arr":["23","54","117","139","141","220","323","N118"],"busLines":"117, 139, 141, 220, 323, N118","angle":72.8}},{"type":"Feature","geometry":{"type":"Point","coordinates":[26.075366,44.411024]},"properties":{"lines":"23, 54","color":"#d6212b","mode":"tram","arr":["23","54","117","139","141","220","323","N118"],"busLines":"117, 139, 141, 220, 323, N118","angle":53.4,"extra":1}},{"type":"Feature","geometry":{"type":"Point","coordinates":[26.079188,44.406902]},"properties":{"lines":"23, 54","color":"#d6212b","mode":"tram","arr":["23","54","117","139","141","220","323","N118"],"busLines":"117, 139, 141, 220, 323, N118","angle":57.9,"extra":1}},{"type":"Feature","geometry":{"type":"Point","coordinates":[26.08302,44.393481]},"properties":{"lines":"23, 54","color":"#d6212b","mode":"tram","arr":["23","54","117","139","141","220","323","N118"],"busLines":"117, 139, 141, 220, 323, N118","angle":-64.1,"extra":1}},{"type":"Feature","geometry":{"type":"Point","coordinates":[26.07986,44.389086]},"properties":{"lines":"23, 54","color":"#d6212b","mode":"tram","arr":["23","54","117","139","141","220","323","N118"],"busLines":"117, 139, 141, 220, 323, N118","angle":-52.9,"extra":1}},{"type":"Feature","geometry":{"type":"Point","coordinates":[26.108112,44.422468]},"properties":{"lines":"23, 27","color":"#d6212b","mode":"tram","arr":["23","27","619","N107"],"busLines":"619, N107","angle":-23.8}},{"type":"Feature","geometry":{"type":"Point","coordinates":[26.097567,44.419139]},"properties":{"lines":"23, 27","color":"#d6212b","mode":"tram","arr":["23","27","619","N107"],"busLines":"619, N107","angle":-24.1,"extra":1}},{"type":"Feature","geometry":{"type":"Point","coordinates":[26.103903,44.421139]},"properties":{"lines":"23, 27","color":"#d6212b","mode":"tram","arr":["23","27","619","N107"],"busLines":"619, N107","angle":-23.4,"extra":1}},{"type":"Feature","geometry":{"type":"Point","coordinates":[26.116994,44.423896]},"properties":{"lines":"23, 27","color":"#d6212b","mode":"tram","arr":["23","27","619","N107"],"busLines":"619, N107","angle":-0.9,"extra":1}},{"type":"Feature","geometry":{"type":"Point","coordinates":[26.157581,44.424169]},"properties":{"lines":"23, 27","color":"#d6212b","mode":"tram","arr":["23","27","101","253","311","330","335","619","627","N104","N122"],"busLines":"101, 253, 311, 330, 335, 619, 627, N104, N122","angle":-11.8}},{"type":"Feature","geometry":{"type":"Point","coordinates":[26.140389,44.41927]},"properties":{"lines":"23, 27","color":"#d6212b","mode":"tram","arr":["23","27","101","253","311","330","335","619","627","N104","N122"],"busLines":"101, 253, 311, 330, 335, 619, 627, N104, N122","angle":20.1,"extra":1}},{"type":"Feature","geometry":{"type":"Point","coordinates":[26.146646,44.418202]},"properties":{"lines":"23, 27","color":"#d6212b","mode":"tram","arr":["23","27","101","253","311","330","335","619","627","N104","N122"],"busLines":"101, 253, 311, 330, 335, 619, 627, N104, N122","angle":-63,"extra":1}},{"type":"Feature","geometry":{"type":"Point","coordinates":[26.149836,44.422592]},"properties":{"lines":"23, 27","color":"#d6212b","mode":"tram","arr":["23","27","101","253","311","330","335","619","627","N104","N122"],"busLines":"101, 253, 311, 330, 335, 619, 627, N104, N122","angle":-56.5,"extra":1}},{"type":"Feature","geometry":{"type":"Point","coordinates":[26.16311,44.424896]},"properties":{"lines":"23, 27","color":"#d6212b","mode":"tram","arr":["23","27","101","253","311","330","335","619","627","N104","N122"],"busLines":"101, 253, 311, 330, 335, 619, 627, N104, N122","angle":-11.7,"extra":1}},{"type":"Feature","geometry":{"type":"Point","coordinates":[26.169929,44.424975]},"properties":{"lines":"23, 27","color":"#d6212b","mode":"tram","arr":["23","27","101","253","311","330","335","619","627","N104","N122"],"busLines":"101, 253, 311, 330, 335, 619, 627, N104, N122","angle":14.1,"extra":1}},{"type":"Feature","geometry":{"type":"Point","coordinates":[26.176619,44.423751]},"properties":{"lines":"23, 27","color":"#d6212b","mode":"tram","arr":["23","27","101","253","311","330","335","619","627","N104","N122"],"busLines":"101, 253, 311, 330, 335, 619, 627, N104, N122","angle":-5.8,"extra":1}},{"type":"Feature","geometry":{"type":"Point","coordinates":[26.156896,44.424098]},"properties":{"lines":"23, 27","color":"#d6212b","mode":"tram","arr":["23","27","101","253","311","330","335","619","627","N104","N122"],"busLines":"101, 253, 311, 330, 335, 619, 627, N104, N122","angle":-10.7}},{"type":"Feature","geometry":{"type":"Point","coordinates":[26.177649,44.424363]},"properties":{"lines":"23, 27","color":"#d6212b","mode":"tram","arr":["23","27","101","253","311","330","335","619","627","N104","N122"],"busLines":"101, 253, 311, 330, 335, 619, 627, N104, N122","angle":-57.3,"extra":1}},{"type":"Feature","geometry":{"type":"Point","coordinates":[26.171261,44.424777]},"properties":{"lines":"23, 27","color":"#d6212b","mode":"tram","arr":["23","27","101","253","311","330","335","619","627","N104","N122"],"busLines":"101, 253, 311, 330, 335, 619, 627, N104, N122","angle":12.9,"extra":1}},{"type":"Feature","geometry":{"type":"Point","coordinates":[26.16445,44.425121]},"properties":{"lines":"23, 27","color":"#d6212b","mode":"tram","arr":["23","27","101","253","311","330","335","619","627","N104","N122"],"busLines":"101, 253, 311, 330, 335, 619, 627, N104, N122","angle":-11.4,"extra":1}},{"type":"Feature","geometry":{"type":"Point","coordinates":[26.150852,44.423251]},"properties":{"lines":"23, 27","color":"#d6212b","mode":"tram","arr":["23","27","101","253","311","330","335","619","627","N104","N122"],"busLines":"101, 253, 311, 330, 335, 619, 627, N104, N122","angle":-24.1,"extra":1}},{"type":"Feature","geometry":{"type":"Point","coordinates":[26.147256,44.419108]},"properties":{"lines":"23, 27","color":"#d6212b","mode":"tram","arr":["23","27","101","253","311","330","335","619","627","N104","N122"],"busLines":"101, 253, 311, 330, 335, 619, 627, N104, N122","angle":-62.6,"extra":1}},{"type":"Feature","geometry":{"type":"Point","coordinates":[26.141671,44.418984]},"properties":{"lines":"23, 27","color":"#d6212b","mode":"tram","arr":["23","27","101","253","311","330","335","619","627","N104","N122"],"busLines":"101, 253, 311, 330, 335, 619, 627, N104, N122","angle":19.4,"extra":1}},{"type":"Feature","geometry":{"type":"Point","coordinates":[26.108168,44.422521]},"properties":{"lines":"23, 27","color":"#d6212b","mode":"tram","arr":["23","27","619","N107"],"busLines":"619, N107","angle":-24.1}},{"type":"Feature","geometry":{"type":"Point","coordinates":[26.119293,44.423948]},"properties":{"lines":"23, 27","color":"#d6212b","mode":"tram","arr":["23","27","619","N107"],"busLines":"619, N107","angle":-1,"extra":1}},{"type":"Feature","geometry":{"type":"Point","coordinates":[26.112382,44.423765]},"properties":{"lines":"23, 27","color":"#d6212b","mode":"tram","arr":["23","27","619","N107"],"busLines":"619, N107","angle":-13.8,"extra":1}},{"type":"Feature","geometry":{"type":"Point","coordinates":[26.099673,44.419837]},"properties":{"lines":"23, 27","color":"#d6212b","mode":"tram","arr":["23","27","619","N107"],"busLines":"619, N107","angle":-23.9,"extra":1}},{"type":"Feature","geometry":{"type":"Point","coordinates":[26.061531,44.404886]},"properties":{"lines":"32","color":"#d6212b","mode":"tram","arr":["32","96","139","220","226","227","464","484","N114"],"busLines":"96, 139, 220, 226, 227, 464, 484, N114","angle":-29.1}},{"type":"Feature","geometry":{"type":"Point","coordinates":[26.071074,44.4113]},"properties":{"lines":"32","color":"#d6212b","mode":"tram","arr":["32","96","139","220","226","227","464","484","N114"],"busLines":"96, 139, 220, 226, 227, 464, 484, N114","angle":-45.5,"extra":1}},{"type":"Feature","geometry":{"type":"Point","coordinates":[26.066204,44.407782]},"properties":{"lines":"32","color":"#d6212b","mode":"tram","arr":["32","96","139","220","226","227","464","484","N114"],"busLines":"96, 139, 220, 226, 227, 464, 484, N114","angle":-45.1,"extra":1}},{"type":"Feature","geometry":{"type":"Point","coordinates":[26.054864,44.402229]},"properties":{"lines":"32","color":"#d6212b","mode":"tram","arr":["32","96","139","220","226","227","464","484","N114"],"busLines":"96, 139, 220, 226, 227, 464, 484, N114","angle":-29.1,"extra":1}},{"type":"Feature","geometry":{"type":"Point","coordinates":[26.048793,44.399852]},"properties":{"lines":"32","color":"#d6212b","mode":"tram","arr":["32","96","139","220","226","227","464","484","N114"],"busLines":"96, 139, 220, 226, 227, 464, 484, N114","angle":-23.6,"extra":1}},{"type":"Feature","geometry":{"type":"Point","coordinates":[26.061078,44.404727]},"properties":{"lines":"32","color":"#d6212b","mode":"tram","arr":["32","96","220","226","227","464","484","N114"],"busLines":"96, 220, 226, 227, 464, 484, N114","angle":-29.1}},{"type":"Feature","geometry":{"type":"Point","coordinates":[26.070749,44.411117]},"properties":{"lines":"32","color":"#d6212b","mode":"tram","arr":["32","96","220","226","227","464","484","N114"],"busLines":"96, 220, 226, 227, 464, 484, N114","angle":-45.4,"extra":1}},{"type":"Feature","geometry":{"type":"Point","coordinates":[26.065877,44.407602]},"properties":{"lines":"32","color":"#d6212b","mode":"tram","arr":["32","96","220","226","227","464","484","N114"],"busLines":"96, 220, 226, 227, 464, 484, N114","angle":-44.6,"extra":1}},{"type":"Feature","geometry":{"type":"Point","coordinates":[26.054482,44.402102]},"properties":{"lines":"32","color":"#d6212b","mode":"tram","arr":["32","96","220","226","227","464","484","N114"],"busLines":"96, 220, 226, 227, 464, 484, N114","angle":-29.2,"extra":1}},{"type":"Feature","geometry":{"type":"Point","coordinates":[26.04839,44.399752]},"properties":{"lines":"32","color":"#d6212b","mode":"tram","arr":["32","96","220","226","227","464","484","N114"],"busLines":"96, 220, 226, 227, 464, 484, N114","angle":-24.2,"extra":1}},{"type":"Feature","geometry":{"type":"Point","coordinates":[26.018339,44.426187]},"properties":{"lines":"25","color":"#d6212b","mode":"tram","arr":["25","106","137","138","221","322","487","610","N1","N10","N121"],"busLines":"106, 137, 138, 221, 322, 487, 610, N1, N10, N121","angle":-7.2}},{"type":"Feature","geometry":{"type":"Point","coordinates":[26.067884,44.423959]},"properties":{"lines":"25","color":"#d6212b","mode":"tram","arr":["25","106","137","138","221","322","487","610","N1","N10","N121"],"busLines":"106, 137, 138, 221, 322, 487, 610, N1, N10, N121","angle":47.4,"extra":1}},{"type":"Feature","geometry":{"type":"Point","coordinates":[26.063264,44.427644]},"properties":{"lines":"25","color":"#d6212b","mode":"tram","arr":["25","106","137","138","221","322","487","610","N1","N10","N121"],"busLines":"106, 137, 138, 221, 322, 487, 610, N1, N10, N121","angle":48.9,"extra":1}},{"type":"Feature","geometry":{"type":"Point","coordinates":[26.05726,44.428846]},"properties":{"lines":"25","color":"#d6212b","mode":"tram","arr":["25","106","137","138","221","322","487","610","N1","N10","N121"],"busLines":"106, 137, 138, 221, 322, 487, 610, N1, N10, N121","angle":-4.5,"extra":1}},{"type":"Feature","geometry":{"type":"Point","coordinates":[26.050358,44.42843]},"properties":{"lines":"25","color":"#d6212b","mode":"tram","arr":["25","106","137","138","221","322","487","610","N1","N10","N121"],"busLines":"106, 137, 138, 221, 322, 487, 610, N1, N10, N121","angle":-4.6,"extra":1}},{"type":"Feature","geometry":{"type":"Point","coordinates":[26.043445,44.428119]},"properties":{"lines":"25","color":"#d6212b","mode":"tram","arr":["25","106","137","138","221","322","487","610","N1","N10","N121"],"busLines":"106, 137, 138, 221, 322, 487, 610, N1, N10, N121","angle":-3.1,"extra":1}},{"type":"Feature","geometry":{"type":"Point","coordinates":[26.036545,44.42771]},"properties":{"lines":"25","color":"#d6212b","mode":"tram","arr":["25","106","137","138","221","322","487","610","N1","N10","N121"],"busLines":"106, 137, 138, 221, 322, 487, 610, N1, N10, N121","angle":-7.7,"extra":1}},{"type":"Feature","geometry":{"type":"Point","coordinates":[26.029671,44.4271]},"properties":{"lines":"25","color":"#d6212b","mode":"tram","arr":["25","106","137","138","221","322","487","610","N1","N10","N121"],"busLines":"106, 137, 138, 221, 322, 487, 610, N1, N10, N121","angle":-5.9,"extra":1}},{"type":"Feature","geometry":{"type":"Point","coordinates":[26.022787,44.42655]},"properties":{"lines":"25","color":"#d6212b","mode":"tram","arr":["25","106","137","138","221","322","487","610","N1","N10","N121"],"busLines":"106, 137, 138, 221, 322, 487, 610, N1, N10, N121","angle":-6.3,"extra":1}},{"type":"Feature","geometry":{"type":"Point","coordinates":[26.009355,44.424488]},"properties":{"lines":"25","color":"#d6212b","mode":"tram","arr":["25","106","137","138","221","322","487","610","N1","N10","N121"],"busLines":"106, 137, 138, 221, 322, 487, 610, N1, N10, N121","angle":-5.3,"extra":1}},{"type":"Feature","geometry":{"type":"Point","coordinates":[26.00247,44.423947]},"properties":{"lines":"25","color":"#d6212b","mode":"tram","arr":["25","106","137","138","221","322","487","610","N1","N10","N121"],"busLines":"106, 137, 138, 221, 322, 487, 610, N1, N10, N121","angle":-6.6,"extra":1}},{"type":"Feature","geometry":{"type":"Point","coordinates":[25.999866,44.426284]},"properties":{"lines":"25","color":"#d6212b","mode":"tram","arr":["25","106","137","138","221","322","487","610","N1","N10","N121"],"busLines":"106, 137, 138, 221, 322, 487, 610, N1, N10, N121","angle":-58,"extra":1}},{"type":"Feature","geometry":{"type":"Point","coordinates":[26.002563,44.430601]},"properties":{"lines":"25","color":"#d6212b","mode":"tram","arr":["25","106","137","138","221","322","487","610","N1","N10","N121"],"busLines":"106, 137, 138, 221, 322, 487, 610, N1, N10, N121","angle":76.1,"extra":1}},{"type":"Feature","geometry":{"type":"Point","coordinates":[25.996697,44.431196]},"properties":{"lines":"25","color":"#d6212b","mode":"tram","arr":["25","106","137","138","221","322","487","610","N1","N10","N121"],"busLines":"106, 137, 138, 221, 322, 487, 610, N1, N10, N121","angle":-6.6,"extra":1}},{"type":"Feature","geometry":{"type":"Point","coordinates":[25.989816,44.430625]},"properties":{"lines":"25","color":"#d6212b","mode":"tram","arr":["25","106","137","138","221","322","487","610","N1","N10","N121"],"busLines":"106, 137, 138, 221, 322, 487, 610, N1, N10, N121","angle":-6.6,"extra":1}},{"type":"Feature","geometry":{"type":"Point","coordinates":[25.982935,44.430052]},"properties":{"lines":"25","color":"#d6212b","mode":"tram","arr":["25","106","137","138","221","322","487","610","N1","N10","N121"],"busLines":"106, 137, 138, 221, 322, 487, 610, N1, N10, N121","angle":-6.6,"extra":1}},{"type":"Feature","geometry":{"type":"Point","coordinates":[26.019226,44.42623]},"properties":{"lines":"25","color":"#d6212b","mode":"tram","arr":["25","106","137","138","221","322","487","610","N1","N10","N121"],"busLines":"106, 137, 138, 221, 322, 487, 610, N1, N10, N121","angle":-6.8}},{"type":"Feature","geometry":{"type":"Point","coordinates":[25.982762,44.430009]},"properties":{"lines":"25","color":"#d6212b","mode":"tram","arr":["25","106","137","138","221","322","487","610","N1","N10","N121"],"busLines":"106, 137, 138, 221, 322, 487, 610, N1, N10, N121","angle":-6.7,"extra":1}},{"type":"Feature","geometry":{"type":"Point","coordinates":[25.989642,44.430582]},"properties":{"lines":"25","color":"#d6212b","mode":"tram","arr":["25","106","137","138","221","322","487","610","N1","N10","N121"],"busLines":"106, 137, 138, 221, 322, 487, 610, N1, N10, N121","angle":-6.6,"extra":1}},{"type":"Feature","geometry":{"type":"Point","coordinates":[25.996523,44.431155]},"properties":{"lines":"25","color":"#d6212b","mode":"tram","arr":["25","106","137","138","221","322","487","610","N1","N10","N121"],"busLines":"106, 137, 138, 221, 322, 487, 610, N1, N10, N121","angle":-6.7,"extra":1}},{"type":"Feature","geometry":{"type":"Point","coordinates":[26.002498,44.430683]},"properties":{"lines":"25","color":"#d6212b","mode":"tram","arr":["25","106","137","138","221","322","487","610","N1","N10","N121"],"busLines":"106, 137, 138, 221, 322, 487, 610, N1, N10, N121","angle":76.3,"extra":1}},{"type":"Feature","geometry":{"type":"Point","coordinates":[25.999876,44.426356]},"properties":{"lines":"25","color":"#d6212b","mode":"tram","arr":["25","106","137","138","221","322","487","610","N1","N10","N121"],"busLines":"106, 137, 138, 221, 322, 487, 610, N1, N10, N121","angle":-58.1,"extra":1}},{"type":"Feature","geometry":{"type":"Point","coordinates":[26.002291,44.423907]},"properties":{"lines":"25","color":"#d6212b","mode":"tram","arr":["25","106","137","138","221","322","487","610","N1","N10","N121"],"busLines":"106, 137, 138, 221, 322, 487, 610, N1, N10, N121","angle":-6.4,"extra":1}},{"type":"Feature","geometry":{"type":"Point","coordinates":[26.009177,44.424444]},"properties":{"lines":"25","color":"#d6212b","mode":"tram","arr":["25","106","137","138","221","322","487","610","N1","N10","N121"],"busLines":"106, 137, 138, 221, 322, 487, 610, N1, N10, N121","angle":-5.6,"extra":1}},{"type":"Feature","geometry":{"type":"Point","coordinates":[26.029491,44.427059]},"properties":{"lines":"25","color":"#d6212b","mode":"tram","arr":["25","106","137","138","221","322","487","610","N1","N10","N121"],"busLines":"106, 137, 138, 221, 322, 487, 610, N1, N10, N121","angle":-6.6,"extra":1}},{"type":"Feature","geometry":{"type":"Point","coordinates":[26.036367,44.42766]},"properties":{"lines":"25","color":"#d6212b","mode":"tram","arr":["25","106","137","138","221","322","487","610","N1","N10","N121"],"busLines":"106, 137, 138, 221, 322, 487, 610, N1, N10, N121","angle":-7.9,"extra":1}},{"type":"Feature","geometry":{"type":"Point","coordinates":[26.043267,44.428068]},"properties":{"lines":"25","color":"#d6212b","mode":"tram","arr":["25","106","137","138","221","322","487","610","N1","N10","N121"],"busLines":"106, 137, 138, 221, 322, 487, 610, N1, N10, N121","angle":-2.9,"extra":1}},{"type":"Feature","geometry":{"type":"Point","coordinates":[26.05018,44.428378]},"properties":{"lines":"25","color":"#d6212b","mode":"tram","arr":["25","106","137","138","221","322","487","610","N1","N10","N121"],"busLines":"106, 137, 138, 221, 322, 487, 610, N1, N10, N121","angle":-4.3,"extra":1}},{"type":"Feature","geometry":{"type":"Point","coordinates":[26.057082,44.428794]},"properties":{"lines":"25","color":"#d6212b","mode":"tram","arr":["25","106","137","138","221","322","487","610","N1","N10","N121"],"busLines":"106, 137, 138, 221, 322, 487, 610, N1, N10, N121","angle":-5.2,"extra":1}},{"type":"Feature","geometry":{"type":"Point","coordinates":[26.063147,44.427692]},"properties":{"lines":"25","color":"#d6212b","mode":"tram","arr":["25","106","137","138","221","322","487","610","N1","N10","N121"],"busLines":"106, 137, 138, 221, 322, 487, 610, N1, N10, N121","angle":48.9,"extra":1}},{"type":"Feature","geometry":{"type":"Point","coordinates":[26.067762,44.424003]},"properties":{"lines":"25","color":"#d6212b","mode":"tram","arr":["25","106","137","138","221","322","487","610","N1","N10","N121"],"busLines":"106, 137, 138, 221, 322, 487, 610, N1, N10, N121","angle":47.4,"extra":1}},{"type":"Feature","geometry":{"type":"Point","coordinates":[26.130038,44.422452]},"properties":{"lines":"27","color":"#d6212b","mode":"tram","arr":["27"],"angle":33.6}},{"type":"Feature","geometry":{"type":"Point","coordinates":[26.133579,44.420674]},"properties":{"lines":"27","color":"#d6212b","mode":"tram","arr":["27"],"angle":21.8,"extra":1}},{"type":"Feature","geometry":{"type":"Point","coordinates":[26.130099,44.422391]},"properties":{"lines":"27","color":"#d6212b","mode":"tram","arr":["27"],"angle":33.5}},{"type":"Feature","geometry":{"type":"Point","coordinates":[26.126096,44.423646]},"properties":{"lines":"27","color":"#d6212b","mode":"tram","arr":["27"],"angle":14.7,"extra":1}},{"type":"Feature","geometry":{"type":"Point","coordinates":[26.039753,44.448074]},"properties":{"lines":"41","color":"#d6212b","mode":"tram","arr":["41","90","122","138","162","163","178","185","221","222","232","322","368","385","422","423","425","425B","434","483","485","N101","N110"],"busLines":"90, 122, 138, 162, 163, 178, 185, 221, 222, 232, 322, 368 +10","angle":-40.7}},{"type":"Feature","geometry":{"type":"Point","coordinates":[26.071352,44.473657]},"properties":{"lines":"41","color":"#d6212b","mode":"tram","arr":["41","90","122","138","162","163","178","185","221","222","232","322","368","385","422","423","425","425B","434","483","485","N101","N110"],"busLines":"90, 122, 138, 162, 163, 178, 185, 221, 222, 232, 322, 368 +10","angle":70,"extra":1}},{"type":"Feature","geometry":{"type":"Point","coordinates":[26.073691,44.469002]},"properties":{"lines":"41","color":"#d6212b","mode":"tram","arr":["41","90","122","138","162","163","178","185","221","222","232","322","368","385","422","423","425","425B","434","483","485","N101","N110"],"busLines":"90, 122, 138, 162, 163, 178, 185, 221, 222, 232, 322, 368 +10","angle":70.4,"extra":1}},{"type":"Feature","geometry":{"type":"Point","coordinates":[26.075084,44.464378]},"properties":{"lines":"41","color":"#d6212b","mode":"tram","arr":["41","90","122","138","162","163","178","185","221","222","232","322","368","385","422","423","425","425B","434","483","485","N101","N110"],"busLines":"90, 122, 138, 162, 163, 178, 185, 221, 222, 232, 322, 368 +10","angle":-55.3,"extra":1}},{"type":"Feature","geometry":{"type":"Point","coordinates":[26.070865,44.460466]},"properties":{"lines":"41","color":"#d6212b","mode":"tram","arr":["41","90","122","138","162","163","178","185","221","222","232","322","368","385","422","423","425","425B","434","483","485","N101","N110"],"busLines":"90, 122, 138, 162, 163, 178, 185, 221, 222, 232, 322, 368 +10","angle":-55.5,"extra":1}},{"type":"Feature","geometry":{"type":"Point","coordinates":[26.066071,44.456992]},"properties":{"lines":"41","color":"#d6212b","mode":"tram","arr":["41","90","122","138","162","163","178","185","221","222","232","322","368","385","422","423","425","425B","434","483","485","N101","N110"],"busLines":"90, 122, 138, 162, 163, 178, 185, 221, 222, 232, 322, 368 +10","angle":-29.1,"extra":1}},{"type":"Feature","geometry":{"type":"Point","coordinates":[26.059946,44.454683]},"properties":{"lines":"41","color":"#d6212b","mode":"tram","arr":["41","90","122","138","162","163","178","185","221","222","232","322","368","385","422","423","425","425B","434","483","485","N101","N110"],"busLines":"90, 122, 138, 162, 163, 178, 185, 221, 222, 232, 322, 368 +10","angle":-26.1,"extra":1}},{"type":"Feature","geometry":{"type":"Point","coordinates":[26.053174,44.453779]},"properties":{"lines":"41","color":"#d6212b","mode":"tram","arr":["41","90","122","138","162","163","178","185","221","222","232","322","368","385","422","423","425","425B","434","483","485","N101","N110"],"busLines":"90, 122, 138, 162, 163, 178, 185, 221, 222, 232, 322, 368 +10","angle":-6.6,"extra":1}},{"type":"Feature","geometry":{"type":"Point","coordinates":[26.046927,44.452103]},"properties":{"lines":"41","color":"#d6212b","mode":"tram","arr":["41","90","122","138","162","163","178","185","221","222","232","322","368","385","422","423","425","425B","434","483","485","N101","N110"],"busLines":"90, 122, 138, 162, 163, 178, 185, 221, 222, 232, 322, 368 +10","angle":-42.8,"extra":1}},{"type":"Feature","geometry":{"type":"Point","coordinates":[26.037663,44.445097]},"properties":{"lines":"41","color":"#d6212b","mode":"tram","arr":["41","90","122","138","162","163","178","185","221","222","232","322","368","385","422","423","425","425B","434","483","485","N101","N110"],"busLines":"90, 122, 138, 162, 163, 178, 185, 221, 222, 232, 322, 368 +10","angle":-58.9,"extra":1}},{"type":"Feature","geometry":{"type":"Point","coordinates":[26.035367,44.440554]},"properties":{"lines":"41","color":"#d6212b","mode":"tram","arr":["41","90","122","138","162","163","178","185","221","222","232","322","368","385","422","423","425","425B","434","483","485","N101","N110"],"busLines":"90, 122, 138, 162, 163, 178, 185, 221, 222, 232, 322, 368 +10","angle":-86.8,"extra":1}},{"type":"Feature","geometry":{"type":"Point","coordinates":[26.035018,44.435616]},"properties":{"lines":"41","color":"#d6212b","mode":"tram","arr":["41","90","122","138","162","163","178","185","221","222","232","322","368","385","422","423","425","425B","434","483","485","N101","N110"],"busLines":"90, 122, 138, 162, 163, 178, 185, 221, 222, 232, 322, 368 +10","angle":-83.5,"extra":1}},{"type":"Feature","geometry":{"type":"Point","coordinates":[26.033996,44.430724]},"properties":{"lines":"41","color":"#d6212b","mode":"tram","arr":["41","90","122","138","162","163","178","185","221","222","232","322","368","385","422","423","425","425B","434","483","485","N101","N110"],"busLines":"90, 122, 138, 162, 163, 178, 185, 221, 222, 232, 322, 368 +10","angle":-80.3,"extra":1}},{"type":"Feature","geometry":{"type":"Point","coordinates":[26.03358,44.425873]},"properties":{"lines":"41","color":"#d6212b","mode":"tram","arr":["41","90","122","138","162","163","178","185","221","222","232","322","368","385","422","423","425","425B","434","483","485","N101","N110"],"busLines":"90, 122, 138, 162, 163, 178, 185, 221, 222, 232, 322, 368 +10","angle":76.5,"extra":1}},{"type":"Feature","geometry":{"type":"Point","coordinates":[26.034516,44.420992]},"properties":{"lines":"41","color":"#d6212b","mode":"tram","arr":["41","90","122","138","162","163","178","185","221","222","232","322","368","385","422","423","425","425B","434","483","485","N101","N110"],"busLines":"90, 122, 138, 162, 163, 178, 185, 221, 222, 232, 322, 368 +10","angle":89.4,"extra":1}},{"type":"Feature","geometry":{"type":"Point","coordinates":[26.034629,44.416055]},"properties":{"lines":"41","color":"#d6212b","mode":"tram","arr":["41","90","122","138","162","163","178","185","221","222","232","322","368","385","422","423","425","425B","434","483","485","N101","N110"],"busLines":"90, 122, 138, 162, 163, 178, 185, 221, 222, 232, 322, 368 +10","angle":80.7,"extra":1}},{"type":"Feature","geometry":{"type":"Point","coordinates":[26.039427,44.414626]},"properties":{"lines":"41","color":"#d6212b","mode":"tram","arr":["41","90","122","138","162","163","178","185","221","222","232","322","368","385","422","423","425","425B","434","483","485","N101","N110"],"busLines":"90, 122, 138, 162, 163, 178, 185, 221, 222, 232, 322, 368 +10","angle":-10,"extra":1}},{"type":"Feature","geometry":{"type":"Point","coordinates":[26.045737,44.414591]},"properties":{"lines":"41","color":"#d6212b","mode":"tram","arr":["41","90","122","138","162","163","178","185","221","222","232","322","368","385","422","423","425","425B","434","483","485","N101","N110"],"busLines":"90, 122, 138, 162, 163, 178, 185, 221, 222, 232, 322, 368 +10","angle":2.8,"extra":1}},{"type":"Feature","geometry":{"type":"Point","coordinates":[26.040678,44.448479]},"properties":{"lines":"41","color":"#d6212b","mode":"tram","arr":["41","90","93","122","138","162","163","178","185","221","222","232","322","368","385","422","423","425","425B","434","483","485","642","N101","N110"],"busLines":"90, 93, 122, 138, 162, 163, 178, 185, 221, 222, 232, 322 +12","angle":-32.6}},{"type":"Feature","geometry":{"type":"Point","coordinates":[26.042241,44.415011]},"properties":{"lines":"41","color":"#d6212b","mode":"tram","arr":["41","90","93","122","138","162","163","178","185","221","222","232","322","368","385","422","423","425","425B","434","483","485","642","N101","N110"],"busLines":"90, 93, 122, 138, 162, 163, 178, 185, 221, 222, 232, 322 +12","angle":-9.9,"extra":1}},{"type":"Feature","geometry":{"type":"Point","coordinates":[26.035418,44.414191]},"properties":{"lines":"41","color":"#d6212b","mode":"tram","arr":["41","90","93","122","138","162","163","178","185","221","222","232","322","368","385","422","423","425","425B","434","483","485","642","N101","N110"],"busLines":"90, 93, 122, 138, 162, 163, 178, 185, 221, 222, 232, 322 +12","angle":18.9,"extra":1}},{"type":"Feature","geometry":{"type":"Point","coordinates":[26.034481,44.418997]},"properties":{"lines":"41","color":"#d6212b","mode":"tram","arr":["41","90","93","122","138","162","163","178","185","221","222","232","322","368","385","422","423","425","425B","434","483","485","642","N101","N110"],"busLines":"90, 93, 122, 138, 162, 163, 178, 185, 221, 222, 232, 322 +12","angle":-88.1,"extra":1}},{"type":"Feature","geometry":{"type":"Point","coordinates":[26.034267,44.423931]},"properties":{"lines":"41","color":"#d6212b","mode":"tram","arr":["41","90","93","122","138","162","163","178","185","221","222","232","322","368","385","422","423","425","425B","434","483","485","642","N101","N110"],"busLines":"90, 93, 122, 138, 162, 163, 178, 185, 221, 222, 232, 322 +12","angle":78.3,"extra":1}},{"type":"Feature","geometry":{"type":"Point","coordinates":[26.033537,44.428761]},"properties":{"lines":"41","color":"#d6212b","mode":"tram","arr":["41","90","93","122","138","162","163","178","185","221","222","232","322","368","385","422","423","425","425B","434","483","485","642","N101","N110"],"busLines":"90, 93, 122, 138, 162, 163, 178, 185, 221, 222, 232, 322 +12","angle":-79.3,"extra":1}},{"type":"Feature","geometry":{"type":"Point","coordinates":[26.034692,44.433638]},"properties":{"lines":"41","color":"#d6212b","mode":"tram","arr":["41","90","93","122","138","162","163","178","185","221","222","232","322","368","385","422","423","425","425B","434","483","485","642","N101","N110"],"busLines":"90, 93, 122, 138, 162, 163, 178, 185, 221, 222, 232, 322 +12","angle":-81.1,"extra":1}},{"type":"Feature","geometry":{"type":"Point","coordinates":[26.035283,44.438561]},"properties":{"lines":"41","color":"#d6212b","mode":"tram","arr":["41","90","93","122","138","162","163","178","185","221","222","232","322","368","385","422","423","425","425B","434","483","485","642","N101","N110"],"busLines":"90, 93, 122, 138, 162, 163, 178, 185, 221, 222, 232, 322 +12","angle":-87.5,"extra":1}},{"type":"Feature","geometry":{"type":"Point","coordinates":[26.036241,44.443392]},"properties":{"lines":"41","color":"#d6212b","mode":"tram","arr":["41","90","93","122","138","162","163","178","185","221","222","232","322","368","385","422","423","425","425B","434","483","485","642","N101","N110"],"busLines":"90, 93, 122, 138, 162, 163, 178, 185, 221, 222, 232, 322 +12","angle":-58.9,"extra":1}},{"type":"Feature","geometry":{"type":"Point","coordinates":[26.044937,44.450729]},"properties":{"lines":"41","color":"#d6212b","mode":"tram","arr":["41","90","93","122","138","162","163","178","185","221","222","232","322","368","385","422","423","425","425B","434","483","485","642","N101","N110"],"busLines":"90, 93, 122, 138, 162, 163, 178, 185, 221, 222, 232, 322 +12","angle":-43,"extra":1}},{"type":"Feature","geometry":{"type":"Point","coordinates":[26.05047,44.453463]},"properties":{"lines":"41","color":"#d6212b","mode":"tram","arr":["41","90","93","122","138","162","163","178","185","221","222","232","322","368","385","422","423","425","425B","434","483","485","642","N101","N110"],"busLines":"90, 93, 122, 138, 162, 163, 178, 185, 221, 222, 232, 322 +12","angle":-9.4,"extra":1}},{"type":"Feature","geometry":{"type":"Point","coordinates":[26.057337,44.454105]},"properties":{"lines":"41","color":"#d6212b","mode":"tram","arr":["41","90","93","122","138","162","163","178","185","221","222","232","322","368","385","422","423","425","425B","434","483","485","642","N101","N110"],"busLines":"90, 93, 122, 138, 162, 163, 178, 185, 221, 222, 232, 322 +12","angle":-7.9,"extra":1}},{"type":"Feature","geometry":{"type":"Point","coordinates":[26.063659,44.456045]},"properties":{"lines":"41","color":"#d6212b","mode":"tram","arr":["41","90","93","122","138","162","163","178","185","221","222","232","322","368","385","422","423","425","425B","434","483","485","642","N101","N110"],"busLines":"90, 93, 122, 138, 162, 163, 178, 185, 221, 222, 232, 322 +12","angle":-28.1,"extra":1}},{"type":"Feature","geometry":{"type":"Point","coordinates":[26.069305,44.458831]},"properties":{"lines":"41","color":"#d6212b","mode":"tram","arr":["41","90","93","122","138","162","163","178","185","221","222","232","322","368","385","422","423","425","425B","434","483","485","642","N101","N110"],"busLines":"90, 93, 122, 138, 162, 163, 178, 185, 221, 222, 232, 322 +12","angle":-53.2,"extra":1}},{"type":"Feature","geometry":{"type":"Point","coordinates":[26.073438,44.462789]},"properties":{"lines":"41","color":"#d6212b","mode":"tram","arr":["41","90","93","122","138","162","163","178","185","221","222","232","322","368","385","422","423","425","425B","434","483","485","642","N101","N110"],"busLines":"90, 93, 122, 138, 162, 163, 178, 185, 221, 222, 232, 322 +12","angle":-48.8,"extra":1}},{"type":"Feature","geometry":{"type":"Point","coordinates":[26.074665,44.467116]},"properties":{"lines":"41","color":"#d6212b","mode":"tram","arr":["41","90","93","122","138","162","163","178","185","221","222","232","322","368","385","422","423","425","425B","434","483","485","642","N101","N110"],"busLines":"90, 93, 122, 138, 162, 163, 178, 185, 221, 222, 232, 322 +12","angle":70.6,"extra":1}},{"type":"Feature","geometry":{"type":"Point","coordinates":[26.07235,44.471778]},"properties":{"lines":"41","color":"#d6212b","mode":"tram","arr":["41","90","93","122","138","162","163","178","185","221","222","232","322","368","385","422","423","425","425B","434","483","485","642","N101","N110"],"busLines":"90, 93, 122, 138, 162, 163, 178, 185, 221, 222, 232, 322 +12","angle":69.9,"extra":1}},{"type":"Feature","geometry":{"type":"Point","coordinates":[26.047692,44.46017]},"properties":{"lines":"44","color":"#d6212b","mode":"tram","arr":["44","105","123","162","163","178","610","N1","N10","N110"],"busLines":"105, 123, 162, 163, 178, 610, N1, N10, N110","angle":35.1}},{"type":"Feature","geometry":{"type":"Point","coordinates":[26.025412,44.469408]},"properties":{"lines":"44","color":"#d6212b","mode":"tram","arr":["44","105","123","162","163","178","610","N1","N10","N110"],"busLines":"105, 123, 162, 163, 178, 610, N1, N10, N110","angle":23.2,"extra":1}},{"type":"Feature","geometry":{"type":"Point","coordinates":[26.031768,44.46744]},"properties":{"lines":"44","color":"#d6212b","mode":"tram","arr":["44","105","123","162","163","178","610","N1","N10","N110"],"busLines":"105, 123, 162, 163, 178, 610, N1, N10, N110","angle":23.2,"extra":1}},{"type":"Feature","geometry":{"type":"Point","coordinates":[26.037958,44.465266]},"properties":{"lines":"44","color":"#d6212b","mode":"tram","arr":["44","105","123","162","163","178","610","N1","N10","N110"],"busLines":"105, 123, 162, 163, 178, 610, N1, N10, N110","angle":36.7,"extra":1}},{"type":"Feature","geometry":{"type":"Point","coordinates":[26.043488,44.462288]},"properties":{"lines":"44","color":"#d6212b","mode":"tram","arr":["44","105","123","162","163","178","610","N1","N10","N110"],"busLines":"105, 123, 162, 163, 178, 610, N1, N10, N110","angle":35.5,"extra":1}},{"type":"Feature","geometry":{"type":"Point","coordinates":[26.055059,44.456904]},"properties":{"lines":"44","color":"#d6212b","mode":"tram","arr":["44","105","123","162","163","178","610","N1","N10","N110"],"busLines":"105, 123, 162, 163, 178, 610, N1, N10, N110","angle":52,"extra":1}},{"type":"Feature","geometry":{"type":"Point","coordinates":[26.058135,44.452485]},"properties":{"lines":"44","color":"#d6212b","mode":"tram","arr":["44","105","123","162","163","178","610","N1","N10","N110"],"busLines":"105, 123, 162, 163, 178, 610, N1, N10, N110","angle":70.2,"extra":1}},{"type":"Feature","geometry":{"type":"Point","coordinates":[26.062512,44.448736]},"properties":{"lines":"44","color":"#d6212b","mode":"tram","arr":["44","105","123","162","163","178","610","N1","N10","N110"],"busLines":"105, 123, 162, 163, 178, 610, N1, N10, N110","angle":72.5,"extra":1}},{"type":"Feature","geometry":{"type":"Point","coordinates":[26.047315,44.460388]},"properties":{"lines":"44","color":"#d6212b","mode":"tram","arr":["44","162","163","178","N110"],"busLines":"162, 163, 178, N110","angle":35.2}},{"type":"Feature","geometry":{"type":"Point","coordinates":[26.064291,44.447922]},"properties":{"lines":"44","color":"#d6212b","mode":"tram","arr":["44","162","163","178","N110"],"busLines":"162, 163, 178, N110","angle":-26.5,"extra":1}},{"type":"Feature","geometry":{"type":"Point","coordinates":[26.059623,44.45111]},"properties":{"lines":"44","color":"#d6212b","mode":"tram","arr":["44","162","163","178","N110"],"busLines":"162, 163, 178, N110","angle":44.4,"extra":1}},{"type":"Feature","geometry":{"type":"Point","coordinates":[26.056331,44.4554]},"properties":{"lines":"44","color":"#d6212b","mode":"tram","arr":["44","162","163","178","N110"],"busLines":"162, 163, 178, N110","angle":60.1,"extra":1}},{"type":"Feature","geometry":{"type":"Point","coordinates":[26.051196,44.458448]},"properties":{"lines":"44","color":"#d6212b","mode":"tram","arr":["44","162","163","178","N110"],"busLines":"162, 163, 178, N110","angle":28.7,"extra":1}},{"type":"Feature","geometry":{"type":"Point","coordinates":[26.039954,44.464223]},"properties":{"lines":"44","color":"#d6212b","mode":"tram","arr":["44","162","163","178","N110"],"busLines":"162, 163, 178, N110","angle":37.5,"extra":1}},{"type":"Feature","geometry":{"type":"Point","coordinates":[26.034058,44.466755]},"properties":{"lines":"44","color":"#d6212b","mode":"tram","arr":["44","162","163","178","N110"],"busLines":"162, 163, 178, N110","angle":22.8,"extra":1}},{"type":"Feature","geometry":{"type":"Point","coordinates":[26.027704,44.468725]},"properties":{"lines":"44","color":"#d6212b","mode":"tram","arr":["44","162","163","178","N110"],"busLines":"162, 163, 178, N110","angle":23.5,"extra":1}},{"type":"Feature","geometry":{"type":"Point","coordinates":[26.034939,44.480303]},"properties":{"lines":"53","color":"#d6212b","mode":"tram","arr":["53","N113"],"busLines":"N113","angle":29.2}},{"type":"Feature","geometry":{"type":"Point","coordinates":[26.02651,44.483685]},"properties":{"lines":"53","color":"#d6212b","mode":"tram","arr":["53","N113"],"busLines":"N113","angle":29.5,"extra":1}},{"type":"Feature","geometry":{"type":"Point","coordinates":[26.03859,44.478841]},"properties":{"lines":"53","color":"#d6212b","mode":"tram","arr":["53","N113"],"busLines":"N113","angle":29.4,"extra":1}},{"type":"Feature","geometry":{"type":"Point","coordinates":[26.044747,44.476681]},"properties":{"lines":"53","color":"#d6212b","mode":"tram","arr":["53","N113"],"busLines":"N113","angle":-3.6,"extra":1}},{"type":"Feature","geometry":{"type":"Point","coordinates":[26.03421,44.480627]},"properties":{"lines":"53","color":"#d6212b","mode":"tram","arr":["53","N113"],"busLines":"N113","angle":28.7}},{"type":"Feature","geometry":{"type":"Point","coordinates":[26.04265,44.477247]},"properties":{"lines":"53","color":"#d6212b","mode":"tram","arr":["53","N113"],"busLines":"N113","angle":29.4,"extra":1}},{"type":"Feature","geometry":{"type":"Point","coordinates":[26.030571,44.482092]},"properties":{"lines":"53","color":"#d6212b","mode":"tram","arr":["53","N113"],"busLines":"N113","angle":29,"extra":1}},{"type":"Feature","geometry":{"type":"Point","coordinates":[26.024534,44.484516]},"properties":{"lines":"53","color":"#d6212b","mode":"tram","arr":["53","N113"],"busLines":"N113","angle":29.5,"extra":1}},{"type":"Feature","geometry":{"type":"Point","coordinates":[26.098297,44.401188]},"properties":{"lines":"54","color":"#d6212b","mode":"tram","arr":["54","619"],"busLines":"619","angle":-11.1}},{"type":"Feature","geometry":{"type":"Point","coordinates":[26.084511,44.381777]},"properties":{"lines":"54","color":"#d6212b","mode":"tram","arr":["54","216","220"],"busLines":"216, 220","angle":42.3}},{"type":"Feature","geometry":{"type":"Point","coordinates":[26.088435,44.379266]},"properties":{"lines":"54","color":"#d6212b","mode":"tram","arr":["54","216","220"],"busLines":"216, 220","angle":10.5,"extra":1}},{"type":"Feature","geometry":{"type":"Point","coordinates":[26.07888,44.38593]},"properties":{"lines":"54","color":"#d6212b","mode":"tram","arr":["54","216","220"],"busLines":"216, 220","angle":35.9,"extra":1}},{"type":"Feature","geometry":{"type":"Point","coordinates":[26.077907,44.38641]},"properties":{"lines":"54","color":"#d6212b","mode":"tram","arr":["54","139","141","216","220","323","N118"],"busLines":"139, 141, 216, 220, 323, N118","angle":-79.9}},{"type":"Feature","geometry":{"type":"Point","coordinates":[26.097576,44.402915]},"properties":{"lines":"54","color":"#d6212b","mode":"tram","arr":["54"],"angle":-13.7}},{"type":"Feature","geometry":{"type":"Point","coordinates":[26.083125,44.449189]},"properties":{"lines":"M1","color":"#F8C301","mode":"tram","arr":["M1"],"metro":1,"angle":-66}},{"type":"Feature","geometry":{"type":"Point","coordinates":[26.16128,44.413555]},"properties":{"lines":"M1","color":"#F8C301","mode":"tram","arr":["M1"],"metro":1,"angle":6.4,"extra":1}},{"type":"Feature","geometry":{"type":"Point","coordinates":[26.164767,44.416646]},"properties":{"lines":"M1","color":"#F8C301","mode":"tram","arr":["M1"],"metro":1,"angle":85.2,"extra":1}},{"type":"Feature","geometry":{"type":"Point","coordinates":[26.163876,44.421542]},"properties":{"lines":"M1","color":"#F8C301","mode":"tram","arr":["M1"],"metro":1,"angle":79.8,"extra":1}},{"type":"Feature","geometry":{"type":"Point","coordinates":[26.162486,44.426387]},"properties":{"lines":"M1","color":"#F8C301","mode":"tram","arr":["M1"],"metro":1,"angle":79,"extra":1}},{"type":"Feature","geometry":{"type":"Point","coordinates":[26.165573,44.429938]},"properties":{"lines":"M1","color":"#F8C301","mode":"tram","arr":["M1"],"metro":1,"angle":-14.7,"extra":1}},{"type":"Feature","geometry":{"type":"Point","coordinates":[26.168649,44.433981]},"properties":{"lines":"M1","color":"#F8C301","mode":"tram","arr":["M1"],"metro":1,"angle":-74.2,"extra":1}},{"type":"Feature","geometry":{"type":"Point","coordinates":[26.172898,44.436565]},"properties":{"lines":"M1","color":"#F8C301","mode":"tram","arr":["M1"],"metro":1,"angle":16.4,"extra":1}},{"type":"Feature","geometry":{"type":"Point","coordinates":[26.179533,44.435146]},"properties":{"lines":"M1","color":"#F8C301","mode":"tram","arr":["M1"],"metro":1,"angle":14.1,"extra":1}},{"type":"Feature","geometry":{"type":"Point","coordinates":[26.186149,44.434033]},"properties":{"lines":"M1","color":"#F8C301","mode":"tram","arr":["M1"],"metro":1,"angle":37.3,"extra":1}},{"type":"Feature","geometry":{"type":"Point","coordinates":[26.192211,44.433555]},"properties":{"lines":"M1","color":"#F8C301","mode":"tram","arr":["M1"],"metro":1,"angle":-58.5,"extra":1}},{"type":"Feature","geometry":{"type":"Point","coordinates":[26.195947,44.437719]},"properties":{"lines":"M1","color":"#F8C301","mode":"tram","arr":["M1"],"metro":1,"angle":-56.5,"extra":1}},{"type":"Feature","geometry":{"type":"Point","coordinates":[26.138199,44.423517]},"properties":{"lines":"M1","color":"#F8C301","mode":"tram","arr":["M1"],"metro":1,"angle":74.4,"extra":1}},{"type":"Feature","geometry":{"type":"Point","coordinates":[26.138696,44.428377]},"properties":{"lines":"M1","color":"#F8C301","mode":"tram","arr":["M1"],"metro":1,"angle":-73.7,"extra":1}},{"type":"Feature","geometry":{"type":"Point","coordinates":[26.138153,44.433175]},"properties":{"lines":"M1","color":"#F8C301","mode":"tram","arr":["M1"],"metro":1,"angle":70.5,"extra":1}},{"type":"Feature","geometry":{"type":"Point","coordinates":[26.136063,44.437884]},"properties":{"lines":"M1","color":"#F8C301","mode":"tram","arr":["M1"],"metro":1,"angle":64.1,"extra":1}},{"type":"Feature","geometry":{"type":"Point","coordinates":[26.132107,44.441883]},"properties":{"lines":"M1","color":"#F8C301","mode":"tram","arr":["M1"],"metro":1,"angle":45,"extra":1}},{"type":"Feature","geometry":{"type":"Point","coordinates":[26.127233,44.445349]},"properties":{"lines":"M1","color":"#F8C301","mode":"tram","arr":["M1"],"metro":1,"angle":60.1,"extra":1}},{"type":"Feature","geometry":{"type":"Point","coordinates":[26.124301,44.449768]},"properties":{"lines":"M1","color":"#F8C301","mode":"tram","arr":["M1"],"metro":1,"angle":54.3,"extra":1}},{"type":"Feature","geometry":{"type":"Point","coordinates":[26.118479,44.452275]},"properties":{"lines":"M1","color":"#F8C301","mode":"tram","arr":["M1"],"metro":1,"angle":17.5,"extra":1}},{"type":"Feature","geometry":{"type":"Point","coordinates":[26.111606,44.452803]},"properties":{"lines":"M1","color":"#F8C301","mode":"tram","arr":["M1"],"metro":1,"angle":1.7,"extra":1}},{"type":"Feature","geometry":{"type":"Point","coordinates":[26.104682,44.452951]},"properties":{"lines":"M1","color":"#F8C301","mode":"tram","arr":["M1"],"metro":1,"angle":1.2,"extra":1}},{"type":"Feature","geometry":{"type":"Point","coordinates":[26.097761,44.452817]},"properties":{"lines":"M1","color":"#F8C301","mode":"tram","arr":["M1"],"metro":1,"angle":-6.3,"extra":1}},{"type":"Feature","geometry":{"type":"Point","coordinates":[26.090875,44.452275]},"properties":{"lines":"M1","color":"#F8C301","mode":"tram","arr":["M1"],"metro":1,"angle":-6.3,"extra":1}},{"type":"Feature","geometry":{"type":"Point","coordinates":[26.074102,44.448126]},"properties":{"lines":"M1","color":"#F8C301","mode":"tram","arr":["M1"],"metro":1,"angle":30.2,"extra":1}},{"type":"Feature","geometry":{"type":"Point","coordinates":[26.068324,44.450814]},"properties":{"lines":"M1","color":"#F8C301","mode":"tram","arr":["M1"],"metro":1,"angle":41.7,"extra":1}},{"type":"Feature","geometry":{"type":"Point","coordinates":[26.063192,44.454136]},"properties":{"lines":"M1","color":"#F8C301","mode":"tram","arr":["M1"],"metro":1,"angle":44,"extra":1}},{"type":"Feature","geometry":{"type":"Point","coordinates":[26.056791,44.45389]},"properties":{"lines":"M1","color":"#F8C301","mode":"tram","arr":["M1"],"metro":1,"angle":-7,"extra":1}},{"type":"Feature","geometry":{"type":"Point","coordinates":[26.049915,44.453297]},"properties":{"lines":"M1","color":"#F8C301","mode":"tram","arr":["M1"],"metro":1,"angle":-8,"extra":1}},{"type":"Feature","geometry":{"type":"Point","coordinates":[26.044673,44.450242]},"properties":{"lines":"M1","color":"#F8C301","mode":"tram","arr":["M1"],"metro":1,"angle":-41.5,"extra":1}},{"type":"Feature","geometry":{"type":"Point","coordinates":[26.040696,44.446904]},"properties":{"lines":"M1","color":"#F8C301","mode":"tram","arr":["M1"],"metro":1,"angle":50.7,"extra":1}},{"type":"Feature","geometry":{"type":"Point","coordinates":[26.047159,44.445287]},"properties":{"lines":"M1","color":"#F8C301","mode":"tram","arr":["M1"],"metro":1,"angle":14.7,"extra":1}},{"type":"Feature","geometry":{"type":"Point","coordinates":[26.053837,44.443974]},"properties":{"lines":"M1","color":"#F8C301","mode":"tram","arr":["M1"],"metro":1,"angle":15.4,"extra":1}},{"type":"Feature","geometry":{"type":"Point","coordinates":[26.060526,44.442689]},"properties":{"lines":"M1","color":"#F8C301","mode":"tram","arr":["M1"],"metro":1,"angle":16.4,"extra":1}},{"type":"Feature","geometry":{"type":"Point","coordinates":[26.066324,44.440081]},"properties":{"lines":"M1","color":"#F8C301","mode":"tram","arr":["M1"],"metro":1,"angle":37.9,"extra":1}},{"type":"Feature","geometry":{"type":"Point","coordinates":[26.07182,44.43707]},"properties":{"lines":"M1","color":"#F8C301","mode":"tram","arr":["M1"],"metro":1,"angle":37,"extra":1}},{"type":"Feature","geometry":{"type":"Point","coordinates":[26.051158,44.444544]},"properties":{"lines":"M1","color":"#F8C301","mode":"tram","arr":["M1"],"metro":1,"angle":15.5}},{"type":"Feature","geometry":{"type":"Point","coordinates":[26.099607,44.429241]},"properties":{"lines":"M1","color":"#F8C301","mode":"tram","arr":["M1"],"metro":1,"angle":12,"extra":1}},{"type":"Feature","geometry":{"type":"Point","coordinates":[26.094143,44.431682]},"properties":{"lines":"M1","color":"#F8C301","mode":"tram","arr":["M1"],"metro":1,"angle":51.8,"extra":1}},{"type":"Feature","geometry":{"type":"Point","coordinates":[26.087926,44.433244]},"properties":{"lines":"M1","color":"#F8C301","mode":"tram","arr":["M1"],"metro":1,"angle":5.2,"extra":1}},{"type":"Feature","geometry":{"type":"Point","coordinates":[26.081028,44.43369]},"properties":{"lines":"M1","color":"#F8C301","mode":"tram","arr":["M1"],"metro":1,"angle":5.1,"extra":1}},{"type":"Feature","geometry":{"type":"Point","coordinates":[26.074634,44.435471]},"properties":{"lines":"M1","color":"#F8C301","mode":"tram","arr":["M1"],"metro":1,"angle":30.3,"extra":1}},{"type":"Feature","geometry":{"type":"Point","coordinates":[26.069222,44.438532]},"properties":{"lines":"M1","color":"#F8C301","mode":"tram","arr":["M1"],"metro":1,"angle":38.1,"extra":1}},{"type":"Feature","geometry":{"type":"Point","coordinates":[26.063777,44.44159]},"properties":{"lines":"M1","color":"#F8C301","mode":"tram","arr":["M1"],"metro":1,"angle":38.2,"extra":1}},{"type":"Feature","geometry":{"type":"Point","coordinates":[26.057384,44.443327]},"properties":{"lines":"M1","color":"#F8C301","mode":"tram","arr":["M1"],"metro":1,"angle":15.2,"extra":1}},{"type":"Feature","geometry":{"type":"Point","coordinates":[26.044017,44.445927]},"properties":{"lines":"M1","color":"#F8C301","mode":"tram","arr":["M1"],"metro":1,"angle":14.6,"extra":1}},{"type":"Feature","geometry":{"type":"Point","coordinates":[26.041773,44.448742]},"properties":{"lines":"M1","color":"#F8C301","mode":"tram","arr":["M1"],"metro":1,"angle":-32,"extra":1}},{"type":"Feature","geometry":{"type":"Point","coordinates":[26.047109,44.451865]},"properties":{"lines":"M1","color":"#F8C301","mode":"tram","arr":["M1"],"metro":1,"angle":-45.2,"extra":1}},{"type":"Feature","geometry":{"type":"Point","coordinates":[26.053258,44.453564]},"properties":{"lines":"M1","color":"#F8C301","mode":"tram","arr":["M1"],"metro":1,"angle":-7.1,"extra":1}},{"type":"Feature","geometry":{"type":"Point","coordinates":[26.060027,44.454476]},"properties":{"lines":"M1","color":"#F8C301","mode":"tram","arr":["M1"],"metro":1,"angle":-21.2,"extra":1}},{"type":"Feature","geometry":{"type":"Point","coordinates":[26.065674,44.452475]},"properties":{"lines":"M1","color":"#F8C301","mode":"tram","arr":["M1"],"metro":1,"angle":42,"extra":1}},{"type":"Feature","geometry":{"type":"Point","coordinates":[26.071009,44.449351]},"properties":{"lines":"M1","color":"#F8C301","mode":"tram","arr":["M1"],"metro":1,"angle":30.3,"extra":1}},{"type":"Feature","geometry":{"type":"Point","coordinates":[26.077115,44.447022]},"properties":{"lines":"M1","color":"#F8C301","mode":"tram","arr":["M1"],"metro":1,"angle":26.4,"extra":1}},{"type":"Feature","geometry":{"type":"Point","coordinates":[26.12642,44.411587]},"properties":{"lines":"M1, M3","color":"#7d2b8b","mode":"tram","arr":["M1","M3"],"metro":1,"angle":-35.6}},{"type":"Feature","geometry":{"type":"Point","coordinates":[26.104141,44.425804]},"properties":{"lines":"M1, M3","color":"#7d2b8b","mode":"tram","arr":["M1","M3"],"metro":1,"angle":4.6,"extra":1}},{"type":"Feature","geometry":{"type":"Point","coordinates":[26.109314,44.423557]},"properties":{"lines":"M1, M3","color":"#7d2b8b","mode":"tram","arr":["M1","M3"],"metro":1,"angle":74.1,"extra":1}},{"type":"Feature","geometry":{"type":"Point","coordinates":[26.111373,44.418848]},"properties":{"lines":"M1, M3","color":"#7d2b8b","mode":"tram","arr":["M1","M3"],"metro":1,"angle":57,"extra":1}},{"type":"Feature","geometry":{"type":"Point","coordinates":[26.115601,44.414931]},"properties":{"lines":"M1, M3","color":"#7d2b8b","mode":"tram","arr":["M1","M3"],"metro":1,"angle":52.9,"extra":1}},{"type":"Feature","geometry":{"type":"Point","coordinates":[26.119852,44.411027]},"properties":{"lines":"M1, M3","color":"#7d2b8b","mode":"tram","arr":["M1","M3"],"metro":1,"angle":47,"extra":1}},{"type":"Feature","geometry":{"type":"Point","coordinates":[26.131458,44.414292]},"properties":{"lines":"M1, M3","color":"#7d2b8b","mode":"tram","arr":["M1","M3"],"metro":1,"angle":-43.9,"extra":1}},{"type":"Feature","geometry":{"type":"Point","coordinates":[26.135406,44.418284]},"properties":{"lines":"M1, M3","color":"#7d2b8b","mode":"tram","arr":["M1","M3"],"metro":1,"angle":-68,"extra":1}},{"type":"Feature","geometry":{"type":"Point","coordinates":[26.141036,44.419279]},"properties":{"lines":"M1, M3","color":"#7d2b8b","mode":"tram","arr":["M1","M3"],"metro":1,"angle":18.6,"extra":1}},{"type":"Feature","geometry":{"type":"Point","coordinates":[26.147507,44.41753]},"properties":{"lines":"M1, M3","color":"#7d2b8b","mode":"tram","arr":["M1","M3"],"metro":1,"angle":27.7,"extra":1}},{"type":"Feature","geometry":{"type":"Point","coordinates":[26.153542,44.415103]},"properties":{"lines":"M1, M3","color":"#7d2b8b","mode":"tram","arr":["M1","M3"],"metro":1,"angle":30.1,"extra":1}},{"type":"Feature","geometry":{"type":"Point","coordinates":[26.102163,44.427269]},"properties":{"lines":"M1, M3","color":"#7d2b8b","mode":"tram","arr":["M1","M3"],"metro":1,"angle":58.6}},{"type":"Feature","geometry":{"type":"Point","coordinates":[26.080024,44.433706]},"properties":{"lines":"M1, M3","color":"#7d2b8b","mode":"tram","arr":["M1","M3"],"metro":1,"angle":11,"extra":1}},{"type":"Feature","geometry":{"type":"Point","coordinates":[26.086923,44.433267]},"properties":{"lines":"M1, M3","color":"#7d2b8b","mode":"tram","arr":["M1","M3"],"metro":1,"angle":4.7,"extra":1}},{"type":"Feature","geometry":{"type":"Point","coordinates":[26.093525,44.432194]},"properties":{"lines":"M1, M3","color":"#7d2b8b","mode":"tram","arr":["M1","M3"],"metro":1,"angle":48.8,"extra":1}},{"type":"Feature","geometry":{"type":"Point","coordinates":[26.09861,44.429285]},"properties":{"lines":"M1, M3","color":"#7d2b8b","mode":"tram","arr":["M1","M3"],"metro":1,"angle":3.4,"extra":1}},{"type":"Feature","geometry":{"type":"Point","coordinates":[26.108985,44.424175]},"properties":{"lines":"M1, M3","color":"#7d2b8b","mode":"tram","arr":["M1","M3"],"metro":1,"angle":74.4,"extra":1}},{"type":"Feature","geometry":{"type":"Point","coordinates":[26.110916,44.419426]},"properties":{"lines":"M1, M3","color":"#7d2b8b","mode":"tram","arr":["M1","M3"],"metro":1,"angle":70.1,"extra":1}},{"type":"Feature","geometry":{"type":"Point","coordinates":[26.115005,44.415449]},"properties":{"lines":"M1, M3","color":"#7d2b8b","mode":"tram","arr":["M1","M3"],"metro":1,"angle":52.9,"extra":1}},{"type":"Feature","geometry":{"type":"Point","coordinates":[26.075965,44.43476]},"properties":{"lines":"M1, M3, M5","color":"#7d2b8b","mode":"tram","arr":["M1","M3","M5"],"metro":1,"angle":27.8}},{"type":"Feature","geometry":{"type":"Point","coordinates":[26.10019,44.41089]},"properties":{"lines":"M2","color":"#495676","mode":"tram","arr":["M2"],"metro":1,"angle":-45.8}},{"type":"Feature","geometry":{"type":"Point","coordinates":[26.101911,44.479401]},"properties":{"lines":"M2","color":"#495676","mode":"tram","arr":["M2"],"metro":1,"angle":1.1,"extra":1}},{"type":"Feature","geometry":{"type":"Point","coordinates":[26.108478,44.47845]},"properties":{"lines":"M2","color":"#495676","mode":"tram","arr":["M2"],"metro":1,"angle":-5.7,"extra":1}},{"type":"Feature","geometry":{"type":"Point","coordinates":[26.114961,44.480168]},"properties":{"lines":"M2","color":"#495676","mode":"tram","arr":["M2"],"metro":1,"angle":-22.1,"extra":1}},{"type":"Feature","geometry":{"type":"Point","coordinates":[26.093538,44.476581]},"properties":{"lines":"M2","color":"#495676","mode":"tram","arr":["M2"],"metro":1,"angle":-45.3,"extra":1}},{"type":"Feature","geometry":{"type":"Point","coordinates":[26.088693,44.473161]},"properties":{"lines":"M2","color":"#495676","mode":"tram","arr":["M2"],"metro":1,"angle":-48.6,"extra":1}},{"type":"Feature","geometry":{"type":"Point","coordinates":[26.087164,44.468361]},"properties":{"lines":"M2","color":"#495676","mode":"tram","arr":["M2"],"metro":1,"angle":-80.1,"extra":1}},{"type":"Feature","geometry":{"type":"Point","coordinates":[26.086502,44.463445]},"properties":{"lines":"M2","color":"#495676","mode":"tram","arr":["M2"],"metro":1,"angle":-87.6,"extra":1}},{"type":"Feature","geometry":{"type":"Point","coordinates":[26.086274,44.458501]},"properties":{"lines":"M2","color":"#495676","mode":"tram","arr":["M2"],"metro":1,"angle":-89.1,"extra":1}},{"type":"Feature","geometry":{"type":"Point","coordinates":[26.086197,44.453555]},"properties":{"lines":"M2","color":"#495676","mode":"tram","arr":["M2"],"metro":1,"angle":86.5,"extra":1}},{"type":"Feature","geometry":{"type":"Point","coordinates":[26.090796,44.450177]},"properties":{"lines":"M2","color":"#495676","mode":"tram","arr":["M2"],"metro":1,"angle":35.8,"extra":1}},{"type":"Feature","geometry":{"type":"Point","coordinates":[26.096443,44.447312]},"properties":{"lines":"M2","color":"#495676","mode":"tram","arr":["M2"],"metro":1,"angle":35.6,"extra":1}},{"type":"Feature","geometry":{"type":"Point","coordinates":[26.09901,44.442785]},"properties":{"lines":"M2","color":"#495676","mode":"tram","arr":["M2"],"metro":1,"angle":70.9,"extra":1}},{"type":"Feature","geometry":{"type":"Point","coordinates":[26.101301,44.438117]},"properties":{"lines":"M2","color":"#495676","mode":"tram","arr":["M2"],"metro":1,"angle":70.6,"extra":1}},{"type":"Feature","geometry":{"type":"Point","coordinates":[26.103289,44.433387]},"properties":{"lines":"M2","color":"#495676","mode":"tram","arr":["M2"],"metro":1,"angle":76.4,"extra":1}},{"type":"Feature","geometry":{"type":"Point","coordinates":[26.104043,44.428494]},"properties":{"lines":"M2","color":"#495676","mode":"tram","arr":["M2"],"metro":1,"angle":85.8,"extra":1}},{"type":"Feature","geometry":{"type":"Point","coordinates":[26.10433,44.423554]},"properties":{"lines":"M2","color":"#495676","mode":"tram","arr":["M2"],"metro":1,"angle":89,"extra":1}},{"type":"Feature","geometry":{"type":"Point","coordinates":[26.104446,44.418608]},"properties":{"lines":"M2","color":"#495676","mode":"tram","arr":["M2"],"metro":1,"angle":89,"extra":1}},{"type":"Feature","geometry":{"type":"Point","coordinates":[26.104357,44.413691]},"properties":{"lines":"M2","color":"#495676","mode":"tram","arr":["M2"],"metro":1,"angle":-60.7,"extra":1}},{"type":"Feature","geometry":{"type":"Point","coordinates":[26.095863,44.406249]},"properties":{"lines":"M2","color":"#495676","mode":"tram","arr":["M2"],"metro":1,"angle":86,"extra":1}},{"type":"Feature","geometry":{"type":"Point","coordinates":[26.098864,44.401919]},"properties":{"lines":"M2","color":"#495676","mode":"tram","arr":["M2"],"metro":1,"angle":46.4,"extra":1}},{"type":"Feature","geometry":{"type":"Point","coordinates":[26.105188,44.399973]},"properties":{"lines":"M2","color":"#495676","mode":"tram","arr":["M2"],"metro":1,"angle":20.7,"extra":1}},{"type":"Feature","geometry":{"type":"Point","coordinates":[26.111426,44.397834]},"properties":{"lines":"M2","color":"#495676","mode":"tram","arr":["M2"],"metro":1,"angle":27.3,"extra":1}},{"type":"Feature","geometry":{"type":"Point","coordinates":[26.117465,44.395411]},"properties":{"lines":"M2","color":"#495676","mode":"tram","arr":["M2"],"metro":1,"angle":29.5,"extra":1}},{"type":"Feature","geometry":{"type":"Point","coordinates":[26.122874,44.392461]},"properties":{"lines":"M2","color":"#495676","mode":"tram","arr":["M2"],"metro":1,"angle":57.8,"extra":1}},{"type":"Feature","geometry":{"type":"Point","coordinates":[26.126596,44.388293]},"properties":{"lines":"M2","color":"#495676","mode":"tram","arr":["M2"],"metro":1,"angle":56.2,"extra":1}},{"type":"Feature","geometry":{"type":"Point","coordinates":[26.130483,44.384199]},"properties":{"lines":"M2","color":"#495676","mode":"tram","arr":["M2"],"metro":1,"angle":55.9,"extra":1}},{"type":"Feature","geometry":{"type":"Point","coordinates":[26.134405,44.380122]},"properties":{"lines":"M2","color":"#495676","mode":"tram","arr":["M2"],"metro":1,"angle":53.6,"extra":1}},{"type":"Feature","geometry":{"type":"Point","coordinates":[26.137868,44.375843]},"properties":{"lines":"M2","color":"#495676","mode":"tram","arr":["M2"],"metro":1,"angle":60.9,"extra":1}},{"type":"Feature","geometry":{"type":"Point","coordinates":[26.141395,44.371587]},"properties":{"lines":"M2","color":"#495676","mode":"tram","arr":["M2"],"metro":1,"angle":58.9,"extra":1}},{"type":"Feature","geometry":{"type":"Point","coordinates":[26.144764,44.367266]},"properties":{"lines":"M2","color":"#495676","mode":"tram","arr":["M2"],"metro":1,"angle":61.6,"extra":1}},{"type":"Feature","geometry":{"type":"Point","coordinates":[26.148052,44.362914]},"properties":{"lines":"M2","color":"#495676","mode":"tram","arr":["M2"],"metro":1,"angle":61.3,"extra":1}},{"type":"Feature","geometry":{"type":"Point","coordinates":[26.151371,44.358572]},"properties":{"lines":"M2","color":"#495676","mode":"tram","arr":["M2"],"metro":1,"angle":61.8,"extra":1}},{"type":"Feature","geometry":{"type":"Point","coordinates":[26.154602,44.3542]},"properties":{"lines":"M2","color":"#495676","mode":"tram","arr":["M2"],"metro":1,"angle":61.4,"extra":1}},{"type":"Feature","geometry":{"type":"Point","coordinates":[26.157931,44.349862]},"properties":{"lines":"M2","color":"#495676","mode":"tram","arr":["M2"],"metro":1,"angle":61.1,"extra":1}},{"type":"Feature","geometry":{"type":"Point","coordinates":[26.035215,44.434385]},"properties":{"lines":"M3","color":"#DA251C","mode":"tram","arr":["M3"],"metro":1,"angle":-0.6}},{"type":"Feature","geometry":{"type":"Point","coordinates":[26.204966,44.405618]},"properties":{"lines":"M3","color":"#DA251C","mode":"tram","arr":["M3"],"metro":1,"angle":9.4,"extra":1}},{"type":"Feature","geometry":{"type":"Point","coordinates":[26.198188,44.406632]},"properties":{"lines":"M3","color":"#DA251C","mode":"tram","arr":["M3"],"metro":1,"angle":12.8,"extra":1}},{"type":"Feature","geometry":{"type":"Point","coordinates":[26.191432,44.407724]},"properties":{"lines":"M3","color":"#DA251C","mode":"tram","arr":["M3"],"metro":1,"angle":12.7,"extra":1}},{"type":"Feature","geometry":{"type":"Point","coordinates":[26.184676,44.408818]},"properties":{"lines":"M3","color":"#DA251C","mode":"tram","arr":["M3"],"metro":1,"angle":12.8,"extra":1}},{"type":"Feature","geometry":{"type":"Point","coordinates":[26.177904,44.409856]},"properties":{"lines":"M3","color":"#DA251C","mode":"tram","arr":["M3"],"metro":1,"angle":11.2,"extra":1}},{"type":"Feature","geometry":{"type":"Point","coordinates":[26.171165,44.410994]},"properties":{"lines":"M3","color":"#DA251C","mode":"tram","arr":["M3"],"metro":1,"angle":17.6,"extra":1}},{"type":"Feature","geometry":{"type":"Point","coordinates":[26.164681,44.412732]},"properties":{"lines":"M3","color":"#DA251C","mode":"tram","arr":["M3"],"metro":1,"angle":21.8,"extra":1}},{"type":"Feature","geometry":{"type":"Point","coordinates":[26.158008,44.413833]},"properties":{"lines":"M3","color":"#DA251C","mode":"tram","arr":["M3"],"metro":1,"angle":-1.2,"extra":1}},{"type":"Feature","geometry":{"type":"Point","coordinates":[26.074256,44.435563]},"properties":{"lines":"M3","color":"#DA251C","mode":"tram","arr":["M3"],"metro":1,"angle":30.2,"extra":1}},{"type":"Feature","geometry":{"type":"Point","coordinates":[26.06849,44.438235]},"properties":{"lines":"M3","color":"#DA251C","mode":"tram","arr":["M3"],"metro":1,"angle":17.8,"extra":1}},{"type":"Feature","geometry":{"type":"Point","coordinates":[26.061861,44.438513]},"properties":{"lines":"M3","color":"#DA251C","mode":"tram","arr":["M3"],"metro":1,"angle":-30.5,"extra":1}},{"type":"Feature","geometry":{"type":"Point","coordinates":[26.056233,44.435642]},"properties":{"lines":"M3","color":"#DA251C","mode":"tram","arr":["M3"],"metro":1,"angle":-38.4,"extra":1}},{"type":"Feature","geometry":{"type":"Point","coordinates":[26.049831,44.43443]},"properties":{"lines":"M3","color":"#DA251C","mode":"tram","arr":["M3"],"metro":1,"angle":0.8,"extra":1}},{"type":"Feature","geometry":{"type":"Point","coordinates":[26.042905,44.434441]},"properties":{"lines":"M3","color":"#DA251C","mode":"tram","arr":["M3"],"metro":1,"angle":-0.9,"extra":1}},{"type":"Feature","geometry":{"type":"Point","coordinates":[26.029052,44.43432]},"properties":{"lines":"M3","color":"#DA251C","mode":"tram","arr":["M3"],"metro":1,"angle":-1.1,"extra":1}},{"type":"Feature","geometry":{"type":"Point","coordinates":[26.022126,44.434228]},"properties":{"lines":"M3","color":"#DA251C","mode":"tram","arr":["M3"],"metro":1,"angle":-1.1,"extra":1}},{"type":"Feature","geometry":{"type":"Point","coordinates":[26.015203,44.434063]},"properties":{"lines":"M3","color":"#DA251C","mode":"tram","arr":["M3"],"metro":1,"angle":-2.1,"extra":1}},{"type":"Feature","geometry":{"type":"Point","coordinates":[26.008279,44.433925]},"properties":{"lines":"M3","color":"#DA251C","mode":"tram","arr":["M3"],"metro":1,"angle":-0.9,"extra":1}},{"type":"Feature","geometry":{"type":"Point","coordinates":[26.001353,44.43389]},"properties":{"lines":"M3","color":"#DA251C","mode":"tram","arr":["M3"],"metro":1,"angle":-5.3,"extra":1}},{"type":"Feature","geometry":{"type":"Point","coordinates":[25.995879,44.431088]},"properties":{"lines":"M3","color":"#DA251C","mode":"tram","arr":["M3"],"metro":1,"angle":-26.3,"extra":1}},{"type":"Feature","geometry":{"type":"Point","coordinates":[26.047796,44.474273]},"properties":{"lines":"M4","color":"#3C746B","mode":"tram","arr":["M4"],"metro":1,"angle":65.2}},{"type":"Feature","geometry":{"type":"Point","coordinates":[26.027391,44.500254]},"properties":{"lines":"M4","color":"#3C746B","mode":"tram","arr":["M4"],"metro":1,"angle":60.8,"extra":1}},{"type":"Feature","geometry":{"type":"Point","coordinates":[26.030754,44.49593]},"properties":{"lines":"M4","color":"#3C746B","mode":"tram","arr":["M4"],"metro":1,"angle":60.4,"extra":1}},{"type":"Feature","geometry":{"type":"Point","coordinates":[26.033908,44.491532]},"properties":{"lines":"M4","color":"#3C746B","mode":"tram","arr":["M4"],"metro":1,"angle":65.9,"extra":1}},{"type":"Feature","geometry":{"type":"Point","coordinates":[26.037223,44.48719]},"properties":{"lines":"M4","color":"#3C746B","mode":"tram","arr":["M4"],"metro":1,"angle":60.8,"extra":1}},{"type":"Feature","geometry":{"type":"Point","coordinates":[26.04063,44.482886]},"properties":{"lines":"M4","color":"#3C746B","mode":"tram","arr":["M4"],"metro":1,"angle":57.7,"extra":1}},{"type":"Feature","geometry":{"type":"Point","coordinates":[26.044007,44.478568]},"properties":{"lines":"M4","color":"#3C746B","mode":"tram","arr":["M4"],"metro":1,"angle":61,"extra":1}},{"type":"Feature","geometry":{"type":"Point","coordinates":[26.051028,44.470162]},"properties":{"lines":"M4","color":"#3C746B","mode":"tram","arr":["M4"],"metro":1,"angle":60.3,"extra":1}},{"type":"Feature","geometry":{"type":"Point","coordinates":[26.054398,44.465841]},"properties":{"lines":"M4","color":"#3C746B","mode":"tram","arr":["M4"],"metro":1,"angle":60.9,"extra":1}},{"type":"Feature","geometry":{"type":"Point","coordinates":[26.057778,44.461523]},"properties":{"lines":"M4","color":"#3C746B","mode":"tram","arr":["M4"],"metro":1,"angle":60.5,"extra":1}},{"type":"Feature","geometry":{"type":"Point","coordinates":[26.061037,44.457159]},"properties":{"lines":"M4","color":"#3C746B","mode":"tram","arr":["M4"],"metro":1,"angle":60.7,"extra":1}},{"type":"Feature","geometry":{"type":"Point","coordinates":[26.064918,44.453126]},"properties":{"lines":"M4","color":"#3C746B","mode":"tram","arr":["M4"],"metro":1,"angle":42.2,"extra":1}},{"type":"Feature","geometry":{"type":"Point","coordinates":[26.07001,44.449779]},"properties":{"lines":"M4","color":"#3C746B","mode":"tram","arr":["M4"],"metro":1,"angle":44,"extra":1}},{"type":"Feature","geometry":{"type":"Point","coordinates":[26.04651,44.424278]},"properties":{"lines":"M5","color":"#F7951E","mode":"tram","arr":["M5"],"metro":1,"angle":-20.6}},{"type":"Feature","geometry":{"type":"Point","coordinates":[26.073788,44.434865]},"properties":{"lines":"M5","color":"#F7951E","mode":"tram","arr":["M5"],"metro":1,"angle":-34.4,"extra":1}},{"type":"Feature","geometry":{"type":"Point","coordinates":[26.068508,44.431675]},"properties":{"lines":"M5","color":"#F7951E","mode":"tram","arr":["M5"],"metro":1,"angle":-42.2,"extra":1}},{"type":"Feature","geometry":{"type":"Point","coordinates":[26.062878,44.428991]},"properties":{"lines":"M5","color":"#F7951E","mode":"tram","arr":["M5"],"metro":1,"angle":-41.3,"extra":1}},{"type":"Feature","geometry":{"type":"Point","coordinates":[26.057435,44.426097]},"properties":{"lines":"M5","color":"#F7951E","mode":"tram","arr":["M5"],"metro":1,"angle":-9.2,"extra":1}},{"type":"Feature","geometry":{"type":"Point","coordinates":[26.050629,44.425178]},"properties":{"lines":"M5","color":"#F7951E","mode":"tram","arr":["M5"],"metro":1,"angle":-12.2,"extra":1}},{"type":"Feature","geometry":{"type":"Point","coordinates":[26.037347,44.42241]},"properties":{"lines":"M5","color":"#F7951E","mode":"tram","arr":["M5"],"metro":1,"angle":-8.2,"extra":1}},{"type":"Feature","geometry":{"type":"Point","coordinates":[26.030441,44.422388]},"properties":{"lines":"M5","color":"#F7951E","mode":"tram","arr":["M5"],"metro":1,"angle":8.6,"extra":1}},{"type":"Feature","geometry":{"type":"Point","coordinates":[26.023643,44.422885]},"properties":{"lines":"M5","color":"#F7951E","mode":"tram","arr":["M5"],"metro":1,"angle":-14.3,"extra":1}},{"type":"Feature","geometry":{"type":"Point","coordinates":[26.02021,44.41922]},"properties":{"lines":"M5","color":"#F7951E","mode":"tram","arr":["M5"],"metro":1,"angle":80.5,"extra":1}},{"type":"Feature","geometry":{"type":"Point","coordinates":[26.080682,44.449313]},"properties":{"lines":"M1","color":"#F8C301","mode":"tram","arr":["M1"],"metro":1,"angle":-37.2}},{"type":"Feature","geometry":{"type":"Point","coordinates":[26.074702,44.435016]},"properties":{"lines":"M5","color":"#F7951E","mode":"tram","arr":["M5"],"metro":1,"angle":-6.3}},{"type":"Feature","geometry":{"type":"Point","coordinates":[26.074801,44.435021]},"properties":{"lines":"M5","color":"#F7951E","mode":"tram","arr":["M5"],"metro":1,"angle":0.7}}]}